<?xml version="1.0" encoding="UTF-8"?>
<list enabled="true" xmlns:xsi="http://www.w3.org/2001/XMLSchema-instance" xsi:noNamespaceSchemaLocation="../xsd/spawns.xsd">
	<spawn name="AntharasLair">
		<npc id="20620" x="135526" y="114622" z="-3721" heading="0" respawnDelay="250" />
		<npc id="20620" x="135627" y="114444" z="-3721" heading="0" respawnDelay="250" />
		<npc id="20620" x="136418" y="114807" z="-3721" heading="17539" respawnDelay="250" />
		<npc id="20620" x="137577" y="114447" z="-3721" heading="64417" respawnDelay="250" />
		<npc id="20620" x="136749" y="114218" z="-3721" heading="0" respawnDelay="250" />
		<npc id="20620" x="141016" y="114351" z="-3719" heading="36045" respawnDelay="250" />
		<npc id="20620" x="140688" y="114755" z="-3721" heading="6582" respawnDelay="250" />
		<npc id="20620" x="139710" y="114079" z="-3724" heading="0" respawnDelay="250" />
		<npc id="20620" x="140751" y="113333" z="-3721" heading="46697" respawnDelay="250" />
		<npc id="20620" x="144957" y="114438" z="-3721" heading="1489" respawnDelay="250" />
		<npc id="20620" x="143602" y="114201" z="-3723" heading="0" respawnDelay="250" />
		<npc id="20620" x="143763" y="114800" z="-3721" heading="30549" respawnDelay="250" />
		<npc id="20620" x="144630" y="114851" z="-3720" heading="63875" respawnDelay="250" />
		<npc id="20620" x="140600" y="112885" z="-3727" heading="0" respawnDelay="250" />
		<npc id="20620" x="141158" y="112817" z="-3712" heading="0" respawnDelay="250" />
		<npc id="20620" x="141775" y="112509" z="-3720" heading="0" respawnDelay="250" />
		<npc id="20620" x="141272" y="112331" z="-3648" heading="0" respawnDelay="250" />
		<npc id="20620" x="144011" y="112747" z="-3945" heading="2054" respawnDelay="250" />
		<npc id="20620" x="142971" y="111734" z="-3949" heading="0" respawnDelay="250" />
		<npc id="20620" x="142770" y="112090" z="-3949" heading="0" respawnDelay="250" />
		<npc id="20620" x="143906" y="112129" z="-3945" heading="17146" respawnDelay="250" />
		<npc id="20620" x="142768" y="108853" z="-3949" heading="60287" respawnDelay="250" />
		<npc id="20621" x="135627" y="114800" z="-3721" heading="0" respawnDelay="250" />
		<npc id="20621" x="135027" y="114337" z="-3721" heading="29413" respawnDelay="250" />
		<npc id="20621" x="135914" y="115030" z="-3725" heading="35295" respawnDelay="250" />
		<npc id="20621" x="136547" y="114218" z="-3721" heading="0" respawnDelay="250" />
		<npc id="20621" x="136648" y="114396" z="-3721" heading="0" respawnDelay="250" />
		<npc id="20621" x="137015" y="114387" z="-3721" heading="14977" respawnDelay="250" />
		<npc id="20621" x="140183" y="114047" z="-3723" heading="0" respawnDelay="250" />
		<npc id="20621" x="140701" y="115219" z="-3725" heading="14048" respawnDelay="250" />
		<npc id="20621" x="140902" y="114391" z="-3709" heading="61304" respawnDelay="250" />
		<npc id="20621" x="140719" y="113800" z="-3718" heading="2903" respawnDelay="250" />
		<npc id="20621" x="143799" y="114392" z="-3723" heading="0" respawnDelay="250" />
		<npc id="20621" x="143589" y="114524" z="-3723" heading="0" respawnDelay="250" />
		<npc id="20621" x="143794" y="114720" z="-3723" heading="0" respawnDelay="250" />
		<npc id="20621" x="144724" y="114578" z="-3710" heading="61817" respawnDelay="250" />
		<npc id="20621" x="144186" y="114705" z="-3716" heading="37270" respawnDelay="250" />
		<npc id="20621" x="148488" y="114927" z="-5473" heading="61713" respawnDelay="250" />
		<npc id="20621" x="147067" y="116810" z="-3700" heading="11114" respawnDelay="250" />
		<npc id="20621" x="146554" y="116415" z="-3721" heading="0" respawnDelay="250" />
		<npc id="20621" x="148361" y="118438" z="-3721" heading="8053" respawnDelay="250" />
		<npc id="20621" x="140775" y="112271" z="-3721" heading="48770" respawnDelay="250" />
		<npc id="20621" x="141233" y="113014" z="-3725" heading="1838" respawnDelay="250" />
		<npc id="20621" x="141574" y="112153" z="-3725" heading="0" respawnDelay="250" />
		<npc id="20621" x="141741" y="112215" z="-3720" heading="0" respawnDelay="250" />
		<npc id="20621" x="143120" y="112578" z="-3948" heading="0" respawnDelay="250" />
		<npc id="20621" x="143475" y="112268" z="-3944" heading="0" respawnDelay="250" />
		<npc id="20621" x="143183" y="112119" z="-3930" heading="43259" respawnDelay="250" />
		<npc id="20621" x="144152" y="112302" z="-3945" heading="3325" respawnDelay="250" />
		<npc id="20621" x="140273" y="119489" z="-3906" heading="21061" respawnDelay="250" />
		<npc id="20621" x="140377" y="114913" z="-3725" heading="46338" respawnDelay="250" />
		<npc id="20621" x="141021" y="118083" z="-3913" heading="57169" respawnDelay="250" />
		<npc id="20621" x="140375" y="119987" z="-3913" heading="18355" respawnDelay="250" />
		<npc id="20621" x="139831" y="118675" z="-3965" heading="0" respawnDelay="250" />
		<npc id="20622" x="148454" y="115044" z="-5473" heading="64450" respawnDelay="300" />
		<npc id="20622" x="145240" y="115385" z="-3721" heading="0" respawnDelay="300" />
		<npc id="20622" x="145727" y="115737" z="-3709" heading="10090" respawnDelay="300" />
		<npc id="20622" x="145140" y="115563" z="-3760" heading="0" respawnDelay="300" />
		<npc id="20622" x="147469" y="116342" z="-3721" heading="0" respawnDelay="300" />
		<npc id="20622" x="147268" y="116342" z="-3721" heading="0" respawnDelay="300" />
		<npc id="20622" x="146866" y="116342" z="-3721" heading="0" respawnDelay="300" />
		<npc id="20622" x="148279" y="118041" z="-3721" heading="7527" respawnDelay="300" />
		<npc id="20622" x="148202" y="117706" z="-3721" heading="16776" respawnDelay="300" />
		<npc id="20622" x="147322" y="117540" z="-3753" heading="0" respawnDelay="300" />
		<npc id="20622" x="148210" y="117493" z="-3721" heading="23306" respawnDelay="300" />
		<npc id="20622" x="142939" y="108182" z="-3949" heading="0" respawnDelay="300" />
		<npc id="20622" x="143343" y="108894" z="-3949" heading="0" respawnDelay="300" />
		<npc id="20622" x="141381" y="109140" z="-3945" heading="8305" respawnDelay="300" />
		<npc id="20622" x="140719" y="108460" z="-3940" heading="45234" respawnDelay="300" />
		<npc id="20622" x="140206" y="109919" z="-3930" heading="45586" respawnDelay="300" />
		<npc id="20622" x="140426" y="108534" z="-3948" heading="0" respawnDelay="300" />
		<npc id="20622" x="140434" y="109295" z="-3948" heading="0" respawnDelay="300" />
		<npc id="20622" x="140369" y="109574" z="-3947" heading="0" respawnDelay="300" />
		<npc id="20622" x="141152" y="109128" z="-3945" heading="0" respawnDelay="300" />
		<npc id="20622" x="140646" y="109945" z="-3933" heading="55019" respawnDelay="300" />
		<npc id="20622" x="140397" y="108178" z="-3945" heading="0" respawnDelay="300" />
		<npc id="20622" x="142266" y="107098" z="-3945" heading="0" respawnDelay="300" />
		<npc id="20622" x="142413" y="107064" z="-3949" heading="45172" respawnDelay="300" />
		<npc id="20622" x="142240" y="107300" z="-3945" heading="34259" respawnDelay="300" />
		<npc id="20622" x="142625" y="107222" z="-3945" heading="0" respawnDelay="300" />
		<npc id="20622" x="143183" y="107181" z="-3945" heading="0" respawnDelay="300" />
		<npc id="20622" x="145125" y="109237" z="-3949" heading="25929" respawnDelay="300" />
		<npc id="20622" x="145356" y="108418" z="-3949" heading="0" respawnDelay="300" />
		<npc id="20622" x="144314" y="108546" z="-3948" heading="0" respawnDelay="300" />
		<npc id="20622" x="144853" y="108596" z="-3949" heading="0" respawnDelay="300" />
		<npc id="20622" x="144551" y="107350" z="-3949" heading="0" respawnDelay="300" />
		<npc id="20622" x="145759" y="108062" z="-3949" heading="0" respawnDelay="300" />
		<npc id="20622" x="140335" y="118141" z="-3965" heading="0" respawnDelay="300" />
		<npc id="20622" x="140939" y="117429" z="-3965" heading="0" respawnDelay="300" />
		<npc id="20622" x="140739" y="118853" z="-3965" heading="0" respawnDelay="300" />
		<npc id="20622" x="140857" y="118441" z="-3918" heading="0" respawnDelay="300" />
		<npc id="20622" x="139931" y="117785" z="-3965" heading="0" respawnDelay="300" />
		<npc id="20622" x="140034" y="118319" z="-3965" heading="0" respawnDelay="300" />
		<npc id="20622" x="142830" y="116438" z="-3904" heading="1853" respawnDelay="300" />
		<npc id="20622" x="141876" y="117308" z="-3965" heading="0" respawnDelay="300" />
		<npc id="20622" x="143386" y="117130" z="-3965" heading="0" respawnDelay="300" />
		<npc id="20622" x="143286" y="116596" z="-3965" heading="0" respawnDelay="300" />
		<npc id="20622" x="142481" y="116952" z="-3965" heading="0" respawnDelay="300" />
		<npc id="20622" x="142582" y="117486" z="-3965" heading="0" respawnDelay="300" />
		<npc id="20622" x="143163" y="116355" z="-3899" heading="59927" respawnDelay="300" />
		<npc id="20622" x="142480" y="116596" z="-3965" heading="0" respawnDelay="300" />
		<npc id="20622" x="143186" y="117486" z="-3965" heading="0" respawnDelay="300" />
		<npc id="20622" x="141526" y="119058" z="-3915" heading="0" respawnDelay="300" />
		<npc id="20622" x="142060" y="118690" z="-3898" heading="0" respawnDelay="300" />
		<npc id="20622" x="142402" y="119310" z="-3913" heading="48539" respawnDelay="300" />
		<npc id="20622" x="141990" y="118789" z="-3897" heading="0" respawnDelay="300" />
		<npc id="20622" x="140760" y="120486" z="-3916" heading="0" respawnDelay="300" />
		<npc id="20622" x="140421" y="120450" z="-3913" heading="40401" respawnDelay="300" />
		<npc id="20622" x="140449" y="121811" z="-3913" heading="15279" respawnDelay="300" />
		<npc id="20622" x="141034" y="121458" z="-3963" heading="0" respawnDelay="300" />
		<npc id="20622" x="144945" y="118692" z="-3913" heading="56349" respawnDelay="300" />
		<npc id="20622" x="141725" y="121638" z="-3913" heading="30150" respawnDelay="300" />
		<npc id="20622" x="142727" y="119960" z="-3913" heading="31085" respawnDelay="300" />
		<npc id="20622" x="143074" y="120567" z="-3953" heading="0" respawnDelay="300" />
		<npc id="20622" x="143980" y="121457" z="-3953" heading="0" respawnDelay="300" />
		<npc id="20622" x="142228" y="121443" z="-3913" heading="25973" respawnDelay="300" />
		<npc id="20622" x="144281" y="121635" z="-3953" heading="0" respawnDelay="300" />
		<npc id="20622" x="142646" y="121221" z="-3913" heading="26398" respawnDelay="300" />
		<npc id="20622" x="144641" y="118863" z="-3913" heading="55285" respawnDelay="300" />
		<npc id="20622" x="142974" y="121101" z="-3953" heading="0" respawnDelay="300" />
		<npc id="20622" x="144237" y="121123" z="-3913" heading="60087" respawnDelay="300" />
		<npc id="20622" x="144286" y="119933" z="-3913" heading="27060" respawnDelay="300" />
		<npc id="20623" x="145042" y="114954" z="-3721" heading="42921" respawnDelay="300" />
		<npc id="20623" x="146427" y="116211" z="-3721" heading="5896" respawnDelay="300" />
		<npc id="20623" x="147372" y="116126" z="-3721" heading="48473" respawnDelay="300" />
		<npc id="20623" x="146207" y="116179" z="-3721" heading="34739" respawnDelay="300" />
		<npc id="20623" x="148690" y="116996" z="-3721" heading="53762" respawnDelay="300" />
		<npc id="20623" x="147311" y="116998" z="-3721" heading="41616" respawnDelay="300" />
		<npc id="20623" x="148431" y="117718" z="-3753" heading="0" respawnDelay="300" />
		<npc id="20623" x="147785" y="117335" z="-3712" heading="45698" respawnDelay="300" />
		<npc id="20623" x="143342" y="108538" z="-3949" heading="0" respawnDelay="300" />
		<npc id="20623" x="143040" y="108360" z="-3949" heading="0" respawnDelay="300" />
		<npc id="20623" x="140132" y="109488" z="-3945" heading="0" respawnDelay="300" />
		<npc id="20623" x="141050" y="108238" z="-3945" heading="0" respawnDelay="300" />
		<npc id="20623" x="140868" y="109858" z="-3945" heading="0" respawnDelay="300" />
		<npc id="20623" x="141816" y="109268" z="-3945" heading="59611" respawnDelay="300" />
		<npc id="20623" x="142531" y="107649" z="-3952" heading="0" respawnDelay="300" />
		<npc id="20623" x="143034" y="107115" z="-3952" heading="0" respawnDelay="300" />
		<npc id="20623" x="144451" y="108596" z="-3949" heading="0" respawnDelay="300" />
		<npc id="20623" x="145161" y="108819" z="-3949" heading="9351" respawnDelay="300" />
		<npc id="20623" x="144248" y="108240" z="-3949" heading="0" respawnDelay="300" />
		<npc id="20623" x="144651" y="107884" z="-3949" heading="0" respawnDelay="300" />
		<npc id="20623" x="140549" y="117807" z="-3912" heading="0" respawnDelay="300" />
		<npc id="20623" x="140840" y="118675" z="-3965" heading="0" respawnDelay="300" />
		<npc id="20623" x="141040" y="118319" z="-3965" heading="0" respawnDelay="300" />
		<npc id="20623" x="143220" y="116077" z="-3913" heading="3961" respawnDelay="300" />
		<npc id="20623" x="142178" y="117130" z="-3965" heading="0" respawnDelay="300" />
		<npc id="20623" x="142380" y="117486" z="-3965" heading="0" respawnDelay="300" />
		<npc id="20623" x="142360" y="119317" z="-3955" heading="0" respawnDelay="300" />
		<npc id="20623" x="142248" y="118830" z="-3901" heading="51394" respawnDelay="300" />
		<npc id="20623" x="142671" y="120923" z="-3953" heading="0" respawnDelay="300" />
		<npc id="20623" x="144382" y="121457" z="-3953" heading="0" respawnDelay="300" />
		<npc id="20623" x="142772" y="120389" z="-3953" heading="0" respawnDelay="300" />
		<npc id="20623" x="143275" y="120211" z="-3953" heading="0" respawnDelay="300" />
		<npc id="20624" x="147322" y="117139" z="-3717" heading="0" respawnDelay="260" />
		<npc id="20624" x="148874" y="117901" z="-3697" heading="56428" respawnDelay="260" />
		<npc id="20624" x="147536" y="117365" z="-3697" heading="33568" respawnDelay="260" />
		<npc id="20624" x="148575" y="117239" z="-3712" heading="45293" respawnDelay="260" />
		<npc id="20624" x="143099" y="108745" z="-3949" heading="10386" respawnDelay="260" />
		<npc id="20624" x="143242" y="109072" z="-3949" heading="0" respawnDelay="260" />
		<npc id="20624" x="140619" y="108972" z="-3948" heading="0" respawnDelay="260" />
		<npc id="20624" x="140847" y="109398" z="-3945" heading="13955" respawnDelay="260" />
		<npc id="20624" x="141152" y="108416" z="-3945" heading="0" respawnDelay="260" />
		<npc id="20624" x="140849" y="108238" z="-3945" heading="0" respawnDelay="260" />
		<npc id="20624" x="140558" y="109131" z="-3951" heading="0" respawnDelay="260" />
		<npc id="20624" x="140851" y="110418" z="-3945" heading="20341" respawnDelay="260" />
		<npc id="20624" x="140331" y="110346" z="-3945" heading="0" respawnDelay="260" />
		<npc id="20624" x="140457" y="110701" z="-3945" heading="0" respawnDelay="260" />
		<npc id="20624" x="141205" y="109706" z="-3945" heading="59666" respawnDelay="260" />
		<npc id="20624" x="143524" y="107268" z="-3945" heading="64818" respawnDelay="260" />
		<npc id="20624" x="142946" y="107211" z="-3945" heading="0" respawnDelay="260" />
		<npc id="20624" x="142726" y="107317" z="-3945" heading="2965" respawnDelay="260" />
		<npc id="20624" x="142162" y="107335" z="-3945" heading="65295" respawnDelay="260" />
		<npc id="20624" x="141945" y="107189" z="-3930" heading="6288" respawnDelay="260" />
		<npc id="20624" x="145351" y="110264" z="-3949" heading="17767" respawnDelay="260" />
		<npc id="20624" x="142546" y="106973" z="-3949" heading="35713" respawnDelay="260" />
		<npc id="20624" x="145206" y="108226" z="-3931" heading="47842" respawnDelay="260" />
		<npc id="20624" x="145271" y="109663" z="-3942" heading="17172" respawnDelay="260" />
		<npc id="20624" x="144163" y="108173" z="-3945" heading="0" respawnDelay="260" />
		<npc id="20624" x="148129" y="110422" z="-3945" heading="15055" respawnDelay="260" />
		<npc id="20624" x="147585" y="110634" z="-3945" heading="32659" respawnDelay="260" />
		<npc id="20624" x="147901" y="109357" z="-3945" heading="0" respawnDelay="260" />
		<npc id="20624" x="147919" y="109600" z="-3945" heading="0" respawnDelay="260" />
		<npc id="20624" x="146980" y="110693" z="-3945" heading="28406" respawnDelay="260" />
		<npc id="20624" x="148120" y="109244" z="-3949" heading="0" respawnDelay="260" />
		<npc id="20624" x="140667" y="117769" z="-3912" heading="0" respawnDelay="260" />
		<npc id="20624" x="142332" y="117282" z="-3917" heading="60760" respawnDelay="260" />
		<npc id="20624" x="140214" y="116836" z="-3906" heading="21906" respawnDelay="260" />
		<npc id="20624" x="140677" y="118067" z="-3917" heading="10396" respawnDelay="260" />
		<npc id="20624" x="140537" y="118497" z="-3965" heading="0" respawnDelay="260" />
		<npc id="20624" x="139932" y="117429" z="-3965" heading="0" respawnDelay="260" />
		<npc id="20624" x="141831" y="117304" z="-3913" heading="23384" respawnDelay="260" />
		<npc id="20624" x="142884" y="117664" z="-3965" heading="0" respawnDelay="260" />
		<npc id="20624" x="142984" y="116418" z="-3965" heading="0" respawnDelay="260" />
		<npc id="20624" x="143084" y="116952" z="-3965" heading="0" respawnDelay="260" />
		<npc id="20624" x="142823" y="117183" z="-3913" heading="42203" respawnDelay="260" />
		<npc id="20624" x="142119" y="116966" z="-3913" heading="26957" respawnDelay="260" />
		<npc id="20624" x="141696" y="117255" z="-3913" heading="0" respawnDelay="260" />
		<npc id="20624" x="142782" y="116062" z="-3965" heading="0" respawnDelay="260" />
		<npc id="20624" x="141723" y="116938" z="-3916" heading="0" respawnDelay="260" />
		<npc id="20624" x="143487" y="116952" z="-3965" heading="0" respawnDelay="260" />
		<npc id="20624" x="142477" y="118665" z="-3911" heading="11019" respawnDelay="260" />
		<npc id="20624" x="140978" y="119168" z="-3913" heading="28970" respawnDelay="260" />
		<npc id="20624" x="141663" y="119126" z="-3913" heading="2194" respawnDelay="260" />
		<npc id="20624" x="142686" y="118802" z="-3913" heading="57643" respawnDelay="260" />
		<npc id="20624" x="140970" y="120681" z="-3946" heading="0" respawnDelay="260" />
		<npc id="20624" x="140440" y="120998" z="-3913" heading="24481" respawnDelay="260" />
		<npc id="20624" x="140688" y="120839" z="-3904" heading="0" respawnDelay="260" />
		<npc id="20624" x="140531" y="121636" z="-3963" heading="0" respawnDelay="260" />
		<npc id="20624" x="141853" y="121372" z="-3951" heading="0" respawnDelay="260" />
		<npc id="20624" x="141451" y="121372" z="-3951" heading="0" respawnDelay="260" />
		<npc id="20624" x="143672" y="121118" z="-3907" heading="11627" respawnDelay="260" />
		<npc id="20624" x="143476" y="121279" z="-3953" heading="0" respawnDelay="260" />
		<npc id="20624" x="143656" y="119898" z="-3913" heading="18477" respawnDelay="260" />
		<npc id="20624" x="142872" y="120567" z="-3953" heading="0" respawnDelay="260" />
		<npc id="20624" x="143589" y="120194" z="-3913" heading="3231" respawnDelay="260" />
		<npc id="20624" x="144342" y="120903" z="-3907" heading="26778" respawnDelay="260" />
		<npc id="20624" x="142627" y="121153" z="-3908" heading="27167" respawnDelay="260" />
		<npc id="20624" x="143946" y="120198" z="-3913" heading="6378" respawnDelay="260" />
		<npc id="20624" x="144483" y="121279" z="-3953" heading="0" respawnDelay="260" />
		<npc id="20624" x="143275" y="120567" z="-3953" heading="0" respawnDelay="260" />
		<npc id="20624" x="145022" y="121673" z="-3913" heading="6981" respawnDelay="260" />
		<npc id="20624" x="146237" y="121727" z="-3913" heading="63894" respawnDelay="260" />
		<npc id="20624" x="145818" y="119490" z="-3913" heading="48420" respawnDelay="260" />
		<npc id="20624" x="146223" y="121296" z="-3913" heading="27245" respawnDelay="260" />
		<npc id="20624" x="145859" y="119187" z="-3913" heading="56304" respawnDelay="260" />
		<npc id="20624" x="145846" y="119635" z="-3913" heading="57778" respawnDelay="260" />
		<npc id="20624" x="145470" y="120119" z="-3953" heading="0" respawnDelay="260" />
		<npc id="20625" x="144349" y="108062" z="-3945" heading="0" respawnDelay="300" />
		<npc id="20625" x="144240" y="108428" z="-3945" heading="0" respawnDelay="300" />
		<npc id="20625" x="145557" y="108418" z="-3945" heading="0" respawnDelay="300" />
		<npc id="20625" x="144953" y="108062" z="-3945" heading="0" respawnDelay="300" />
		<npc id="20625" x="145457" y="108952" z="-3945" heading="0" respawnDelay="300" />
		<npc id="20625" x="145457" y="108596" z="-3945" heading="0" respawnDelay="300" />
		<npc id="20625" x="147394" y="110429" z="-3949" heading="24090" respawnDelay="300" />
		<npc id="20625" x="147775" y="109384" z="-3949" heading="51510" respawnDelay="300" />
		<npc id="20625" x="147919" y="110668" z="-3949" heading="0" respawnDelay="300" />
		<npc id="20625" x="148120" y="109600" z="-3949" heading="0" respawnDelay="300" />
		<npc id="20625" x="147629" y="110171" z="-3949" heading="27620" respawnDelay="300" />
		<npc id="20625" x="147417" y="109778" z="-3949" heading="0" respawnDelay="300" />
		<npc id="20625" x="147518" y="109956" z="-3949" heading="0" respawnDelay="300" />
		<npc id="20625" x="145628" y="121846" z="-3913" heading="3446" respawnDelay="300" />
		<npc id="20625" x="145339" y="120471" z="-3913" heading="0" respawnDelay="300" />
		<npc id="20625" x="145988" y="120124" z="-3913" heading="47081" respawnDelay="300" />
		<npc id="20625" x="146233" y="121351" z="-3913" heading="49041" respawnDelay="300" />
		<npc id="20625" x="145847" y="120665" z="-3913" heading="60045" respawnDelay="300" />
		<npc id="20625" x="145997" y="119771" z="-3913" heading="41149" respawnDelay="300" />
		<npc id="20625" x="145973" y="119229" z="-3953" heading="0" respawnDelay="300" />
		<npc id="20625" x="144892" y="117071" z="-3913" heading="1919" respawnDelay="300" />
		<npc id="20625" x="146370" y="117781" z="-3875" heading="6575" respawnDelay="300" />
		<npc id="20625" x="145114" y="117529" z="-3913" heading="0" respawnDelay="300" />
		<npc id="20625" x="145554" y="117287" z="-3913" heading="33047" respawnDelay="300" />
		<npc id="20625" x="146802" y="118333" z="-3986" heading="15608" respawnDelay="300" />
		<npc id="20625" x="145647" y="117478" z="-3913" heading="58119" respawnDelay="300" />
		<npc id="20625" x="148843" y="119475" z="-4866" heading="0" respawnDelay="300" />
		<npc id="20625" x="148099" y="120906" z="-4815" heading="0" respawnDelay="300" />
		<npc id="20625" x="148237" y="120556" z="-4866" heading="0" respawnDelay="300" />
		<npc id="20625" x="148369" y="120188" z="-4863" heading="9009" respawnDelay="300" />
		<npc id="20625" x="149133" y="121107" z="-4924" heading="0" respawnDelay="300" />
		<npc id="20625" x="149134" y="121463" z="-4924" heading="0" respawnDelay="300" />
		<npc id="20625" x="150051" y="120842" z="-4863" heading="0" respawnDelay="300" />
		<npc id="20625" x="149328" y="119840" z="-4863" heading="46100" respawnDelay="300" />
		<npc id="20625" x="148831" y="120573" z="-4924" heading="0" respawnDelay="300" />
		<npc id="20625" x="148519" y="119585" z="-4848" heading="0" respawnDelay="300" />
		<npc id="20626" x="148161" y="110743" z="-3949" heading="23518" respawnDelay="300" />
		<npc id="20626" x="147516" y="109600" z="-3949" heading="0" respawnDelay="300" />
		<npc id="20626" x="147819" y="110846" z="-3949" heading="0" respawnDelay="300" />
		<npc id="20626" x="148151" y="109864" z="-3933" heading="53939" respawnDelay="300" />
		<npc id="20626" x="148223" y="110241" z="-3949" heading="3062" respawnDelay="300" />
		<npc id="20626" x="148321" y="109244" z="-3949" heading="0" respawnDelay="300" />
		<npc id="20626" x="145810" y="120024" z="-3912" heading="0" respawnDelay="300" />
		<npc id="20626" x="145600" y="119658" z="-3913" heading="4075" respawnDelay="300" />
		<npc id="20626" x="145772" y="119229" z="-3953" heading="0" respawnDelay="300" />
		<npc id="20626" x="144812" y="118063" z="-3913" heading="0" respawnDelay="300" />
		<npc id="20626" x="144675" y="118394" z="-3913" heading="18381" respawnDelay="300" />
		<npc id="20626" x="144698" y="117743" z="-3913" heading="43794" respawnDelay="300" />
		<npc id="20626" x="145880" y="117753" z="-3869" heading="27313" respawnDelay="300" />
		<npc id="20626" x="145424" y="117255" z="-3955" heading="0" respawnDelay="300" />
		<npc id="20626" x="144931" y="117925" z="-3913" heading="31317" respawnDelay="300" />
		<npc id="20626" x="149654" y="119950" z="-4863" heading="18530" respawnDelay="300" />
		<npc id="20626" x="147818" y="121038" z="-4782" heading="20240" respawnDelay="300" />
		<npc id="20626" x="148740" y="119680" z="-4846" heading="0" respawnDelay="300" />
		<npc id="20626" x="149133" y="120395" z="-4924" heading="0" respawnDelay="300" />
		<npc id="20626" x="148409" y="120428" z="-4863" heading="7709" respawnDelay="300" />
		<npc id="20626" x="149133" y="120751" z="-4924" heading="0" respawnDelay="300" />
		<npc id="20626" x="148939" y="120878" z="-4863" heading="31461" respawnDelay="300" />
		<npc id="20626" x="149233" y="120217" z="-4924" heading="0" respawnDelay="300" />
		<npc id="20626" x="149847" y="121080" z="-4863" heading="63107" respawnDelay="300" />
		<npc id="20626" x="148206" y="121165" z="-4784" heading="52054" respawnDelay="300" />
		<npc id="20627" x="145580" y="120584" z="-3913" heading="19918" respawnDelay="300" />
		<npc id="20627" x="145594" y="120243" z="-3913" heading="37557" respawnDelay="300" />
		<npc id="20627" x="145707" y="119843" z="-3913" heading="49719" respawnDelay="300" />
		<npc id="20627" x="145231" y="117887" z="-3913" heading="12228" respawnDelay="300" />
		<npc id="20627" x="144887" y="117696" z="-3913" heading="33264" respawnDelay="300" />
		<npc id="20627" x="143561" y="117718" z="-3913" heading="0" respawnDelay="300" />
		<npc id="20627" x="145735" y="117316" z="-3913" heading="40241" respawnDelay="300" />
		<npc id="20627" x="144975" y="118297" z="-3913" heading="49874" respawnDelay="300" />
		<npc id="20627" x="145373" y="117714" z="-3913" heading="7806" respawnDelay="300" />
		<npc id="20627" x="147953" y="121212" z="-4776" heading="3703" respawnDelay="300" />
		<npc id="20627" x="148932" y="121463" z="-4924" heading="0" respawnDelay="300" />
		<npc id="20627" x="148398" y="120505" z="-4866" heading="0" respawnDelay="300" />
		<npc id="20627" x="149328" y="120373" z="-4863" heading="59929" respawnDelay="300" />
		<npc id="20627" x="148629" y="120573" z="-4924" heading="0" respawnDelay="300" />
		<npc id="20627" x="149497" y="120829" z="-4863" heading="19149" respawnDelay="300" />
		<npc id="20627" x="149774" y="119375" z="-4863" heading="20880" respawnDelay="300" />
		<npc id="20627" x="147701" y="121222" z="-4789" heading="6192" respawnDelay="300" />
		<npc id="20627" x="148516" y="121398" z="-4857" heading="27389" respawnDelay="300" />
		<npc id="20627" x="150065" y="118805" z="-4845" heading="56152" respawnDelay="300" />
		<npc id="20627" x="148088" y="121068" z="-4778" heading="39944" respawnDelay="300" />
		<npc id="20627" x="152424" y="117028" z="-5255" heading="55315" respawnDelay="300" />
		<npc id="20627" x="153134" y="116474" z="-5255" heading="24364" respawnDelay="300" />
		<npc id="20627" x="153566" y="114724" z="-5255" heading="30021" respawnDelay="300" />
		<npc id="20627" x="153346" y="115504" z="-5296" heading="0" respawnDelay="300" />
		<npc id="20627" x="154652" y="115419" z="-5255" heading="10183" respawnDelay="300" />
		<npc id="20627" x="154001" y="114590" z="-5246" heading="16590" respawnDelay="300" />
		<npc id="20627" x="154629" y="115062" z="-5255" heading="49390" respawnDelay="300" />
		<npc id="20627" x="154548" y="116245" z="-5255" heading="54698" respawnDelay="300" />
		<npc id="20628" x="148730" y="120395" z="-4924" heading="0" respawnDelay="300" />
		<npc id="20628" x="149568" y="119649" z="-4863" heading="51498" respawnDelay="300" />
		<npc id="20628" x="148108" y="121508" z="-4812" heading="11353" respawnDelay="300" />
		<npc id="20628" x="148415" y="119968" z="-4863" heading="1569" respawnDelay="300" />
		<npc id="20628" x="148469" y="119751" z="-4852" heading="0" respawnDelay="300" />
		<npc id="20628" x="153690" y="116932" z="-5255" heading="35660" respawnDelay="300" />
		<npc id="20628" x="153486" y="115054" z="-5255" heading="24856" respawnDelay="300" />
		<npc id="20628" x="153719" y="114526" z="-5255" heading="8050" respawnDelay="300" />
		<npc id="20628" x="154812" y="115385" z="-5258" heading="0" respawnDelay="300" />
		<npc id="20628" x="150897" y="115591" z="-5473" heading="12447" respawnDelay="300" />
		<npc id="20628" x="150924" y="116001" z="-5473" heading="15699" respawnDelay="300" />
		<npc id="20628" x="149866" y="115373" z="-5473" heading="39425" respawnDelay="300" />
		<npc id="20628" x="150795" y="114653" z="-5519" heading="0" respawnDelay="300" />
		<npc id="20628" x="150190" y="114653" z="-5519" heading="0" respawnDelay="300" />
		<npc id="20628" x="150997" y="115009" z="-5519" heading="0" respawnDelay="300" />
		<npc id="20628" x="148801" y="114498" z="-5476" heading="0" respawnDelay="300" />
		<npc id="20628" x="149148" y="114765" z="-5517" heading="0" respawnDelay="300" />
		<npc id="20628" x="153486" y="111104" z="-5524" heading="0" respawnDelay="300" />
		<npc id="20628" x="154365" y="111958" z="-5521" heading="59466" respawnDelay="300" />
		<npc id="20628" x="153130" y="111859" z="-5567" heading="0" respawnDelay="300" />
		<npc id="20628" x="150723" y="110843" z="-5521" heading="54079" respawnDelay="300" />
		<npc id="20628" x="150665" y="111588" z="-5555" heading="0" respawnDelay="300" />
		<npc id="20628" x="150076" y="112230" z="-5505" heading="1236" respawnDelay="300" />
		<npc id="20628" x="150048" y="109880" z="-5197" heading="0" respawnDelay="300" />
		<npc id="20628" x="149435" y="110863" z="-5460" heading="15417" respawnDelay="300" />
		<npc id="20628" x="151620" y="109423" z="-5198" heading="0" respawnDelay="300" />
		<npc id="20628" x="153082" y="108720" z="-5204" heading="0" respawnDelay="300" />
		<npc id="20628" x="153683" y="108895" z="-5187" heading="0" respawnDelay="300" />
		<npc id="20628" x="153108" y="107965" z="-5156" heading="0" respawnDelay="300" />
		<npc id="20628" x="154594" y="108106" z="-5156" heading="0" respawnDelay="300" />
		<npc id="20628" x="152426" y="107541" z="-5075" heading="0" respawnDelay="300" />
		<npc id="20628" x="152342" y="107589" z="-5061" heading="0" respawnDelay="300" />
		<npc id="20628" x="151661" y="107398" z="-4941" heading="0" respawnDelay="300" />
		<npc id="20629" x="154181" y="116772" z="-5251" heading="1015" respawnDelay="300" />
		<npc id="20629" x="151745" y="117400" z="-5242" heading="58338" respawnDelay="300" />
		<npc id="20629" x="154030" y="114877" z="-5241" heading="62971" respawnDelay="300" />
		<npc id="20629" x="152942" y="115148" z="-5296" heading="0" respawnDelay="300" />
		<npc id="20629" x="153245" y="115016" z="-5255" heading="26210" respawnDelay="300" />
		<npc id="20629" x="154424" y="114643" z="-5255" heading="45936" respawnDelay="300" />
		<npc id="20629" x="154632" y="115833" z="-5255" heading="51052" respawnDelay="300" />
		<npc id="20629" x="150896" y="114475" z="-5519" heading="0" respawnDelay="300" />
		<npc id="20629" x="150127" y="115092" z="-5476" heading="0" respawnDelay="300" />
		<npc id="20629" x="153718" y="112528" z="-5525" heading="52202" respawnDelay="300" />
		<npc id="20629" x="150997" y="115365" z="-5519" heading="0" respawnDelay="300" />
		<npc id="20629" x="151198" y="115721" z="-5519" heading="0" respawnDelay="300" />
		<npc id="20629" x="153458" y="112423" z="-5525" heading="47871" respawnDelay="300" />
		<npc id="20629" x="151615" y="115393" z="-5473" heading="65335" respawnDelay="300" />
		<npc id="20629" x="150291" y="114475" z="-5519" heading="0" respawnDelay="300" />
		<npc id="20629" x="154262" y="112576" z="-5525" heading="17443" respawnDelay="300" />
		<npc id="20629" x="151601" y="115009" z="-5519" heading="0" respawnDelay="300" />
		<npc id="20629" x="153525" y="112966" z="-5525" heading="59753" respawnDelay="300" />
		<npc id="20629" x="150376" y="115689" z="-5477" heading="23804" respawnDelay="300" />
		<npc id="20629" x="149265" y="115292" z="-5477" heading="36312" respawnDelay="300" />
		<npc id="20629" x="149847" y="114841" z="-5473" heading="64338" respawnDelay="300" />
		<npc id="20629" x="153533" y="111859" z="-5567" heading="0" respawnDelay="300" />
		<npc id="20629" x="153361" y="111540" z="-5525" heading="42755" respawnDelay="300" />
		<npc id="20629" x="153679" y="110847" z="-5525" heading="65367" respawnDelay="300" />
		<npc id="20629" x="152929" y="111503" z="-5567" heading="0" respawnDelay="300" />
		<npc id="20629" x="152239" y="111492" z="-5521" heading="40452" respawnDelay="300" />
		<npc id="20629" x="153972" y="111141" z="-5507" heading="42357" respawnDelay="300" />
		<npc id="20629" x="150968" y="111410" z="-5555" heading="0" respawnDelay="300" />
		<npc id="20629" x="149959" y="112122" z="-5555" heading="0" respawnDelay="300" />
		<npc id="20629" x="150161" y="111410" z="-5555" heading="0" respawnDelay="300" />
		<npc id="20629" x="150363" y="111054" z="-5555" heading="0" respawnDelay="300" />
		<npc id="20629" x="150769" y="112414" z="-5525" heading="30412" respawnDelay="300" />
		<npc id="20629" x="151443" y="111283" z="-5521" heading="65212" respawnDelay="300" />
		<npc id="20629" x="149938" y="111911" z="-5523" heading="0" respawnDelay="300" />
		<npc id="20629" x="149444" y="109869" z="-5234" heading="0" respawnDelay="300" />
		<npc id="20629" x="149659" y="109717" z="-5214" heading="0" respawnDelay="300" />
		<npc id="20629" x="151316" y="109341" z="-5137" heading="61707" respawnDelay="300" />
		<npc id="20629" x="149408" y="110543" z="-5409" heading="47862" respawnDelay="300" />
		<npc id="20629" x="152189" y="109252" z="-5157" heading="63255" respawnDelay="300" />
		<npc id="20629" x="152027" y="107585" z="-5007" heading="58350" respawnDelay="300" />
		<npc id="20629" x="153245" y="108251" z="-5157" heading="8071" respawnDelay="300" />
		<npc id="20629" x="153183" y="108898" z="-5204" heading="0" respawnDelay="300" />
		<npc id="20629" x="153037" y="108921" z="-5156" heading="0" respawnDelay="300" />
		<npc id="20629" x="152576" y="107806" z="-5104" heading="16983" respawnDelay="300" />
		<npc id="20629" x="148751" y="108067" z="-4284" heading="41009" respawnDelay="300" />
		<npc id="20629" x="149980" y="108125" z="-4598" heading="14326" respawnDelay="300" />
		<npc id="20629" x="153704" y="108860" z="-5194" heading="0" respawnDelay="300" />
		<npc id="20629" x="148277" y="107525" z="-4161" heading="39479" respawnDelay="300" />
		<npc id="20629" x="154784" y="108545" z="-5196" heading="0" respawnDelay="300" />
		<npc id="20629" x="154003" y="108559" z="-5153" heading="33174" respawnDelay="300" />
		<npc id="20629" x="149382" y="108417" z="-4447" heading="21729" respawnDelay="300" />
		<npc id="20629" x="150356" y="107594" z="-4698" heading="26976" respawnDelay="300" />
		<npc id="20629" x="153615" y="107552" z="-5190" heading="0" respawnDelay="300" />
		<npc id="20629" x="151291" y="107333" z="-4878" heading="34404" respawnDelay="300" />
		<npc id="20629" x="153318" y="107373" z="-5139" heading="11012" respawnDelay="300" />
		<npc id="20761" x="140095" y="114313" z="-3724" heading="0" respawnDelay="400" />
		<npc id="20761" x="143190" y="114008" z="-3775" heading="0" respawnDelay="400" />
		<npc id="20761" x="148438" y="117825" z="-3712" heading="7402" respawnDelay="400" />
		<npc id="20761" x="144305" y="112288" z="-3936" heading="5089" respawnDelay="400" />
		<npc id="20761" x="140572" y="107941" z="-3945" heading="17718" respawnDelay="400" />
		<npc id="20761" x="140583" y="108315" z="-3951" heading="0" respawnDelay="400" />
		<npc id="20761" x="144327" y="107500" z="-3945" heading="20957" respawnDelay="400" />
		<npc id="20761" x="144858" y="107878" z="-3945" heading="6054" respawnDelay="400" />
		<npc id="20761" x="147705" y="109800" z="-3949" heading="18123" respawnDelay="400" />
		<npc id="20761" x="147938" y="110402" z="-3945" heading="5834" respawnDelay="400" />
		<npc id="20761" x="140322" y="117293" z="-3913" heading="6918" respawnDelay="400" />
		<npc id="20761" x="142361" y="116226" z="-3915" heading="0" respawnDelay="400" />
		<npc id="20761" x="142857" y="117854" z="-3913" heading="14377" respawnDelay="400" />
		<npc id="20761" x="143237" y="120112" z="-3918" heading="0" respawnDelay="400" />
		<npc id="20761" x="143258" y="121174" z="-3913" heading="15212" respawnDelay="400" />
		<npc id="20761" x="149432" y="121272" z="-4863" heading="11911" respawnDelay="400" />
		<npc id="20761" x="148701" y="120876" z="-4863" heading="20359" respawnDelay="400" />
		<npc id="21084" x="135571" y="114137" z="-3721" heading="18940" respawnDelay="250" />
		<npc id="21084" x="135526" y="114266" z="-3721" heading="0" respawnDelay="250" />
		<npc id="21084" x="136341" y="113831" z="-3721" heading="48238" respawnDelay="250" />
		<npc id="21084" x="136711" y="114610" z="-3711" heading="27295" respawnDelay="250" />
		<npc id="21084" x="136648" y="114040" z="-3721" heading="0" respawnDelay="250" />
		<npc id="21084" x="139901" y="113995" z="-3724" heading="0" respawnDelay="250" />
		<npc id="21084" x="139580" y="114403" z="-3721" heading="0" respawnDelay="250" />
		<npc id="21084" x="140328" y="113953" z="-3724" heading="0" respawnDelay="250" />
		<npc id="21084" x="144691" y="114342" z="-3712" heading="64837" respawnDelay="250" />
		<npc id="21084" x="143895" y="114542" z="-3723" heading="0" respawnDelay="250" />
		<npc id="21084" x="143768" y="114328" z="-3723" heading="0" respawnDelay="250" />
		<npc id="21084" x="140809" y="112652" z="-3725" heading="40138" respawnDelay="250" />
		<npc id="21084" x="140720" y="112622" z="-3723" heading="0" respawnDelay="250" />
		<npc id="21084" x="141648" y="112394" z="-3725" heading="4794" respawnDelay="250" />
		<npc id="21084" x="141875" y="111975" z="-3725" heading="0" respawnDelay="250" />
		<npc id="21084" x="144265" y="112712" z="-3949" heading="63512" respawnDelay="250" />
		<npc id="21084" x="143498" y="112616" z="-3949" heading="33665" respawnDelay="250" />
		<npc id="21084" x="143031" y="112220" z="-3925" heading="29632" respawnDelay="250" />
		<npc id="21084" x="143676" y="112268" z="-3949" heading="0" respawnDelay="250" />
		<npc id="21085" x="150537" y="114306" z="-5463" heading="30925" respawnDelay="300" />
		<npc id="21085" x="154337" y="111789" z="-5525" heading="54642" respawnDelay="300" />
		<npc id="21085" x="150190" y="115365" z="-5519" heading="0" respawnDelay="300" />
		<npc id="21085" x="152565" y="111583" z="-5525" heading="39383" respawnDelay="300" />
		<npc id="21085" x="148524" y="114795" z="-5473" heading="65314" respawnDelay="300" />
		<npc id="21085" x="149142" y="114818" z="-5473" heading="40778" respawnDelay="300" />
		<npc id="21085" x="153897" y="112238" z="-5521" heading="52254" respawnDelay="300" />
		<npc id="21085" x="153117" y="113007" z="-5521" heading="57238" respawnDelay="300" />
		<npc id="21085" x="150867" y="110876" z="-5555" heading="0" respawnDelay="300" />
		<npc id="21085" x="150968" y="111766" z="-5555" heading="0" respawnDelay="300" />
		<npc id="21085" x="150375" y="112511" z="-5509" heading="10488" respawnDelay="300" />
		<npc id="21085" x="149963" y="109599" z="-5180" heading="0" respawnDelay="300" />
		<npc id="21085" x="151505" y="109187" z="-5157" heading="64939" respawnDelay="300" />
		<npc id="21085" x="152306" y="109262" z="-5153" heading="293" respawnDelay="300" />
		<npc id="21085" x="152996" y="109329" z="-5153" heading="6096" respawnDelay="300" />
		<npc id="21085" x="153582" y="109073" z="-5187" heading="0" respawnDelay="300" />
		<npc id="21085" x="153803" y="108326" z="-5194" heading="0" respawnDelay="300" />
		<npc id="21085" x="154530" y="108596" z="-5153" heading="7225" respawnDelay="300" />
		<npc id="21085" x="153011" y="107552" z="-5155" heading="0" respawnDelay="300" />
		<npc id="21085" x="152544" y="107368" z="-5094" heading="0" respawnDelay="300" />
		<npc id="21086" x="153520" y="111315" z="-5524" heading="0" respawnDelay="300" />
		<npc id="21086" x="153734" y="111503" z="-5567" heading="0" respawnDelay="300" />
		<npc id="21086" x="154237" y="111681" z="-5567" heading="0" respawnDelay="300" />
		<npc id="21086" x="154187" y="112104" z="-5521" heading="7867" respawnDelay="300" />
		<npc id="21086" x="150709" y="111197" z="-5524" heading="0" respawnDelay="300" />
		<npc id="21086" x="150028" y="111718" z="-5521" heading="29927" respawnDelay="300" />
		<npc id="21086" x="150312" y="111709" z="-5521" heading="65119" respawnDelay="300" />
		<npc id="21086" x="150464" y="112300" z="-5555" heading="0" respawnDelay="300" />
		<npc id="21086" x="150363" y="111766" z="-5555" heading="0" respawnDelay="300" />
		<npc id="21086" x="149527" y="111147" z="-5490" heading="44734" respawnDelay="300" />
		<npc id="21086" x="150248" y="109604" z="-5134" heading="0" respawnDelay="300" />
		<npc id="21086" x="150746" y="109548" z="-5155" heading="0" respawnDelay="300" />
		<npc id="21086" x="151116" y="108889" z="-5198" heading="0" respawnDelay="300" />
		<npc id="21086" x="151061" y="109314" z="-5142" heading="2006" respawnDelay="300" />
		<npc id="21086" x="153313" y="109226" z="-5194" heading="0" respawnDelay="300" />
		<npc id="21086" x="153709" y="108656" z="-5153" heading="59709" respawnDelay="300" />
		<npc id="21086" x="153784" y="109073" z="-5187" heading="0" respawnDelay="300" />
		<npc id="21086" x="153904" y="108148" z="-5194" heading="0" respawnDelay="300" />
		<npc id="21086" x="153300" y="108504" z="-5194" heading="0" respawnDelay="300" />
		<npc id="21086" x="154481" y="108367" z="-5196" heading="0" respawnDelay="300" />
		<npc id="21086" x="154683" y="108723" z="-5196" heading="0" respawnDelay="300" />
		<npc id="21086" x="153303" y="107870" z="-5156" heading="0" respawnDelay="300" />
		<npc id="21086" x="152910" y="107018" z="-5155" heading="0" respawnDelay="300" />
		<npc id="21086" x="153654" y="107338" z="-5155" heading="0" respawnDelay="300" />
		<npc id="21086" x="152709" y="107730" z="-5155" heading="0" respawnDelay="300" />
		<npc id="21086" x="150532" y="107125" z="-4873" heading="0" respawnDelay="300" />
		<npc id="21086" x="148902" y="107871" z="-4473" heading="0" respawnDelay="300" />
		<npc id="21086" x="147093" y="107626" z="-3952" heading="0" respawnDelay="300" />
		<npc id="21087" x="150431" y="107303" z="-4873" heading="0" respawnDelay="300" />
		<npc id="21087" x="149103" y="108227" z="-4473" heading="0" respawnDelay="300" />
		<npc id="21087" x="147654" y="107251" z="-4042" heading="0" respawnDelay="300" />
		<npc id="21087" x="146304" y="110537" z="-3530" heading="0" respawnDelay="300" />
		<npc id="21087" x="146305" y="111019" z="-3560" heading="49059" respawnDelay="300" />
		<npc id="21087" x="146541" y="111908" z="-3515" heading="0" respawnDelay="300" />
		<npc id="21087" x="147245" y="112086" z="-3723" heading="0" respawnDelay="300" />
		<npc id="21087" x="149813" y="115004" z="-5412" heading="36942" respawnDelay="300" />
		<npc id="21087" x="145962" y="112538" z="-3721" heading="25688" respawnDelay="300" />
		<npc id="21087" x="146342" y="112581" z="-3721" heading="9884" respawnDelay="300" />
		<npc id="21087" x="147346" y="112264" z="-3773" heading="0" respawnDelay="300" />
		<npc id="21087" x="147443" y="112197" z="-3724" heading="0" respawnDelay="300" />
		<npc id="21087" x="147621" y="112396" z="-3765" heading="0" respawnDelay="300" />
		<npc id="21087" x="147722" y="112574" z="-3765" heading="0" respawnDelay="300" />
		<npc id="21087" x="147721" y="112218" z="-3765" heading="0" respawnDelay="300" />
		<npc id="21087" x="148325" y="112218" z="-3765" heading="0" respawnDelay="300" />
		<npc id="21087" x="148415" y="112782" z="-3721" heading="36449" respawnDelay="300" />
		<npc id="21087" x="149262" y="113329" z="-3770" heading="0" respawnDelay="300" />
		<npc id="21087" x="148960" y="113151" z="-3770" heading="0" respawnDelay="300" />
		<npc id="21087" x="149260" y="113757" z="-3721" heading="50569" respawnDelay="300" />
		<npc id="21087" x="149160" y="115374" z="-3762" heading="0" respawnDelay="300" />
		<npc id="21087" x="148960" y="115018" z="-3762" heading="0" respawnDelay="300" />
		<npc id="21087" x="148960" y="115374" z="-3762" heading="0" respawnDelay="300" />
		<npc id="21087" x="149233" y="115969" z="-3700" heading="64696" respawnDelay="300" />
		<npc id="21087" x="149546" y="115970" z="-3705" heading="0" respawnDelay="300" />
		<npc id="21087" x="149493" y="116214" z="-3702" heading="8901" respawnDelay="300" />
		<npc id="21087" x="150112" y="116970" z="-3702" heading="8039" respawnDelay="300" />
		<npc id="21087" x="152792" y="116913" z="-5259" heading="27632" respawnDelay="300" />
		<npc id="21087" x="150513" y="118381" z="-4895" heading="22144" respawnDelay="300" />
		<npc id="21087" x="151737" y="118637" z="-3900" heading="42657" respawnDelay="300" />
		<npc id="21087" x="150932" y="118045" z="-3694" heading="20668" respawnDelay="300" />
		<npc id="21087" x="152187" y="119195" z="-3799" heading="40374" respawnDelay="300" />
		<npc id="21087" x="153045" y="119746" z="-3856" heading="0" respawnDelay="300" />
		<npc id="21087" x="152339" y="119924" z="-3856" heading="0" respawnDelay="300" />
		<npc id="21087" x="152122" y="120662" z="-3805" heading="17950" respawnDelay="300" />
		<npc id="21087" x="152260" y="119621" z="-3783" heading="64381" respawnDelay="300" />
		<npc id="21087" x="153957" y="118651" z="-3805" heading="7058" respawnDelay="300" />
		<npc id="21087" x="153737" y="118951" z="-3845" heading="0" respawnDelay="300" />
		<npc id="21087" x="153592" y="118906" z="-3805" heading="4477" respawnDelay="300" />
		<npc id="21087" x="154222" y="119163" z="-3805" heading="20664" respawnDelay="300" />
		<npc id="21087" x="154327" y="118979" z="-3805" heading="25221" respawnDelay="300" />
		<npc id="21087" x="153956" y="119188" z="-3805" heading="29709" respawnDelay="300" />
		<npc id="21087" x="152161" y="120055" z="-3805" heading="17663" respawnDelay="300" />
		<npc id="21087" x="152163" y="120838" z="-3808" heading="0" respawnDelay="300" />
		<npc id="21087" x="152161" y="120554" z="-3805" heading="60089" respawnDelay="300" />
		<npc id="21087" x="151847" y="121119" z="-3808" heading="0" respawnDelay="300" />
		<npc id="21087" x="151952" y="121648" z="-3805" heading="63189" respawnDelay="300" />
		<npc id="21087" x="151806" y="120936" z="-3805" heading="39732" respawnDelay="300" />
		<npc id="21087" x="152442" y="121660" z="-3870" heading="0" respawnDelay="300" />
		<npc id="21088" x="146433" y="110522" z="-3529" heading="0" respawnDelay="300" />
		<npc id="21088" x="146548" y="112878" z="-3721" heading="49452" respawnDelay="300" />
		<npc id="21088" x="147604" y="112795" z="-3721" heading="62104" respawnDelay="300" />
		<npc id="21088" x="146944" y="112620" z="-3773" heading="0" respawnDelay="300" />
		<npc id="21088" x="148212" y="111847" z="-3724" heading="0" respawnDelay="300" />
		<npc id="21088" x="148062" y="111957" z="-3721" heading="54432" respawnDelay="300" />
		<npc id="21088" x="147447" y="112580" z="-3723" heading="0" respawnDelay="300" />
		<npc id="21088" x="149093" y="112933" z="-3723" heading="0" respawnDelay="300" />
		<npc id="21088" x="149261" y="115552" z="-3762" heading="0" respawnDelay="300" />
		<npc id="21088" x="149121" y="114636" z="-3721" heading="64554" respawnDelay="300" />
		<npc id="21088" x="149393" y="116428" z="-3783" heading="0" respawnDelay="300" />
		<npc id="21088" x="150910" y="117920" z="-3757" heading="0" respawnDelay="300" />
		<npc id="21088" x="153332" y="116768" z="-5285" heading="62799" respawnDelay="300" />
		<npc id="21088" x="151585" y="118556" z="-3949" heading="0" respawnDelay="300" />
		<npc id="21088" x="152239" y="119746" z="-3856" heading="0" respawnDelay="300" />
		<npc id="21088" x="152843" y="119034" z="-3856" heading="0" respawnDelay="300" />
		<npc id="21088" x="153902" y="118613" z="-3805" heading="8682" respawnDelay="300" />
		<npc id="21088" x="154034" y="118844" z="-3805" heading="708" respawnDelay="300" />
		<npc id="21088" x="153517" y="119407" z="-3805" heading="27942" respawnDelay="300" />
		<npc id="21088" x="152104" y="121727" z="-3805" heading="37536" respawnDelay="300" />
		<npc id="21088" x="153510" y="121474" z="-3805" heading="59447" respawnDelay="300" />
		<npc id="21089" x="148001" y="107243" z="-4104" heading="59961" respawnDelay="300" />
		<npc id="21089" x="146268" y="111973" z="-3579" heading="16196" respawnDelay="300" />
		<npc id="21089" x="148972" y="114642" z="-5473" heading="65020" respawnDelay="300" />
		<npc id="21089" x="145981" y="111411" z="-3547" heading="47511" respawnDelay="300" />
		<npc id="21089" x="146565" y="111223" z="-3559" heading="60621" respawnDelay="300" />
		<npc id="21089" x="146037" y="112798" z="-3773" heading="0" respawnDelay="300" />
		<npc id="21089" x="146415" y="111657" z="-3565" heading="13681" respawnDelay="300" />
		<npc id="21089" x="149023" y="112146" z="-3725" heading="60819" respawnDelay="300" />
		<npc id="21089" x="147054" y="112796" z="-3721" heading="64035" respawnDelay="300" />
		<npc id="21089" x="147145" y="112264" z="-3773" heading="0" respawnDelay="300" />
		<npc id="21089" x="147419" y="112752" z="-3765" heading="0" respawnDelay="300" />
		<npc id="21089" x="148703" y="112025" z="-3706" heading="909" respawnDelay="300" />
		<npc id="21089" x="146632" y="112758" z="-3725" heading="60331" respawnDelay="300" />
		<npc id="21089" x="148682" y="112729" z="-3725" heading="30636" respawnDelay="300" />
		<npc id="21089" x="147847" y="112086" z="-3724" heading="0" respawnDelay="300" />
		<npc id="21089" x="148931" y="113385" z="-3724" heading="0" respawnDelay="300" />
		<npc id="21089" x="149040" y="115863" z="-3730" heading="15868" respawnDelay="300" />
		<npc id="21089" x="150499" y="114802" z="-5477" heading="59422" respawnDelay="300" />
		<npc id="21089" x="149327" y="114923" z="-3724" heading="0" respawnDelay="300" />
		<npc id="21089" x="148857" y="115199" z="-5477" heading="17611" respawnDelay="300" />
		<npc id="21089" x="150414" y="117111" z="-3701" heading="8313" respawnDelay="300" />
		<npc id="21089" x="149261" y="115196" z="-3762" heading="0" respawnDelay="300" />
		<npc id="21089" x="149897" y="116962" z="-3783" heading="0" respawnDelay="300" />
		<npc id="21089" x="149813" y="116527" z="-3702" heading="35861" respawnDelay="300" />
		<npc id="21089" x="152606" y="120169" z="-3755" heading="11047" respawnDelay="300" />
		<npc id="21089" x="150746" y="118211" z="-4988" heading="28589" respawnDelay="300" />
		<npc id="21089" x="150644" y="117659" z="-3710" heading="11211" respawnDelay="300" />
		<npc id="21089" x="151403" y="118331" z="-3868" heading="63249" respawnDelay="300" />
		<npc id="21089" x="151294" y="118253" z="-3826" heading="24576" respawnDelay="300" />
		<npc id="21089" x="151787" y="118556" z="-3949" heading="0" respawnDelay="300" />
		<npc id="21089" x="151337" y="117708" z="-5177" heading="56824" respawnDelay="300" />
		<npc id="21089" x="152214" y="119396" z="-3799" heading="20939" respawnDelay="300" />
		<npc id="21089" x="153129" y="119668" z="-3805" heading="26592" respawnDelay="300" />
		<npc id="21089" x="152340" y="118856" z="-3856" heading="0" respawnDelay="300" />
		<npc id="21089" x="152715" y="119690" z="-3805" heading="17295" respawnDelay="300" />
		<npc id="21089" x="153941" y="119048" z="-3809" heading="61087" respawnDelay="300" />
		<npc id="21089" x="151800" y="119418" z="-3808" heading="0" respawnDelay="300" />
		<npc id="21089" x="153644" y="119358" z="-3805" heading="29436" respawnDelay="300" />
		<npc id="21089" x="154240" y="118417" z="-3845" heading="0" respawnDelay="300" />
		<npc id="21089" x="153451" y="118856" z="-3807" heading="0" respawnDelay="300" />
		<npc id="21089" x="153435" y="119129" z="-3845" heading="0" respawnDelay="300" />
		<npc id="21089" x="154512" y="118643" z="-3805" heading="3390" respawnDelay="300" />
		<npc id="21089" x="153838" y="118773" z="-3845" heading="0" respawnDelay="300" />
		<npc id="21089" x="153233" y="119129" z="-3845" heading="0" respawnDelay="300" />
		<npc id="21089" x="152064" y="120357" z="-3851" heading="0" respawnDelay="300" />
		<npc id="21089" x="152018" y="121167" z="-3805" heading="45234" respawnDelay="300" />
		<npc id="21089" x="153613" y="121669" z="-3809" heading="49" respawnDelay="300" />
		<npc id="21089" x="153029" y="121858" z="-3805" heading="26329" respawnDelay="300" />
		<npc id="21089" x="152189" y="121586" z="-3805" heading="64853" respawnDelay="300" />
		<npc id="21089" x="152473" y="121840" z="-3805" heading="28995" respawnDelay="300" />
		<npc id="21089" x="151819" y="121339" z="-3805" heading="38170" respawnDelay="300" />
		<npc id="21090" x="151914" y="115147" z="-5467" heading="3284" respawnDelay="400" />
		<npc id="21090" x="151261" y="115013" z="-5473" heading="19351" respawnDelay="400" />
		<npc id="21090" x="150986" y="114416" z="-5453" heading="39972" respawnDelay="400" />
		<npc id="21090" x="149460" y="115116" z="-5473" heading="28649" respawnDelay="400" />
		<npc id="21090" x="150741" y="115208" z="-5460" heading="36194" respawnDelay="400" />
		<npc id="21090" x="153629" y="111150" z="-5521" heading="32495" respawnDelay="400" />
		<npc id="21090" x="152963" y="111754" z="-5524" heading="37869" respawnDelay="400" />
		<npc id="21090" x="149781" y="111310" z="-5496" heading="5290" respawnDelay="400" />
		<npc id="21090" x="150701" y="111384" z="-5521" heading="53346" respawnDelay="400" />
		<npc id="21090" x="150392" y="112038" z="-5521" heading="12679" respawnDelay="400" />
		<npc id="21090" x="152852" y="107455" z="-5144" heading="0" respawnDelay="400" />
		<npc id="21090" x="153309" y="107735" z="-5153" heading="1985" respawnDelay="400" />
		<npc id="21090" x="146625" y="111993" z="-3597" heading="0" respawnDelay="400" />
		<npc id="21090" x="148158" y="112118" z="-3721" heading="60920" respawnDelay="400" />
		<npc id="21090" x="147170" y="112449" z="-3721" heading="34048" respawnDelay="400" />
		<npc id="21090" x="146523" y="112371" z="-3701" heading="16698" respawnDelay="400" />
		<npc id="21090" x="147551" y="112147" z="-3724" heading="0" respawnDelay="400" />
		<npc id="21090" x="148579" y="111816" z="-3712" heading="65143" respawnDelay="400" />
		<npc id="21090" x="148946" y="112659" z="-3721" heading="6852" respawnDelay="400" />
		<npc id="21090" x="149277" y="114661" z="-3721" heading="62016" respawnDelay="400" />
		<npc id="21090" x="149191" y="114267" z="-3721" heading="15478" respawnDelay="400" />
		<npc id="21090" x="148775" y="115600" z="-3721" heading="20865" respawnDelay="400" />
		<npc id="21090" x="152333" y="119191" z="-3800" heading="61627" respawnDelay="400" />
		<npc id="21090" x="152891" y="119935" z="-3805" heading="59597" respawnDelay="400" />
		<npc id="21090" x="152352" y="120280" z="-3805" heading="11999" respawnDelay="400" />
		<npc id="21090" x="153583" y="118729" z="-3805" heading="0" respawnDelay="400" />
		<npc id="21090" x="153844" y="118507" z="-3805" heading="64106" respawnDelay="400" />
		<npc id="21090" x="154186" y="118829" z="-3805" heading="58529" respawnDelay="400" />
		<npc id="21090" x="151711" y="120975" z="-3805" heading="20205" respawnDelay="400" />
		<npc id="21090" x="152754" y="121826" z="-3805" heading="28081" respawnDelay="400" />
	</spawn>
</list>
