<?xml version="1.0" encoding="UTF-8"?>
<list enabled="true" xmlns:xsi="http://www.w3.org/2001/XMLSchema-instance" xsi:noNamespaceSchemaLocation="../xsd/spawns.xsd">
	<spawn name="BeastFarm">
		<npc id="21445" x="58414" y="-78043" z="-3300" heading="0" respawnDelay="28" />
		<npc id="21445" x="55272" y="-83242" z="-2795" heading="0" respawnDelay="28" />
		<npc id="21445" x="58528" y="-84565" z="-2612" heading="0" respawnDelay="28" />
		<npc id="21445" x="58847" y="-87193" z="-2212" heading="0" respawnDelay="28" />
		<npc id="21445" x="52929" y="-86531" z="-2660" heading="0" respawnDelay="28" />
		<npc id="21445" x="52949" y="-88406" z="-2407" heading="40140" respawnDelay="28" />
		<npc id="21445" x="46096" y="-82405" z="-3269" heading="41630" respawnDelay="28" />
		<npc id="21445" x="45442" y="-80124" z="-3495" heading="0" respawnDelay="28" />
		<npc id="21449" x="51575" y="-92720" z="-2104" heading="31137" respawnDelay="28" />
		<npc id="21449" x="49163" y="-90702" z="-2443" heading="39882" respawnDelay="28" />
		<npc id="21449" x="48575" y="-90904" z="-2486" heading="37357" respawnDelay="28" />
		<npc id="21449" x="50452" y="-89094" z="-2406" heading="17747" respawnDelay="28" />
		<npc id="21449" x="50038" y="-86546" z="-2652" heading="1870" respawnDelay="28" />
		<npc id="21449" x="46793" y="-92877" z="-2514" heading="16384" respawnDelay="28" />
		<npc id="21449" x="45269" y="-93502" z="-2374" heading="0" respawnDelay="28" />
		<npc id="21449" x="44745" y="-93289" z="-2374" heading="54137" respawnDelay="28" />
		<npc id="21449" x="45831" y="-88806" z="-2681" heading="0" respawnDelay="28" />
		<npc id="21449" x="48577" y="-86006" z="-2983" heading="0" respawnDelay="28" />
		<npc id="21449" x="50774" y="-83820" z="-2795" heading="0" respawnDelay="28" />
		<npc id="21449" x="50955" y="-82882" z="-2803" heading="10038" respawnDelay="28" />
		<npc id="21449" x="50808" y="-81968" z="-2864" heading="4511" respawnDelay="28" />
		<npc id="21449" x="54628" y="-83801" z="-2752" heading="1268" respawnDelay="28" />
		<npc id="21449" x="53201" y="-83749" z="-2709" heading="34624" respawnDelay="28" />
		<npc id="21449" x="53536" y="-85316" z="-2736" heading="52676" respawnDelay="28" />
		<npc id="21449" x="51363" y="-85007" z="-2758" heading="31639" respawnDelay="28" />
		<npc id="21449" x="51270" y="-84615" z="-2759" heading="17352" respawnDelay="28" />
		<npc id="21450" x="52505" y="-92301" z="-2104" heading="52069" respawnDelay="28" />
		<npc id="21450" x="49002" y="-89218" z="-2438" heading="39094" respawnDelay="28" />
		<npc id="21450" x="51354" y="-87621" z="-2503" heading="4403" respawnDelay="28" />
		<npc id="21450" x="51662" y="-85882" z="-2705" heading="2516" respawnDelay="28" />
		<npc id="21450" x="48939" y="-88004" z="-2682" heading="0" respawnDelay="28" />
		<npc id="21450" x="45102" y="-91178" z="-2650" heading="26404" respawnDelay="28" />
		<npc id="21450" x="45697" y="-93694" z="-2374" heading="63264" respawnDelay="28" />
		<npc id="21450" x="46589" y="-88130" z="-2692" heading="55063" respawnDelay="28" />
		<npc id="21450" x="45977" y="-87813" z="-2661" heading="60097" respawnDelay="28" />
		<npc id="21450" x="48878" y="-84354" z="-2996" heading="17464" respawnDelay="28" />
		<npc id="21450" x="52092" y="-81135" z="-2789" heading="34147" respawnDelay="28" />
		<npc id="21450" x="53102" y="-84511" z="-2773" heading="0" respawnDelay="28" />
		<npc id="21450" x="51378" y="-83818" z="-2742" heading="58571" respawnDelay="28" />
		<npc id="21451" x="53771" y="-76925" z="-3424" heading="0" respawnDelay="45" />
		<npc id="21451" x="52967" y="-76213" z="-3477" heading="0" respawnDelay="45" />
		<npc id="21451" x="53401" y="-76993" z="-3452" heading="0" respawnDelay="45" />
		<npc id="21451" x="51318" y="-76968" z="-3358" heading="2222" respawnDelay="45" />
		<npc id="21451" x="50694" y="-76672" z="-3358" heading="48259" respawnDelay="45" />
		<npc id="21451" x="50384" y="-77275" z="-3414" heading="0" respawnDelay="45" />
		<npc id="21451" x="50519" y="-76370" z="-3360" heading="33407" respawnDelay="45" />
		<npc id="21451" x="48851" y="-76661" z="-3528" heading="0" respawnDelay="45" />
		<npc id="21451" x="49106" y="-78222" z="-3526" heading="6883" respawnDelay="45" />
		<npc id="21451" x="48799" y="-77358" z="-3526" heading="44348" respawnDelay="45" />
		<npc id="21451" x="49608" y="-77943" z="-3528" heading="0" respawnDelay="45" />
		<npc id="21451" x="51073" y="-80293" z="-2952" heading="0" respawnDelay="45" />
		<npc id="21451" x="51073" y="-81005" z="-2869" heading="0" respawnDelay="45" />
		<npc id="21451" x="53278" y="-79830" z="-2826" heading="0" respawnDelay="45" />
		<npc id="21451" x="52875" y="-80542" z="-2826" heading="0" respawnDelay="45" />
		<npc id="21451" x="52875" y="-80186" z="-2826" heading="0" respawnDelay="45" />
		<npc id="21451" x="55549" y="-77909" z="-3622" heading="0" respawnDelay="45" />
		<npc id="21451" x="55056" y="-78243" z="-3362" heading="46329" respawnDelay="45" />
		<npc id="21451" x="56156" y="-76892" z="-3552" heading="4407" respawnDelay="45" />
		<npc id="21451" x="54675" y="-77961" z="-3445" heading="39282" respawnDelay="45" />
		<npc id="21451" x="58818" y="-77331" z="-3360" heading="0" respawnDelay="45" />
		<npc id="21451" x="58918" y="-77509" z="-3354" heading="0" respawnDelay="45" />
		<npc id="21451" x="54572" y="-80761" z="-2929" heading="0" respawnDelay="45" />
		<npc id="21451" x="54370" y="-80761" z="-2926" heading="0" respawnDelay="45" />
		<npc id="21451" x="54269" y="-81295" z="-2864" heading="0" respawnDelay="45" />
		<npc id="21451" x="54773" y="-81473" z="-2870" heading="0" respawnDelay="45" />
		<npc id="21451" x="57891" y="-80175" z="-3262" heading="58080" respawnDelay="45" />
		<npc id="21451" x="57404" y="-79058" z="-3326" heading="16433" respawnDelay="45" />
		<npc id="21451" x="56907" y="-80212" z="-3231" heading="32520" respawnDelay="45" />
		<npc id="21451" x="56821" y="-79664" z="-3301" heading="19615" respawnDelay="45" />
		<npc id="21451" x="57061" y="-81033" z="-3093" heading="14745" respawnDelay="45" />
		<npc id="21451" x="55474" y="-82530" z="-2795" heading="0" respawnDelay="45" />
		<npc id="21451" x="55574" y="-82708" z="-2795" heading="0" respawnDelay="45" />
		<npc id="21451" x="55373" y="-82352" z="-2795" heading="0" respawnDelay="45" />
		<npc id="21451" x="55079" y="-84441" z="-2702" heading="52552" respawnDelay="45" />
		<npc id="21451" x="55820" y="-84501" z="-2695" heading="28859" respawnDelay="45" />
		<npc id="21451" x="57216" y="-85074" z="-2565" heading="60908" respawnDelay="45" />
		<npc id="21451" x="58126" y="-83853" z="-2641" heading="0" respawnDelay="45" />
		<npc id="21451" x="58327" y="-84209" z="-2627" heading="0" respawnDelay="45" />
		<npc id="21451" x="58300" y="-83321" z="-2663" heading="0" respawnDelay="45" />
		<npc id="21451" x="58747" y="-87371" z="-2203" heading="0" respawnDelay="45" />
		<npc id="21451" x="58546" y="-87015" z="-2234" heading="0" respawnDelay="45" />
		<npc id="21451" x="52929" y="-86175" z="-2700" heading="0" respawnDelay="45" />
		<npc id="21451" x="53030" y="-85997" z="-2696" heading="0" respawnDelay="45" />
		<npc id="21451" x="46646" y="-82362" z="-3305" heading="39687" respawnDelay="45" />
		<npc id="21451" x="47172" y="-79416" z="-3488" heading="52933" respawnDelay="45" />
		<npc id="21451" x="46914" y="-78739" z="-3488" heading="59282" respawnDelay="45" />
		<npc id="21451" x="46558" y="-79587" z="-3488" heading="34054" respawnDelay="45" />
		<npc id="21451" x="49766" y="-83072" z="-2997" heading="61879" respawnDelay="45" />
		<npc id="21451" x="49587" y="-81357" z="-3086" heading="11897" respawnDelay="45" />
		<npc id="21451" x="51278" y="-83286" z="-2734" heading="0" respawnDelay="45" />
		<npc id="21451" x="52379" y="-81696" z="-2727" heading="65129" respawnDelay="45" />
		<npc id="21451" x="54251" y="-83345" z="-2724" heading="4613" respawnDelay="45" />
		<npc id="21470" x="53870" y="-75199" z="-3370" heading="9659" respawnDelay="45" />
		<npc id="21470" x="51270" y="-76284" z="-3363" heading="13579" respawnDelay="45" />
		<npc id="21470" x="48463" y="-77912" z="-3493" heading="59047" respawnDelay="45" />
		<npc id="21470" x="51477" y="-80649" z="-2880" heading="0" respawnDelay="45" />
		<npc id="21470" x="50671" y="-81005" z="-2952" heading="0" respawnDelay="45" />
		<npc id="21470" x="52673" y="-80186" z="-2826" heading="0" respawnDelay="45" />
		<npc id="21470" x="53379" y="-80364" z="-2826" heading="0" respawnDelay="45" />
		<npc id="21470" x="55637" y="-76750" z="-3561" heading="42169" respawnDelay="45" />
		<npc id="21470" x="58414" y="-77331" z="-3359" heading="0" respawnDelay="45" />
		<npc id="21470" x="54774" y="-81117" z="-2918" heading="0" respawnDelay="45" />
		<npc id="21470" x="57505" y="-79612" z="-3315" heading="20520" respawnDelay="45" />
		<npc id="21470" x="55776" y="-82352" z="-2795" heading="0" respawnDelay="45" />
		<npc id="21470" x="55343" y="-85212" z="-2642" heading="4965" respawnDelay="45" />
		<npc id="21470" x="58126" y="-84209" z="-2632" heading="0" respawnDelay="45" />
		<npc id="21470" x="58645" y="-87549" z="-2167" heading="0" respawnDelay="45" />
		<npc id="21470" x="58143" y="-87371" z="-2227" heading="0" respawnDelay="45" />
		<npc id="21470" x="58344" y="-87727" z="-2120" heading="0" respawnDelay="45" />
		<npc id="21470" x="52526" y="-86531" z="-2669" heading="0" respawnDelay="45" />
		<npc id="21470" x="52324" y="-86887" z="-2555" heading="0" respawnDelay="45" />
		<npc id="21470" x="52425" y="-86709" z="-2614" heading="0" respawnDelay="45" />
		<npc id="21470" x="52935" y="-87884" z="-2412" heading="16874" respawnDelay="45" />
		<npc id="21470" x="53227" y="-87427" z="-2402" heading="32457" respawnDelay="45" />
		<npc id="21470" x="52537" y="-88218" z="-2411" heading="57676" respawnDelay="45" />
		<npc id="21470" x="52810" y="-89478" z="-2168" heading="17253" respawnDelay="45" />
		<npc id="21470" x="52735" y="-90543" z="-2131" heading="40058" respawnDelay="45" />
		<npc id="21470" x="51914" y="-92477" z="-2104" heading="35370" respawnDelay="45" />
		<npc id="21470" x="50826" y="-91027" z="-2321" heading="64505" respawnDelay="45" />
		<npc id="21470" x="49332" y="-91445" z="-2525" heading="0" respawnDelay="45" />
		<npc id="21470" x="50313" y="-88153" z="-2473" heading="9041" respawnDelay="45" />
		<npc id="21470" x="50456" y="-86767" z="-2539" heading="0" respawnDelay="45" />
		<npc id="21470" x="50848" y="-85174" z="-2810" heading="38160" respawnDelay="45" />
		<npc id="21470" x="46475" y="-91218" z="-2646" heading="55468" respawnDelay="45" />
		<npc id="21470" x="44792" y="-92542" z="-2374" heading="60238" respawnDelay="45" />
		<npc id="21470" x="47221" y="-88420" z="-2581" heading="63374" respawnDelay="45" />
		<npc id="21470" x="45517" y="-87261" z="-2636" heading="24814" respawnDelay="45" />
		<npc id="21470" x="49543" y="-84125" z="-2968" heading="2194" respawnDelay="45" />
		<npc id="21470" x="49063" y="-85777" z="-2981" heading="57748" respawnDelay="45" />
		<npc id="21470" x="47436" y="-82517" z="-3309" heading="61499" respawnDelay="45" />
		<npc id="21470" x="46631" y="-81875" z="-3314" heading="15687" respawnDelay="45" />
		<npc id="21470" x="47287" y="-81940" z="-3311" heading="4523" respawnDelay="45" />
		<npc id="21470" x="46205" y="-78270" z="-3488" heading="26666" respawnDelay="45" />
		<npc id="21470" x="46106" y="-78981" z="-3488" heading="23074" respawnDelay="45" />
		<npc id="21470" x="45550" y="-78985" z="-3488" heading="26646" respawnDelay="45" />
		<npc id="21470" x="49712" y="-81681" z="-3089" heading="8588" respawnDelay="45" />
		<npc id="21470" x="49388" y="-81262" z="-3166" heading="28201" respawnDelay="45" />
		<npc id="21470" x="49165" y="-82474" z="-3150" heading="50965" respawnDelay="45" />
		<npc id="21470" x="48737" y="-82795" z="-3166" heading="31043" respawnDelay="45" />
		<npc id="21470" x="50875" y="-83642" z="-2785" heading="0" respawnDelay="45" />
		<npc id="21470" x="51565" y="-81585" z="-2797" heading="8104" respawnDelay="45" />
		<npc id="21470" x="50507" y="-83399" z="-2826" heading="40609" respawnDelay="45" />
		<npc id="21470" x="51223" y="-81689" z="-2854" heading="33685" respawnDelay="45" />
		<npc id="21470" x="52916" y="-81166" z="-2785" heading="24819" respawnDelay="45" />
		<npc id="21470" x="53711" y="-82919" z="-2719" heading="31142" respawnDelay="45" />
		<npc id="21470" x="53522" y="-82062" z="-2720" heading="26703" respawnDelay="45" />
		<npc id="21470" x="53579" y="-84046" z="-2727" heading="0" respawnDelay="45" />
		<npc id="21470" x="51959" y="-83900" z="-2700" heading="30977" respawnDelay="45" />
		<npc id="21470" x="53092" y="-84131" z="-2722" heading="39479" respawnDelay="45" />
		<npc id="21470" x="52255" y="-84220" z="-2716" heading="34963" respawnDelay="45" />
		<npc id="21470" x="51394" y="-84319" z="-2759" heading="0" respawnDelay="45" />
		<npc id="21470" x="51309" y="-84427" z="-2764" heading="0" respawnDelay="45" />
		<npc id="21489" x="53910" y="-87446" z="-2422" heading="13412" respawnDelay="45" />
		<npc id="21489" x="53929" y="-88442" z="-2383" heading="56985" respawnDelay="45" />
		<npc id="21489" x="52532" y="-89972" z="-2164" heading="65254" respawnDelay="45" />
		<npc id="21489" x="53114" y="-90113" z="-2174" heading="64737" respawnDelay="45" />
		<npc id="21489" x="52355" y="-92778" z="-2104" heading="8555" respawnDelay="45" />
		<npc id="21489" x="52844" y="-92468" z="-2104" heading="4196" respawnDelay="45" />
		<npc id="21489" x="52011" y="-92849" z="-2104" heading="37782" respawnDelay="45" />
		<npc id="21489" x="48933" y="-89794" z="-2426" heading="47164" respawnDelay="45" />
		<npc id="21489" x="48149" y="-91158" z="-2581" heading="13895" respawnDelay="45" />
		<npc id="21489" x="49604" y="-90770" z="-2443" heading="62329" respawnDelay="45" />
		<npc id="21489" x="50096" y="-89836" z="-2450" heading="17578" respawnDelay="45" />
		<npc id="21489" x="49643" y="-88826" z="-2429" heading="41178" respawnDelay="45" />
		<npc id="21489" x="47934" y="-92029" z="-2532" heading="47263" respawnDelay="45" />
		<npc id="21489" x="50672" y="-90171" z="-2379" heading="16985" respawnDelay="45" />
		<npc id="21489" x="50775" y="-87627" z="-2501" heading="32859" respawnDelay="45" />
		<npc id="21489" x="51584" y="-85416" z="-2730" heading="1593" respawnDelay="45" />
		<npc id="21489" x="50573" y="-86115" z="-2718" heading="55214" respawnDelay="45" />
		<npc id="21489" x="49433" y="-86863" z="-2702" heading="0" respawnDelay="45" />
		<npc id="21489" x="49643" y="-87826" z="-2570" heading="0" respawnDelay="45" />
		<npc id="21489" x="45897" y="-91403" z="-2672" heading="0" respawnDelay="45" />
		<npc id="21489" x="46056" y="-92224" z="-2596" heading="31527" respawnDelay="45" />
		<npc id="21489" x="46381" y="-90473" z="-2658" heading="6360" respawnDelay="45" />
		<npc id="21489" x="44204" y="-92286" z="-2375" heading="1316" respawnDelay="45" />
		<npc id="21489" x="45390" y="-92928" z="-2374" heading="60739" respawnDelay="45" />
		<npc id="21489" x="44416" y="-92954" z="-2374" heading="16971" respawnDelay="45" />
		<npc id="21489" x="45630" y="-93322" z="-2374" heading="53241" respawnDelay="45" />
		<npc id="21489" x="46240" y="-87445" z="-2633" heading="51239" respawnDelay="45" />
		<npc id="21489" x="46053" y="-86921" z="-2615" heading="26572" respawnDelay="45" />
		<npc id="21489" x="47246" y="-87623" z="-2667" heading="53407" respawnDelay="45" />
		<npc id="21489" x="46862" y="-86568" z="-2614" heading="13515" respawnDelay="45" />
		<npc id="21489" x="48278" y="-85481" z="-3029" heading="39530" respawnDelay="45" />
		<npc id="21489" x="48186" y="-84370" z="-3032" heading="36135" respawnDelay="45" />
	</spawn>
</list>
