<?xml version="1.0" encoding="UTF-8"?>
<list enabled="true" xmlns:xsi="http://www.w3.org/2001/XMLSchema-instance" xsi:noNamespaceSchemaLocation="../xsd/spawns.xsd">
	<spawn name="CryptsOfDiscrace">
		<npc id="21656" x="175361" y="-112289" z="-5521" heading="44934" respawnDelay="110" />
		<npc id="21656" x="175512" y="-111857" z="-5521" heading="29677" respawnDelay="110" />
		<npc id="21656" x="174668" y="-112173" z="-5501" heading="33054" respawnDelay="110" />
		<npc id="21656" x="178806" y="-113105" z="-5804" heading="58611" respawnDelay="110" />
		<npc id="21656" x="178051" y="-112955" z="-5834" heading="54978" respawnDelay="110" />
		<npc id="21656" x="178525" y="-113620" z="-5834" heading="18285" respawnDelay="110" />
		<npc id="21656" x="180270" y="-116964" z="-6170" heading="0" respawnDelay="110" />
		<npc id="21656" x="180371" y="-116786" z="-6170" heading="0" respawnDelay="110" />
		<npc id="21656" x="179968" y="-116430" z="-6170" heading="0" respawnDelay="110" />
		<npc id="21657" x="178242" y="-109055" z="-5886" heading="0" respawnDelay="110" />
		<npc id="21657" x="179216" y="-107717" z="-5834" heading="6763" respawnDelay="110" />
		<npc id="21657" x="178392" y="-108652" z="-5834" heading="52395" respawnDelay="110" />
		<npc id="21657" x="178793" y="-109557" z="-5834" heading="50754" respawnDelay="110" />
		<npc id="21657" x="178255" y="-110440" z="-5893" heading="0" respawnDelay="110" />
		<npc id="21657" x="178556" y="-109906" z="-5893" heading="0" respawnDelay="110" />
		<npc id="21657" x="182130" y="-106489" z="-6101" heading="0" respawnDelay="110" />
		<npc id="21657" x="181928" y="-106489" z="-6101" heading="0" respawnDelay="110" />
		<npc id="21657" x="181525" y="-107201" z="-6101" heading="0" respawnDelay="110" />
		<npc id="21657" x="185355" y="-109112" z="-5888" heading="35885" respawnDelay="110" />
		<npc id="21657" x="186846" y="-108788" z="-5888" heading="44506" respawnDelay="110" />
		<npc id="21657" x="187665" y="-110658" z="-5888" heading="40265" respawnDelay="110" />
		<npc id="21657" x="186833" y="-110797" z="-5888" heading="25874" respawnDelay="110" />
		<npc id="22007" x="51003" y="-118403" z="-4154" heading="54153" respawnDelay="60" />
		<npc id="22007" x="49735" y="-120081" z="-4143" heading="26814" respawnDelay="60" />
		<npc id="22007" x="49732" y="-120239" z="-4143" heading="57247" respawnDelay="60" />
		<npc id="22007" x="49663" y="-120556" z="-4257" heading="18586" respawnDelay="60" />
		<npc id="22007" x="48056" y="-121272" z="-3741" heading="42520" respawnDelay="60" />
		<npc id="22007" x="47679" y="-121022" z="-3879" heading="24730" respawnDelay="60" />
		<npc id="22007" x="48066" y="-120891" z="-3885" heading="4324" respawnDelay="60" />
		<npc id="22007" x="47936" y="-123021" z="-3880" heading="52024" respawnDelay="60" />
		<npc id="22007" x="47924" y="-123077" z="-3877" heading="46950" respawnDelay="60" />
		<npc id="22007" x="46898" y="-124107" z="-3655" heading="28847" respawnDelay="60" />
		<npc id="22007" x="46704" y="-123622" z="-3712" heading="22148" respawnDelay="60" />
		<npc id="22007" x="46013" y="-123352" z="-3701" heading="10158" respawnDelay="60" />
		<npc id="22007" x="45987" y="-124907" z="-3372" heading="34348" respawnDelay="60" />
		<npc id="22007" x="46152" y="-124627" z="-3342" heading="60795" respawnDelay="60" />
		<npc id="22007" x="46422" y="-125366" z="-3343" heading="2599" respawnDelay="60" />
		<npc id="22007" x="46393" y="-125833" z="-3611" heading="49040" respawnDelay="60" />
		<npc id="22007" x="46659" y="-125494" z="-3459" heading="6846" respawnDelay="60" />
		<npc id="22007" x="46980" y="-125746" z="-3655" heading="28723" respawnDelay="60" />
		<npc id="22007" x="47339" y="-122709" z="-3881" heading="50819" respawnDelay="60" />
		<npc id="22007" x="47216" y="-123978" z="-3689" heading="53422" respawnDelay="60" />
		<npc id="22007" x="47077" y="-124617" z="-3463" heading="46124" respawnDelay="60" />
		<npc id="22007" x="50859" y="-121605" z="-4124" heading="25731" respawnDelay="60" />
		<npc id="22007" x="52223" y="-122929" z="-3873" heading="31988" respawnDelay="60" />
		<npc id="22007" x="52526" y="-122581" z="-3682" heading="3624" respawnDelay="60" />
		<npc id="22007" x="52562" y="-122467" z="-3618" heading="13194" respawnDelay="60" />
		<npc id="22007" x="53178" y="-122072" z="-3877" heading="6692" respawnDelay="60" />
		<npc id="22007" x="53155" y="-121252" z="-3887" heading="19890" respawnDelay="60" />
		<npc id="22007" x="52098" y="-121379" z="-3674" heading="49946" respawnDelay="60" />
		<npc id="22007" x="50676" y="-125740" z="-3673" heading="54694" respawnDelay="60" />
		<npc id="22007" x="50824" y="-125571" z="-3673" heading="8866" respawnDelay="60" />
		<npc id="22007" x="49891" y="-124338" z="-3480" heading="33966" respawnDelay="60" />
		<npc id="22007" x="50999" y="-123936" z="-3798" heading="60550" respawnDelay="60" />
		<npc id="22007" x="50868" y="-124457" z="-3633" heading="41113" respawnDelay="60" />
		<npc id="22007" x="50737" y="-124669" z="-3559" heading="43378" respawnDelay="60" />
		<npc id="22007" x="50737" y="-124669" z="-3477" heading="43378" respawnDelay="60" />
		<npc id="22007" x="50519" y="-124611" z="-3344" heading="30056" respawnDelay="60" />
		<npc id="22007" x="49081" y="-125179" z="-3687" heading="50449" respawnDelay="60" />
		<npc id="22007" x="49186" y="-125222" z="-3681" heading="61481" respawnDelay="60" />
		<npc id="22007" x="51260" y="-124236" z="-3795" heading="2556" respawnDelay="60" />
		<npc id="22007" x="51242" y="-124310" z="-3766" heading="46663" respawnDelay="60" />
		<npc id="22007" x="51355" y="-125374" z="-3792" heading="45202" respawnDelay="60" />
		<npc id="22007" x="52771" y="-125128" z="-3690" heading="59238" respawnDelay="60" />
		<npc id="22007" x="53233" y="-125189" z="-3496" heading="64599" respawnDelay="60" />
		<npc id="22007" x="53283" y="-125110" z="-3442" heading="10499" respawnDelay="60" />
		<npc id="22007" x="53786" y="-125546" z="-3430" heading="51895" respawnDelay="60" />
		<npc id="22007" x="53846" y="-125538" z="-3410" heading="1383" respawnDelay="60" />
		<npc id="22007" x="53249" y="-125737" z="-3651" heading="25510" respawnDelay="60" />
		<npc id="22007" x="53101" y="-125923" z="-3780" heading="45481" respawnDelay="60" />
		<npc id="22007" x="53823" y="-126019" z="-3694" heading="874" respawnDelay="60" />
		<npc id="22007" x="54208" y="-125432" z="-3418" heading="18181" respawnDelay="60" />
		<npc id="22007" x="54143" y="-125446" z="-3403" heading="34980" respawnDelay="60" />
		<npc id="22007" x="54085" y="-125405" z="-3374" heading="26350" respawnDelay="60" />
		<npc id="22007" x="54587" y="-124929" z="-3491" heading="22273" respawnDelay="60" />
		<npc id="22007" x="54236" y="-124632" z="-3320" heading="34583" respawnDelay="60" />
		<npc id="22007" x="54236" y="-124632" z="-3287" heading="24784" respawnDelay="60" />
		<npc id="22007" x="53732" y="-123973" z="-3643" heading="40322" respawnDelay="60" />
		<npc id="22007" x="53063" y="-123647" z="-3969" heading="37421" respawnDelay="60" />
		<npc id="22007" x="52955" y="-124460" z="-3645" heading="63943" respawnDelay="60" />
		<npc id="22007" x="47607" y="-125468" z="-3650" heading="53936" respawnDelay="60" />
		<npc id="22007" x="51449" y="-123555" z="-4034" heading="27280" respawnDelay="60" />
		<npc id="22007" x="49888" y="-121873" z="-3940" heading="2556" respawnDelay="60" />
		<npc id="22007" x="51733" y="-118363" z="-4349" heading="20064" respawnDelay="60" />
		<npc id="22007" x="52852" y="-119828" z="-4184" heading="52258" respawnDelay="60" />
		<npc id="22007" x="53091" y="-120954" z="-3951" heading="57116" respawnDelay="60" />
		<npc id="22007" x="52059" y="-124772" z="-3791" heading="29813" respawnDelay="60" />
		<npc id="22007" x="47712" y="-119860" z="-4049" heading="10292" respawnDelay="60" />
		<npc id="22009" x="50358" y="-118134" z="-4143" heading="35032" respawnDelay="60" />
		<npc id="22009" x="49595" y="-119413" z="-3964" heading="46204" respawnDelay="60" />
		<npc id="22009" x="50285" y="-119842" z="-4027" heading="20689" respawnDelay="60" />
		<npc id="22009" x="50549" y="-119601" z="-3937" heading="20110" respawnDelay="60" />
		<npc id="22009" x="51058" y="-119990" z="-4137" heading="7012" respawnDelay="60" />
		<npc id="22009" x="50003" y="-120137" z="-4123" heading="7012" respawnDelay="60" />
		<npc id="22009" x="48521" y="-121163" z="-3881" heading="9611" respawnDelay="60" />
		<npc id="22009" x="47913" y="-121006" z="-3881" heading="34002" respawnDelay="60" />
		<npc id="22009" x="47952" y="-120824" z="-3903" heading="14604" respawnDelay="60" />
		<npc id="22009" x="48292" y="-121166" z="-3840" heading="42230" respawnDelay="60" />
		<npc id="22009" x="48975" y="-121478" z="-3880" heading="61530" respawnDelay="60" />
		<npc id="22009" x="48198" y="-122248" z="-3444" heading="59402" respawnDelay="60" />
		<npc id="22009" x="47583" y="-124017" z="-3855" heading="50562" respawnDelay="60" />
		<npc id="22009" x="45997" y="-124056" z="-3655" heading="48438" respawnDelay="60" />
		<npc id="22009" x="46111" y="-124489" z="-3409" heading="48647" respawnDelay="60" />
		<npc id="22009" x="46043" y="-125026" z="-3364" heading="53739" respawnDelay="60" />
		<npc id="22009" x="46378" y="-124818" z="-3238" heading="24298" respawnDelay="60" />
		<npc id="22009" x="46287" y="-125063" z="-3237" heading="51495" respawnDelay="60" />
		<npc id="22009" x="46744" y="-125390" z="-3383" heading="905" respawnDelay="60" />
		<npc id="22009" x="46849" y="-125313" z="-3397" heading="6455" respawnDelay="60" />
		<npc id="22009" x="46917" y="-125540" z="-3483" heading="52216" respawnDelay="60" />
		<npc id="22009" x="47143" y="-125851" z="-3654" heading="43592" respawnDelay="60" />
		<npc id="22009" x="47217" y="-122884" z="-3889" heading="8805" respawnDelay="60" />
		<npc id="22009" x="51299" y="-121829" z="-3874" heading="32272" respawnDelay="60" />
		<npc id="22009" x="51175" y="-121740" z="-3889" heading="25220" respawnDelay="60" />
		<npc id="22009" x="51700" y="-122331" z="-3690" heading="60246" respawnDelay="60" />
		<npc id="22009" x="51275" y="-122132" z="-3877" heading="28201" respawnDelay="60" />
		<npc id="22009" x="51491" y="-122321" z="-3795" heading="60529" respawnDelay="60" />
		<npc id="22009" x="52463" y="-122947" z="-3873" heading="45796" respawnDelay="60" />
		<npc id="22009" x="51831" y="-122985" z="-3876" heading="32922" respawnDelay="60" />
		<npc id="22009" x="53011" y="-122506" z="-3878" heading="21088" respawnDelay="60" />
		<npc id="22009" x="52737" y="-122088" z="-3691" heading="23078" respawnDelay="60" />
		<npc id="22009" x="52548" y="-121718" z="-3518" heading="1155" respawnDelay="60" />
		<npc id="22009" x="53362" y="-121664" z="-3908" heading="9932" respawnDelay="60" />
		<npc id="22009" x="49826" y="-125590" z="-3472" heading="55735" respawnDelay="60" />
		<npc id="22009" x="50131" y="-125592" z="-3481" heading="10210" respawnDelay="60" />
		<npc id="22009" x="51085" y="-125201" z="-3673" heading="14971" respawnDelay="60" />
		<npc id="22009" x="50052" y="-124699" z="-3245" heading="28310" respawnDelay="60" />
		<npc id="22009" x="50010" y="-124305" z="-3253" heading="17280" respawnDelay="60" />
		<npc id="22009" x="49753" y="-123990" z="-3677" heading="20322" respawnDelay="60" />
		<npc id="22009" x="52858" y="-125067" z="-3648" heading="47732" respawnDelay="60" />
		<npc id="22009" x="53795" y="-125085" z="-3205" heading="63325" respawnDelay="60" />
		<npc id="22009" x="53751" y="-125615" z="-3481" heading="39872" respawnDelay="60" />
		<npc id="22009" x="54218" y="-126079" z="-3748" heading="0" respawnDelay="60" />
		<npc id="22009" x="54511" y="-125245" z="-3332" heading="2040" respawnDelay="60" />
		<npc id="22009" x="54763" y="-125275" z="-3594" heading="46713" respawnDelay="60" />
		<npc id="22009" x="54139" y="-123158" z="-4056" heading="27276" respawnDelay="60" />
		<npc id="22009" x="52155" y="-123578" z="-4007" heading="39085" respawnDelay="60" />
		<npc id="22009" x="50463" y="-123318" z="-4017" heading="34231" respawnDelay="60" />
		<npc id="22009" x="49636" y="-122561" z="-4028" heading="10697" respawnDelay="60" />
		<npc id="22009" x="50624" y="-120953" z="-4268" heading="9114" respawnDelay="60" />
		<npc id="22009" x="51719" y="-120294" z="-4220" heading="2110" respawnDelay="60" />
		<npc id="22009" x="51883" y="-118911" z="-4391" heading="18490" respawnDelay="60" />
		<npc id="22009" x="52828" y="-120631" z="-4077" heading="46751" respawnDelay="60" />
		<npc id="22010" x="50002" y="-119101" z="-3734" heading="30805" respawnDelay="60" />
		<npc id="22010" x="49377" y="-118505" z="-4139" heading="24625" respawnDelay="60" />
		<npc id="22010" x="50813" y="-120171" z="-4138" heading="5148" respawnDelay="60" />
		<npc id="22010" x="49942" y="-120224" z="-4141" heading="42773" respawnDelay="60" />
		<npc id="22010" x="48077" y="-120920" z="-3880" heading="64496" respawnDelay="60" />
		<npc id="22010" x="47818" y="-122198" z="-3483" heading="15052" respawnDelay="60" />
		<npc id="22010" x="48317" y="-122598" z="-3653" heading="51271" respawnDelay="60" />
		<npc id="22010" x="46190" y="-124876" z="-3244" heading="51402" respawnDelay="60" />
		<npc id="22010" x="46225" y="-125438" z="-3444" heading="48655" respawnDelay="60" />
		<npc id="22010" x="46579" y="-125046" z="-3238" heading="58589" respawnDelay="60" />
		<npc id="22010" x="47314" y="-122554" z="-3880" heading="64735" respawnDelay="60" />
		<npc id="22010" x="46848" y="-124757" z="-3267" heading="38923" respawnDelay="60" />
		<npc id="22010" x="52394" y="-122469" z="-3565" heading="30352" respawnDelay="60" />
		<npc id="22010" x="51945" y="-122592" z="-3771" heading="21305" respawnDelay="60" />
		<npc id="22010" x="52901" y="-122868" z="-3674" heading="56475" respawnDelay="60" />
		<npc id="22010" x="52971" y="-121862" z="-3728" heading="62015" respawnDelay="60" />
		<npc id="22010" x="52555" y="-120776" z="-3907" heading="25874" respawnDelay="60" />
		<npc id="22010" x="51886" y="-121631" z="-3567" heading="50010" respawnDelay="60" />
		<npc id="22010" x="51661" y="-120917" z="-3936" heading="20502" respawnDelay="60" />
		<npc id="22010" x="49767" y="-124425" z="-3461" heading="55150" respawnDelay="60" />
		<npc id="22010" x="49700" y="-125245" z="-3337" heading="46972" respawnDelay="60" />
		<npc id="22010" x="50852" y="-125072" z="-3527" heading="28052" respawnDelay="60" />
		<npc id="22010" x="50667" y="-124761" z="-3399" heading="31411" respawnDelay="60" />
		<npc id="22010" x="50499" y="-123714" z="-3693" heading="2498" respawnDelay="60" />
		<npc id="22010" x="49936" y="-125096" z="-3271" heading="45574" respawnDelay="60" />
		<npc id="22010" x="49155" y="-125323" z="-3679" heading="28468" respawnDelay="60" />
		<npc id="22010" x="49078" y="-125083" z="-3684" heading="19623" respawnDelay="60" />
		<npc id="22010" x="51308" y="-124329" z="-3789" heading="62612" respawnDelay="60" />
		<npc id="22010" x="51481" y="-125533" z="-3927" heading="56141" respawnDelay="60" />
		<npc id="22010" x="52951" y="-124919" z="-3638" heading="9236" respawnDelay="60" />
		<npc id="22010" x="53342" y="-125151" z="-3409" heading="59201" respawnDelay="60" />
		<npc id="22010" x="53727" y="-125564" z="-3460" heading="20972" respawnDelay="60" />
		<npc id="22010" x="53334" y="-125808" z="-3648" heading="36243" respawnDelay="60" />
		<npc id="22010" x="53101" y="-125923" z="-3765" heading="49152" respawnDelay="60" />
		<npc id="22010" x="53561" y="-126041" z="-3726" heading="63360" respawnDelay="60" />
		<npc id="22010" x="54225" y="-125666" z="-3664" heading="16188" respawnDelay="60" />
		<npc id="22010" x="54735" y="-125166" z="-3621" heading="19838" respawnDelay="60" />
		<npc id="22010" x="53466" y="-123356" z="-4050" heading="21059" respawnDelay="60" />
		<npc id="22010" x="52945" y="-124146" z="-3765" heading="54262" respawnDelay="60" />
		<npc id="22010" x="53221" y="-124547" z="-3531" heading="8375" respawnDelay="60" />
		<npc id="22010" x="48904" y="-122311" z="-3654" heading="53546" respawnDelay="60" />
		<npc id="22010" x="49042" y="-122620" z="-3881" heading="53546" respawnDelay="60" />
		<npc id="22010" x="49021" y="-122709" z="-3880" heading="37817" respawnDelay="60" />
		<npc id="22010" x="48330" y="-123195" z="-3867" heading="38611" respawnDelay="60" />
		<npc id="22010" x="47665" y="-123294" z="-3881" heading="37153" respawnDelay="60" />
		<npc id="22010" x="55031" y="-123280" z="-4039" heading="22197" respawnDelay="60" />
		<npc id="22010" x="53311" y="-123037" z="-4026" heading="34769" respawnDelay="60" />
		<npc id="22010" x="52744" y="-123352" z="-4009" heading="31621" respawnDelay="60" />
		<npc id="22010" x="49904" y="-122973" z="-4071" heading="26184" respawnDelay="60" />
		<npc id="22010" x="49313" y="-122108" z="-3906" heading="7731" respawnDelay="60" />
		<npc id="22010" x="52044" y="-120280" z="-4187" heading="450" respawnDelay="60" />
		<npc id="22010" x="51957" y="-119575" z="-4258" heading="16491" respawnDelay="60" />
		<npc id="22010" x="53936" y="-122780" z="-4091" heading="52138" respawnDelay="60" />
		<npc id="22010" x="54035" y="-123639" z="-3845" heading="37506" respawnDelay="60" />
		<npc id="22010" x="46878" y="-119203" z="-3924" heading="37450" respawnDelay="60" />
		<npc id="22011" x="49891" y="-119274" z="-3733" heading="57076" respawnDelay="60" />
		<npc id="22011" x="48565" y="-121952" z="-3511" heading="44831" respawnDelay="60" />
		<npc id="22011" x="47875" y="-122603" z="-3690" heading="16142" respawnDelay="60" />
		<npc id="22011" x="46456" y="-124773" z="-3238" heading="5458" respawnDelay="60" />
		<npc id="22011" x="52148" y="-122137" z="-3446" heading="65486" respawnDelay="60" />
		<npc id="22011" x="50386" y="-124779" z="-3245" heading="32320" respawnDelay="60" />
		<npc id="22011" x="53662" y="-125017" z="-3205" heading="37382" respawnDelay="60" />
	</spawn>
</list>
