<?xml version="1.0" encoding="UTF-8"?>
<list enabled="true" xmlns:xsi="http://www.w3.org/2001/XMLSchema-instance" xsi:noNamespaceSchemaLocation="../xsd/spawns.xsd">
	<spawn name="DenOfEvil">
		<npc id="22029" x="69886" y="-118100" z="-2529" heading="33174" respawnDelay="60" />
		<npc id="22029" x="74174" y="-120841" z="-3029" heading="28959" respawnDelay="60" />
		<npc id="22029" x="75312" y="-121066" z="-3031" heading="57968" respawnDelay="60" />
		<npc id="22029" x="70135" y="-125514" z="-3017" heading="52252" respawnDelay="60" />
		<npc id="22029" x="71212" y="-128949" z="-3367" heading="23034" respawnDelay="60" />
		<npc id="22029" x="76157" y="-127109" z="-3152" heading="3226" respawnDelay="60" />
		<npc id="22029" x="68283" y="-122457" z="-2912" heading="50608" respawnDelay="60" />
		<npc id="22029" x="67503" y="-122327" z="-2912" heading="29035" respawnDelay="60" />
		<npc id="22030" x="74751" y="-121526" z="-3029" heading="46414" respawnDelay="60" />
		<npc id="22030" x="70210" y="-125527" z="-3017" heading="30356" respawnDelay="60" />
		<npc id="22030" x="70896" y="-125730" z="-3017" heading="5200" respawnDelay="60" />
		<npc id="22030" x="76352" y="-127051" z="-3152" heading="3016" respawnDelay="60" />
		<npc id="22031" x="74438" y="-116987" z="-2220" heading="52185" respawnDelay="60" />
		<npc id="22031" x="74476" y="-116556" z="-2220" heading="11874" respawnDelay="60" />
		<npc id="22031" x="70709" y="-117712" z="-2528" heading="42805" respawnDelay="60" />
		<npc id="22031" x="70078" y="-118787" z="-2528" heading="43617" respawnDelay="60" />
		<npc id="22031" x="67403" y="-116455" z="-2172" heading="51781" respawnDelay="60" />
		<npc id="22031" x="73333" y="-120994" z="-3029" heading="50596" respawnDelay="60" />
		<npc id="22031" x="74177" y="-121460" z="-3029" heading="60013" respawnDelay="60" />
		<npc id="22031" x="74721" y="-122378" z="-3029" heading="58198" respawnDelay="60" />
		<npc id="22031" x="70060" y="-125819" z="-3017" heading="39095" respawnDelay="60" />
		<npc id="22031" x="71381" y="-125651" z="-3017" heading="39095" respawnDelay="60" />
		<npc id="22031" x="71924" y="-128972" z="-3368" heading="46347" respawnDelay="60" />
		<npc id="22031" x="71114" y="-128948" z="-3367" heading="28999" respawnDelay="60" />
		<npc id="22031" x="75656" y="-127720" z="-3152" heading="54752" respawnDelay="60" />
		<npc id="22031" x="76837" y="-127255" z="-3152" heading="21980" respawnDelay="60" />
		<npc id="22031" x="67319" y="-122698" z="-2912" heading="24928" respawnDelay="60" />
		<npc id="22031" x="66837" y="-122024" z="-2911" heading="41251" respawnDelay="60" />
		<npc id="22031" x="68095" y="-122974" z="-2913" heading="4328" respawnDelay="60" />
		<npc id="22031" x="69080" y="-118825" z="-2529" heading="18151" respawnDelay="60" />
		<npc id="22031" x="73953" y="-122481" z="-3029" heading="61868" respawnDelay="60" />
		<npc id="22032" x="74671" y="-116650" z="-2220" heading="49876" respawnDelay="60" />
		<npc id="22032" x="74077" y="-117178" z="-2220" heading="41241" respawnDelay="60" />
		<npc id="22032" x="70747" y="-118554" z="-2529" heading="53514" respawnDelay="60" />
		<npc id="22032" x="68386" y="-116596" z="-2173" heading="10027" respawnDelay="60" />
		<npc id="22032" x="68375" y="-115543" z="-2174" heading="12107" respawnDelay="60" />
		<npc id="22032" x="67561" y="-115888" z="-2174" heading="36123" respawnDelay="60" />
		<npc id="22032" x="73748" y="-121740" z="-3029" heading="11255" respawnDelay="60" />
		<npc id="22032" x="73584" y="-120921" z="-3029" heading="58824" respawnDelay="60" />
		<npc id="22032" x="71274" y="-125065" z="-3017" heading="54923" respawnDelay="60" />
		<npc id="22032" x="70759" y="-125428" z="-3017" heading="56034" respawnDelay="60" />
		<npc id="22032" x="71247" y="-126074" z="-3017" heading="25487" respawnDelay="60" />
		<npc id="22032" x="71651" y="-128631" z="-3367" heading="40347" respawnDelay="60" />
		<npc id="22032" x="75339" y="-127161" z="-3152" heading="42350" respawnDelay="60" />
		<npc id="22032" x="76598" y="-126831" z="-3153" heading="4467" respawnDelay="60" />
		<npc id="22032" x="67770" y="-122799" z="-2912" heading="24473" respawnDelay="60" />
		<npc id="22032" x="68177" y="-122026" z="-2912" heading="61196" respawnDelay="60" />
		<npc id="22032" x="66924" y="-121932" z="-2910" heading="28467" respawnDelay="60" />
		<npc id="22032" x="70610" y="-119390" z="-2528" heading="63082" respawnDelay="60" />
		<npc id="22032" x="69762" y="-119413" z="-2529" heading="44061" respawnDelay="60" />
		<npc id="22032" x="74158" y="-122532" z="-3029" heading="62842" respawnDelay="60" />
		<npc id="22032" x="62921" y="-118015" z="-3066" heading="4610" respawnDelay="60" />
		<npc id="22033" x="70709" y="-118724" z="-2528" heading="41833" respawnDelay="60" />
		<npc id="22033" x="69527" y="-119087" z="-2529" heading="56490" respawnDelay="60" />
		<npc id="22033" x="68197" y="-116874" z="-2173" heading="21324" respawnDelay="60" />
		<npc id="22033" x="67386" y="-116389" z="-2172" heading="33976" respawnDelay="60" />
		<npc id="22033" x="67915" y="-116462" z="-2173" heading="3466" respawnDelay="60" />
		<npc id="22033" x="74183" y="-122169" z="-3029" heading="11756" respawnDelay="60" />
		<npc id="22033" x="70764" y="-126256" z="-3017" heading="36274" respawnDelay="60" />
		<npc id="22033" x="70735" y="-124904" z="-3017" heading="17876" respawnDelay="60" />
		<npc id="22033" x="71694" y="-129209" z="-3367" heading="49923" respawnDelay="60" />
		<npc id="22033" x="71413" y="-128519" z="-3367" heading="18011" respawnDelay="60" />
		<npc id="22033" x="71744" y="-128355" z="-3369" heading="59270" respawnDelay="60" />
		<npc id="22033" x="71294" y="-129083" z="-3367" heading="24123" respawnDelay="60" />
		<npc id="22033" x="75586" y="-127980" z="-3152" heading="58465" respawnDelay="60" />
		<npc id="22033" x="76738" y="-127162" z="-3152" heading="2997" respawnDelay="60" />
		<npc id="22034" x="74938" y="-121908" z="-3029" heading="9185" respawnDelay="60" />
		<npc id="22034" x="68091" y="-121988" z="-2912" heading="6085" respawnDelay="60" />
		<npc id="22034" x="67701" y="-122160" z="-2912" heading="21517" respawnDelay="60" />
		<npc id="22034" x="66937" y="-122314" z="-2912" heading="65176" respawnDelay="60" />
		<npc id="22034" x="67493" y="-123118" z="-2917" heading="0" respawnDelay="60" />
		<npc id="22035" x="69768" y="-119521" z="-2530" heading="49730" respawnDelay="60" />
		<npc id="22035" x="73426" y="-121728" z="-3029" heading="49625" respawnDelay="60" />
		<npc id="22038" x="63002" y="-106810" z="-2385" heading="30749" respawnDelay="60" />
		<npc id="22038" x="63695" y="-107252" z="-2385" heading="58951" respawnDelay="60" />
		<npc id="22038" x="67422" y="-115858" z="-2173" heading="38461" respawnDelay="60" />
		<npc id="22038" x="62053" y="-117960" z="-3074" heading="28521" respawnDelay="60" />
		<npc id="22038" x="62551" y="-116622" z="-3071" heading="28133" respawnDelay="60" />
		<npc id="22039" x="68325" y="-107761" z="-1162" heading="17569" respawnDelay="60" />
		<npc id="22039" x="67867" y="-106897" z="-1162" heading="17169" respawnDelay="60" />
		<npc id="22039" x="67122" y="-107163" z="-1158" heading="33836" respawnDelay="60" />
		<npc id="22039" x="63092" y="-106877" z="-2385" heading="16572" respawnDelay="60" />
		<npc id="22039" x="62695" y="-117812" z="-3071" heading="12621" respawnDelay="60" />
		<npc id="22039" x="63028" y="-117364" z="-3071" heading="11176" respawnDelay="60" />
		<npc id="22039" x="61806" y="-116774" z="-3071" heading="37473" respawnDelay="60" />
		<npc id="22040" x="63123" y="-107408" z="-2387" heading="18549" respawnDelay="60" />
		<npc id="22040" x="63065" y="-117085" z="-3071" heading="14806" respawnDelay="60" />
		<npc id="22040" x="61860" y="-117330" z="-3073" heading="53131" respawnDelay="60" />
		<npc id="22041" x="74134" y="-116919" z="-2220" heading="34380" respawnDelay="60" />
		<npc id="22041" x="74633" y="-117168" z="-2220" heading="61212" respawnDelay="60" />
		<npc id="22041" x="74713" y="-116841" z="-2220" heading="14357" respawnDelay="60" />
		<npc id="22041" x="74463" y="-116449" z="-2220" heading="11635" respawnDelay="60" />
		<npc id="22041" x="74369" y="-116753" z="-2220" heading="43559" respawnDelay="60" />
		<npc id="22041" x="61819" y="-117815" z="-3078" heading="58011" respawnDelay="60" />
		<npc id="22041" x="62889" y="-117921" z="-3071" heading="4377" respawnDelay="60" />
		<npc id="22041" x="62889" y="-117023" z="-3071" heading="26568" respawnDelay="60" />
		<npc id="22041" x="62191" y="-116711" z="-3070" heading="31838" respawnDelay="60" />
		<npc id="22045" x="70400" y="-119996" z="-2661" heading="8458" respawnDelay="60" />
		<npc id="22045" x="69705" y="-120234" z="-2663" heading="32019" respawnDelay="60" />
		<npc id="22045" x="70986" y="-124170" z="-3159" heading="6422" respawnDelay="60" />
		<npc id="22045" x="72302" y="-125308" z="-3176" heading="43161" respawnDelay="60" />
		<npc id="22045" x="71912" y="-126615" z="-3335" heading="43122" respawnDelay="60" />
		<npc id="22045" x="72946" y="-127653" z="-3570" heading="10251" respawnDelay="60" />
		<npc id="22045" x="72043" y="-130282" z="-3351" heading="40670" respawnDelay="60" />
		<npc id="22045" x="72748" y="-130531" z="-3360" heading="60540" respawnDelay="60" />
		<npc id="22045" x="70939" y="-129637" z="-3447" heading="27862" respawnDelay="60" />
		<npc id="22045" x="72698" y="-126138" z="-3323" heading="9337" respawnDelay="60" />
		<npc id="22045" x="75469" y="-127651" z="-3152" heading="43219" respawnDelay="60" />
		<npc id="22045" x="76476" y="-125452" z="-3370" heading="5570" respawnDelay="60" />
		<npc id="22045" x="76715" y="-126318" z="-3222" heading="58441" respawnDelay="60" />
		<npc id="22045" x="76432" y="-126339" z="-3185" heading="35232" respawnDelay="60" />
		<npc id="22045" x="76008" y="-128866" z="-3393" heading="62528" respawnDelay="60" />
		<npc id="22045" x="68231" y="-124561" z="-3245" heading="22553" respawnDelay="60" />
		<npc id="22045" x="69314" y="-124286" z="-3178" heading="47518" respawnDelay="60" />
		<npc id="22045" x="68639" y="-123663" z="-3121" heading="4763" respawnDelay="60" />
		<npc id="22045" x="68556" y="-122434" z="-2912" heading="50478" respawnDelay="60" />
		<npc id="22045" x="73011" y="-122914" z="-3280" heading="361" respawnDelay="60" />
		<npc id="22045" x="75666" y="-122993" z="-3247" heading="14977" respawnDelay="60" />
		<npc id="22046" x="71162" y="-103748" z="-953" heading="33903" respawnDelay="60" />
		<npc id="22046" x="71891" y="-104947" z="-984" heading="16384" respawnDelay="60" />
		<npc id="22046" x="71617" y="-104980" z="-992" heading="35486" respawnDelay="60" />
		<npc id="22046" x="71659" y="-105635" z="-1024" heading="51891" respawnDelay="60" />
		<npc id="22046" x="69900" y="-105603" z="-956" heading="40411" respawnDelay="60" />
		<npc id="22046" x="69334" y="-106752" z="-1139" heading="46360" respawnDelay="60" />
		<npc id="22046" x="71178" y="-105788" z="-1058" heading="1723" respawnDelay="60" />
		<npc id="22046" x="68295" y="-106317" z="-1154" heading="26552" respawnDelay="60" />
		<npc id="22046" x="68970" y="-107980" z="-1139" heading="48028" respawnDelay="60" />
		<npc id="22046" x="67209" y="-108412" z="-1192" heading="54329" respawnDelay="60" />
		<npc id="22046" x="71202" y="-111687" z="-1668" heading="61025" respawnDelay="60" />
		<npc id="22046" x="69606" y="-112700" z="-1741" heading="50373" respawnDelay="60" />
		<npc id="22046" x="69611" y="-113170" z="-1711" heading="53336" respawnDelay="60" />
		<npc id="22046" x="70936" y="-114290" z="-1739" heading="65431" respawnDelay="60" />
		<npc id="22046" x="71318" y="-113668" z="-1739" heading="12020" respawnDelay="60" />
		<npc id="22046" x="71395" y="-113044" z="-1739" heading="15297" respawnDelay="60" />
		<npc id="22046" x="71283" y="-112354" z="-1732" heading="285" respawnDelay="60" />
		<npc id="22046" x="73078" y="-116196" z="-2326" heading="53133" respawnDelay="60" />
		<npc id="22046" x="73528" y="-116408" z="-2251" heading="52851" respawnDelay="60" />
		<npc id="22046" x="68406" y="-117390" z="-2181" heading="9802" respawnDelay="60" />
		<npc id="22046" x="67599" y="-113036" z="-2206" heading="51630" respawnDelay="60" />
		<npc id="22046" x="73041" y="-118424" z="-2538" heading="12807" respawnDelay="60" />
		<npc id="22046" x="76601" y="-121404" z="-3182" heading="50977" respawnDelay="60" />
		<npc id="22046" x="76493" y="-120742" z="-3057" heading="14285" respawnDelay="60" />
		<npc id="22046" x="75799" y="-121073" z="-3010" heading="52472" respawnDelay="60" />
		<npc id="22046" x="75368" y="-122002" z="-3029" heading="47083" respawnDelay="60" />
		<npc id="22046" x="67621" y="-119668" z="-2914" heading="18230" respawnDelay="60" />
		<npc id="22046" x="61783" y="-119070" z="-3089" heading="21298" respawnDelay="60" />
		<npc id="22046" x="61867" y="-118873" z="-3099" heading="14414" respawnDelay="60" />
		<npc id="22046" x="62577" y="-118949" z="-3115" heading="64209" respawnDelay="60" />
		<npc id="22046" x="62542" y="-119600" z="-3135" heading="48027" respawnDelay="60" />
		<npc id="22047" x="71862" y="-104246" z="-968" heading="48756" respawnDelay="60" />
		<npc id="22047" x="69391" y="-105953" z="-1064" heading="46239" respawnDelay="60" />
		<npc id="22047" x="68613" y="-105452" z="-1152" heading="63274" respawnDelay="60" />
		<npc id="22047" x="70799" y="-106469" z="-1069" heading="39495" respawnDelay="60" />
		<npc id="22047" x="69065" y="-107952" z="-1136" heading="7275" respawnDelay="60" />
		<npc id="22047" x="66627" y="-108533" z="-1245" heading="35808" respawnDelay="60" />
		<npc id="22047" x="66723" y="-106784" z="-1149" heading="48351" respawnDelay="60" />
		<npc id="22047" x="69675" y="-111860" z="-1815" heading="28166" respawnDelay="60" />
		<npc id="22047" x="69556" y="-112104" z="-1838" heading="44015" respawnDelay="60" />
		<npc id="22047" x="70012" y="-112800" z="-1739" heading="3384" respawnDelay="60" />
		<npc id="22047" x="70181" y="-114306" z="-1745" heading="50649" respawnDelay="60" />
		<npc id="22047" x="72275" y="-114335" z="-1924" heading="17495" respawnDelay="60" />
		<npc id="22047" x="72587" y="-115649" z="-2247" heading="58884" respawnDelay="60" />
		<npc id="22047" x="73970" y="-116214" z="-2221" heading="6999" respawnDelay="60" />
		<npc id="22047" x="73706" y="-115868" z="-2245" heading="22288" respawnDelay="60" />
		<npc id="22047" x="69454" y="-118353" z="-2529" heading="42392" respawnDelay="60" />
		<npc id="22047" x="69060" y="-116915" z="-2180" heading="48705" respawnDelay="60" />
		<npc id="22047" x="67713" y="-115145" z="-2174" heading="15326" respawnDelay="60" />
		<npc id="22047" x="67881" y="-113932" z="-2198" heading="17970" respawnDelay="60" />
		<npc id="22047" x="67518" y="-112201" z="-2201" heading="22819" respawnDelay="60" />
		<npc id="22047" x="75155" y="-118120" z="-2594" heading="5415" respawnDelay="60" />
		<npc id="22047" x="73816" y="-118946" z="-2607" heading="37160" respawnDelay="60" />
		<npc id="22047" x="73421" y="-118687" z="-2573" heading="32586" respawnDelay="60" />
		<npc id="22047" x="75104" y="-122122" z="-3029" heading="21221" respawnDelay="60" />
		<npc id="22047" x="74517" y="-120558" z="-3029" heading="22076" respawnDelay="60" />
		<npc id="22047" x="73784" y="-120498" z="-3029" heading="28426" respawnDelay="60" />
		<npc id="22047" x="70111" y="-121770" z="-3185" heading="46678" respawnDelay="60" />
		<npc id="22047" x="71664" y="-124518" z="-3141" heading="65362" respawnDelay="60" />
		<npc id="22047" x="72631" y="-125968" z="-3282" heading="56649" respawnDelay="60" />
		<npc id="22047" x="72673" y="-127406" z="-3548" heading="62228" respawnDelay="60" />
		<npc id="22047" x="71909" y="-128388" z="-3373" heading="31660" respawnDelay="60" />
		<npc id="22047" x="72978" y="-129972" z="-3538" heading="16037" respawnDelay="60" />
		<npc id="22047" x="70260" y="-128541" z="-3410" heading="25714" respawnDelay="60" />
		<npc id="22047" x="75525" y="-126910" z="-3152" heading="20931" respawnDelay="60" />
		<npc id="22047" x="75680" y="-125790" z="-3356" heading="21925" respawnDelay="60" />
		<npc id="22047" x="76902" y="-125792" z="-3357" heading="64656" respawnDelay="60" />
		<npc id="22047" x="75745" y="-128925" z="-3416" heading="39479" respawnDelay="60" />
		<npc id="22047" x="73240" y="-128988" z="-3604" heading="62467" respawnDelay="60" />
		<npc id="22047" x="73496" y="-129277" z="-3591" heading="57514" respawnDelay="60" />
		<npc id="22047" x="72154" y="-127058" z="-3489" heading="20941" respawnDelay="60" />
		<npc id="22047" x="70381" y="-127458" z="-3437" heading="20548" respawnDelay="60" />
		<npc id="22047" x="68186" y="-124304" z="-3224" heading="18193" respawnDelay="60" />
		<npc id="22047" x="69037" y="-122050" z="-3011" heading="20900" respawnDelay="60" />
		<npc id="22047" x="68158" y="-121122" z="-3015" heading="45970" respawnDelay="60" />
		<npc id="22047" x="67381" y="-120681" z="-3071" heading="28503" respawnDelay="60" />
		<npc id="22047" x="68063" y="-119437" z="-2773" heading="10292" respawnDelay="60" />
		<npc id="22047" x="68289" y="-119710" z="-2825" heading="61916" respawnDelay="60" />
		<npc id="22047" x="69665" y="-122030" z="-3184" heading="48353" respawnDelay="60" />
		<npc id="22047" x="75640" y="-124208" z="-3252" heading="14126" respawnDelay="60" />
		<npc id="22047" x="74592" y="-123675" z="-3298" heading="43762" respawnDelay="60" />
		<npc id="22047" x="62682" y="-119407" z="-3136" heading="30050" respawnDelay="60" />
		<npc id="22047" x="63092" y="-119998" z="-3110" heading="3182" respawnDelay="60" />
		<npc id="22048" x="71945" y="-114814" z="-1895" heading="52432" respawnDelay="60" />
		<npc id="22048" x="74293" y="-116662" z="-2220" heading="45403" respawnDelay="60" />
		<npc id="22048" x="70349" y="-117629" z="-2528" heading="5245" respawnDelay="60" />
		<npc id="22048" x="69136" y="-117659" z="-2420" heading="18372" respawnDelay="60" />
		<npc id="22048" x="74631" y="-118684" z="-2636" heading="1367" respawnDelay="60" />
		<npc id="22048" x="74781" y="-119365" z="-2732" heading="14169" respawnDelay="60" />
		<npc id="22048" x="73942" y="-120182" z="-3029" heading="37819" respawnDelay="60" />
		<npc id="22048" x="70808" y="-121219" z="-3071" heading="12973" respawnDelay="60" />
		<npc id="22048" x="71502" y="-127001" z="-3402" heading="40463" respawnDelay="60" />
		<npc id="22048" x="72899" y="-130083" z="-3501" heading="39920" respawnDelay="60" />
		<npc id="22048" x="70303" y="-128435" z="-3412" heading="12365" respawnDelay="60" />
		<npc id="22048" x="72698" y="-126049" z="-3305" heading="16384" respawnDelay="60" />
		<npc id="22048" x="76524" y="-127704" z="-3152" heading="39116" respawnDelay="60" />
		<npc id="22048" x="75864" y="-127438" z="-3152" heading="28992" respawnDelay="60" />
		<npc id="22048" x="75532" y="-125779" z="-3360" heading="32615" respawnDelay="60" />
		<npc id="22048" x="76692" y="-125926" z="-3352" heading="8037" respawnDelay="60" />
		<npc id="22048" x="76293" y="-126238" z="-3200" heading="46168" respawnDelay="60" />
		<npc id="22048" x="76130" y="-126780" z="-3152" heading="40728" respawnDelay="60" />
		<npc id="22048" x="76450" y="-128853" z="-3366" heading="762" respawnDelay="60" />
		<npc id="22048" x="74660" y="-129150" z="-3521" heading="50924" respawnDelay="60" />
		<npc id="22048" x="74774" y="-129429" z="-3529" heading="52423" respawnDelay="60" />
		<npc id="22048" x="74445" y="-129192" z="-3519" heading="26375" respawnDelay="60" />
		<npc id="22048" x="70463" y="-127283" z="-3443" heading="11814" respawnDelay="60" />
		<npc id="22048" x="70245" y="-127730" z="-3402" heading="59734" respawnDelay="60" />
		<npc id="22048" x="68954" y="-125900" z="-3310" heading="25994" respawnDelay="60" />
		<npc id="22048" x="68021" y="-123798" z="-3125" heading="23882" respawnDelay="60" />
		<npc id="22048" x="69252" y="-123238" z="-3163" heading="32920" respawnDelay="60" />
		<npc id="22048" x="69150" y="-119284" z="-2529" heading="3022" respawnDelay="60" />
		<npc id="22048" x="68485" y="-120974" z="-3101" heading="52988" respawnDelay="60" />
		<npc id="22048" x="69145" y="-120950" z="-3116" heading="40858" respawnDelay="60" />
		<npc id="22048" x="74759" y="-123194" z="-3183" heading="29750" respawnDelay="60" />
		<npc id="22049" x="71621" y="-104849" z="-985" heading="52699" respawnDelay="60" />
		<npc id="22049" x="71346" y="-105338" z="-1026" heading="55201" respawnDelay="60" />
		<npc id="22049" x="70141" y="-104989" z="-942" heading="28651" respawnDelay="60" />
		<npc id="22049" x="69214" y="-104866" z="-987" heading="55751" respawnDelay="60" />
		<npc id="22049" x="68426" y="-105303" z="-1139" heading="38727" respawnDelay="60" />
		<npc id="22049" x="71189" y="-106682" z="-1049" heading="47639" respawnDelay="60" />
		<npc id="22049" x="71095" y="-106913" z="-1066" heading="49691" respawnDelay="60" />
		<npc id="22049" x="66670" y="-107636" z="-1149" heading="21915" respawnDelay="60" />
		<npc id="22049" x="66584" y="-106793" z="-1149" heading="8955" respawnDelay="60" />
		<npc id="22049" x="66812" y="-106468" z="-1147" heading="6977" respawnDelay="60" />
		<npc id="22049" x="69059" y="-112078" z="-1843" heading="8950" respawnDelay="60" />
		<npc id="22049" x="69966" y="-113690" z="-1743" heading="11995" respawnDelay="60" />
		<npc id="22049" x="72333" y="-114794" z="-2013" heading="10922" respawnDelay="60" />
		<npc id="22049" x="61966" y="-119517" z="-3083" heading="23685" respawnDelay="60" />
		<npc id="22049" x="62381" y="-119017" z="-3110" heading="19835" respawnDelay="60" />
		<npc id="22049" x="62877" y="-119147" z="-3124" heading="62862" respawnDelay="60" />
		<npc id="22049" x="62631" y="-120061" z="-3127" heading="49358" respawnDelay="60" />
	</spawn>
</list>
