<?xml version="1.0" encoding="UTF-8"?>
<list enabled="true" xmlns:xsi="http://www.w3.org/2001/XMLSchema-instance" xsi:noNamespaceSchemaLocation="../xsd/spawns.xsd">
	<spawn name="DragonValley">
		<npc id="18001" x="120155" y="113611" z="-3688" heading="50367" respawnDelay="36" />
		<npc id="18001" x="122099" y="115207" z="-3712" heading="4635" respawnDelay="36" />
		<npc id="18001" x="118881" y="116196" z="-3768" heading="22878" respawnDelay="36" />
		<npc id="18001" x="123040" y="114492" z="-3760" heading="10293" respawnDelay="36" />
		<npc id="18001" x="125163" y="114739" z="-3720" heading="24165" respawnDelay="36" />
		<npc id="18001" x="125920" y="115302" z="-3728" heading="27078" respawnDelay="36" />
		<npc id="18001" x="128609" y="113759" z="-3680" heading="38062" respawnDelay="36" />
		<npc id="18001" x="127543" y="113377" z="-3664" heading="55217" respawnDelay="36" />
		<npc id="18001" x="126400" y="113125" z="-3512" heading="11118" respawnDelay="36" />
		<npc id="18001" x="125561" y="111901" z="-3191" heading="3200" respawnDelay="36" />
		<npc id="18001" x="124280" y="111555" z="-3056" heading="19834" respawnDelay="36" />
		<npc id="18001" x="178328" y="6640" z="-2729" heading="56227" respawnDelay="36" />
		<npc id="18001" x="178673" y="7666" z="-2725" heading="42721" respawnDelay="36" />
		<npc id="18001" x="178367" y="10178" z="-2719" heading="37575" respawnDelay="36" />
		<npc id="18001" x="185766" y="14106" z="-3328" heading="0" respawnDelay="36" />
		<npc id="18001" x="185750" y="17695" z="-3307" heading="10728" respawnDelay="36" />
		<npc id="18001" x="185385" y="16941" z="-3285" heading="44093" respawnDelay="36" />
		<npc id="18001" x="185002" y="15430" z="-3283" heading="5846" respawnDelay="36" />
		<npc id="18001" x="185919" y="18716" z="-3326" heading="40009" respawnDelay="36" />
		<npc id="18001" x="185058" y="21916" z="-3764" heading="0" respawnDelay="36" />
		<npc id="18001" x="186546" y="24148" z="-3550" heading="48328" respawnDelay="36" />
		<npc id="18001" x="181706" y="25320" z="-3808" heading="0" respawnDelay="36" />
		<npc id="18001" x="182209" y="25498" z="-3808" heading="0" respawnDelay="36" />
		<npc id="18001" x="182512" y="24964" z="-3808" heading="0" respawnDelay="36" />
		<npc id="18001" x="182127" y="28291" z="-3693" heading="63400" respawnDelay="36" />
		<npc id="18001" x="185270" y="24294" z="-3321" heading="45371" respawnDelay="36" />
		<npc id="18001" x="182813" y="26210" z="-3808" heading="0" respawnDelay="36" />
		<npc id="18001" x="182612" y="25854" z="-3808" heading="0" respawnDelay="36" />
		<npc id="18001" x="182109" y="24964" z="-3808" heading="0" respawnDelay="36" />
		<npc id="18001" x="184088" y="8499" z="-2685" heading="57204" respawnDelay="36" />
		<npc id="18001" x="184065" y="10385" z="-2703" heading="48563" respawnDelay="36" />
		<npc id="18001" x="183797" y="7678" z="-2725" heading="46899" respawnDelay="36" />
		<npc id="18001" x="183452" y="9460" z="-2729" heading="0" respawnDelay="36" />
		<npc id="20134" x="121642" y="112445" z="-3848" heading="56334" respawnDelay="36" />
		<npc id="20134" x="122251" y="112680" z="-3840" heading="11531" respawnDelay="36" />
		<npc id="20134" x="119647" y="112701" z="-3696" heading="34029" respawnDelay="36" />
		<npc id="20134" x="124739" y="115092" z="-3712" heading="3818" respawnDelay="36" />
		<npc id="20134" x="122703" y="113755" z="-3824" heading="7828" respawnDelay="36" />
		<npc id="20134" x="129885" y="114126" z="-3760" heading="62198" respawnDelay="36" />
		<npc id="20134" x="130288" y="114751" z="-3784" heading="6274" respawnDelay="36" />
		<npc id="20134" x="128246" y="114645" z="-3600" heading="60229" respawnDelay="36" />
		<npc id="20134" x="126259" y="112403" z="-3368" heading="10817" respawnDelay="36" />
		<npc id="20134" x="124842" y="110635" z="-3120" heading="40920" respawnDelay="36" />
		<npc id="20134" x="123703" y="108271" z="-2968" heading="62388" respawnDelay="36" />
		<npc id="20134" x="121190" y="109702" z="-2992" heading="5940" respawnDelay="36" />
		<npc id="20134" x="121150" y="108659" z="-2984" heading="26321" respawnDelay="36" />
		<npc id="20134" x="122077" y="109186" z="-2912" heading="32145" respawnDelay="36" />
		<npc id="20134" x="123998" y="108879" z="-3032" heading="3500" respawnDelay="36" />
		<npc id="20134" x="117865" y="109618" z="-2856" heading="32252" respawnDelay="36" />
		<npc id="20134" x="120578" y="119445" z="-3056" heading="0" respawnDelay="36" />
		<npc id="20134" x="120168" y="110056" z="-3056" heading="10318" respawnDelay="36" />
		<npc id="20134" x="117178" y="110441" z="-2984" heading="30368" respawnDelay="36" />
		<npc id="20134" x="117817" y="110174" z="-2944" heading="40927" respawnDelay="36" />
		<npc id="20134" x="122570" y="119237" z="-3168" heading="30045" respawnDelay="36" />
		<npc id="20134" x="121110" y="119651" z="-3072" heading="50475" respawnDelay="36" />
		<npc id="20134" x="124370" y="119015" z="-3104" heading="27626" respawnDelay="36" />
		<npc id="20134" x="125292" y="118033" z="-3056" heading="54877" respawnDelay="36" />
		<npc id="20134" x="126745" y="115826" z="-3728" heading="46623" respawnDelay="36" />
		<npc id="20137" x="113889" y="120828" z="-3776" heading="37604" respawnDelay="36" />
		<npc id="20137" x="114632" y="120017" z="-3720" heading="62154" respawnDelay="36" />
		<npc id="20137" x="117459" y="120129" z="-3664" heading="58957" respawnDelay="36" />
		<npc id="20137" x="117191" y="117435" z="-3728" heading="61530" respawnDelay="36" />
		<npc id="20137" x="117835" y="118866" z="-3672" heading="15741" respawnDelay="36" />
		<npc id="20137" x="120046" y="115531" z="-3736" heading="28613" respawnDelay="36" />
		<npc id="20137" x="121805" y="116067" z="-3600" heading="31971" respawnDelay="36" />
		<npc id="20137" x="123507" y="115822" z="-3624" heading="17032" respawnDelay="36" />
		<npc id="20137" x="122480" y="113212" z="-3848" heading="3810" respawnDelay="36" />
		<npc id="20137" x="119677" y="113254" z="-3696" heading="47537" respawnDelay="36" />
		<npc id="20137" x="121059" y="112117" z="-3784" heading="0" respawnDelay="36" />
		<npc id="20137" x="124445" y="109320" z="-3112" heading="7210" respawnDelay="36" />
		<npc id="20137" x="121544" y="108577" z="-2984" heading="44618" respawnDelay="36" />
		<npc id="20137" x="122969" y="108369" z="-3048" heading="45609" respawnDelay="36" />
		<npc id="20137" x="119859" y="110470" z="-3056" heading="21311" respawnDelay="36" />
		<npc id="20137" x="120980" y="108128" z="-2976" heading="0" respawnDelay="36" />
		<npc id="20137" x="112766" y="109993" z="-2984" heading="0" respawnDelay="36" />
		<npc id="20137" x="119502" y="109030" z="-2960" heading="0" respawnDelay="36" />
		<npc id="20137" x="118732" y="110187" z="-2960" heading="1357" respawnDelay="36" />
		<npc id="20137" x="116606" y="110094" z="-3024" heading="0" respawnDelay="36" />
		<npc id="20137" x="112331" y="110381" z="-2984" heading="41026" respawnDelay="36" />
		<npc id="20137" x="115113" y="109972" z="-3032" heading="63149" respawnDelay="36" />
		<npc id="20137" x="113885" y="111944" z="-3128" heading="19699" respawnDelay="36" />
		<npc id="20137" x="114686" y="109088" z="-2920" heading="0" respawnDelay="36" />
		<npc id="20137" x="111347" y="110816" z="-3048" heading="29818" respawnDelay="36" />
		<npc id="20137" x="117705" y="123092" z="-3128" heading="279" respawnDelay="36" />
		<npc id="20137" x="116288" y="123087" z="-3176" heading="14739" respawnDelay="36" />
		<npc id="20137" x="119348" y="122332" z="-3040" heading="28105" respawnDelay="36" />
		<npc id="20137" x="120182" y="122431" z="-3008" heading="64517" respawnDelay="36" />
		<npc id="20137" x="120596" y="120918" z="-3056" heading="23209" respawnDelay="36" />
		<npc id="20137" x="121385" y="121756" z="-2992" heading="60687" respawnDelay="36" />
		<npc id="20137" x="123878" y="118951" z="-3152" heading="59497" respawnDelay="36" />
		<npc id="20137" x="121779" y="119908" z="-3104" heading="5415" respawnDelay="36" />
		<npc id="20137" x="125852" y="118476" z="-3088" heading="62890" respawnDelay="36" />
		<npc id="20137" x="126677" y="117521" z="-3232" heading="41792" respawnDelay="36" />
		<npc id="20146" x="94299" y="117876" z="-3020" heading="3557" respawnDelay="36" />
		<npc id="20146" x="93435" y="117376" z="-3092" heading="0" respawnDelay="36" />
		<npc id="20146" x="94596" y="112655" z="-3016" heading="3717" respawnDelay="36" />
		<npc id="20146" x="93325" y="112667" z="-3053" heading="62475" respawnDelay="36" />
		<npc id="20146" x="94700" y="115414" z="-3105" heading="7102" respawnDelay="36" />
		<npc id="20146" x="93333" y="114795" z="-3207" heading="9268" respawnDelay="36" />
		<npc id="20146" x="89278" y="111952" z="-3288" heading="0" respawnDelay="36" />
		<npc id="20146" x="85897" y="112111" z="-3061" heading="0" respawnDelay="36" />
		<npc id="20146" x="92448" y="109602" z="-3780" heading="40989" respawnDelay="36" />
		<npc id="20146" x="96550" y="110236" z="-3723" heading="3566" respawnDelay="36" />
		<npc id="20146" x="94299" y="109273" z="-3652" heading="55285" respawnDelay="36" />
		<npc id="20146" x="95824" y="109216" z="-3820" heading="0" respawnDelay="36" />
		<npc id="20146" x="94677" y="112495" z="-3008" heading="0" respawnDelay="36" />
		<npc id="20146" x="89597" y="112501" z="-3083" heading="32216" respawnDelay="36" />
		<npc id="20146" x="83140" y="108928" z="-3121" heading="0" respawnDelay="36" />
		<npc id="20146" x="81442" y="109351" z="-3070" heading="0" respawnDelay="36" />
		<npc id="20146" x="86445" y="109035" z="-3159" heading="0" respawnDelay="36" />
		<npc id="20146" x="82335" y="108992" z="-3141" heading="57299" respawnDelay="36" />
		<npc id="20146" x="84797" y="107816" z="-3224" heading="51486" respawnDelay="36" />
		<npc id="20146" x="89974" y="106587" z="-3194" heading="56439" respawnDelay="36" />
		<npc id="20146" x="90933" y="107315" z="-3095" heading="0" respawnDelay="36" />
		<npc id="20146" x="92054" y="107416" z="-3140" heading="0" respawnDelay="36" />
		<npc id="20146" x="92530" y="107648" z="-3037" heading="63695" respawnDelay="36" />
		<npc id="20146" x="94347" y="107672" z="-3022" heading="65438" respawnDelay="36" />
		<npc id="20235" x="81277" y="19113" z="-5287" heading="7132" respawnDelay="24" />
		<npc id="20235" x="82118" y="19010" z="-5286" heading="41070" respawnDelay="24" />
		<npc id="20235" x="80367" y="16893" z="-5286" heading="23422" respawnDelay="24" />
		<npc id="20235" x="80989" y="17953" z="-5263" heading="50359" respawnDelay="24" />
		<npc id="20235" x="82164" y="16918" z="-5262" heading="62500" respawnDelay="24" />
		<npc id="20235" x="82014" y="14402" z="-5269" heading="61069" respawnDelay="24" />
		<npc id="20235" x="81483" y="18235" z="-5286" heading="46825" respawnDelay="24" />
		<npc id="20235" x="86140" y="20348" z="-5286" heading="31991" respawnDelay="24" />
		<npc id="20235" x="82240" y="19690" z="-5286" heading="60598" respawnDelay="24" />
		<npc id="20235" x="84688" y="21321" z="-5286" heading="25379" respawnDelay="24" />
		<npc id="20235" x="81953" y="21088" z="-5286" heading="29077" respawnDelay="24" />
		<npc id="20235" x="76495" y="117031" z="-3720" heading="0" respawnDelay="24" />
		<npc id="20235" x="79093" y="115604" z="-3701" heading="0" respawnDelay="24" />
		<npc id="20235" x="78571" y="116364" z="-3787" heading="27518" respawnDelay="24" />
		<npc id="20235" x="74041" y="117488" z="-3769" heading="33293" respawnDelay="24" />
		<npc id="20235" x="84518" y="117700" z="-2997" heading="64586" respawnDelay="24" />
		<npc id="20235" x="84773" y="116572" z="-3058" heading="54057" respawnDelay="24" />
		<npc id="20235" x="84082" y="118389" z="-2996" heading="63813" respawnDelay="24" />
		<npc id="20235" x="78763" y="116903" z="-3756" heading="22755" respawnDelay="24" />
		<npc id="20235" x="82295" y="113965" z="-3116" heading="0" respawnDelay="24" />
		<npc id="20235" x="82281" y="113854" z="-3116" heading="0" respawnDelay="24" />
		<npc id="20235" x="79353" y="113298" z="-3277" heading="0" respawnDelay="24" />
		<npc id="20235" x="79739" y="113678" z="-3792" heading="0" respawnDelay="24" />
		<npc id="20236" x="76558" y="117155" z="-3748" heading="0" respawnDelay="36" />
		<npc id="20236" x="79098" y="116058" z="-3737" heading="0" respawnDelay="36" />
		<npc id="20236" x="80427" y="115690" z="-3646" heading="5167" respawnDelay="36" />
		<npc id="20236" x="79479" y="115491" z="-3723" heading="1339" respawnDelay="36" />
		<npc id="20236" x="87139" y="121045" z="-3057" heading="58565" respawnDelay="36" />
		<npc id="20236" x="87216" y="114635" z="-3020" heading="60359" respawnDelay="36" />
		<npc id="20236" x="83564" y="117719" z="-2992" heading="30710" respawnDelay="36" />
		<npc id="20236" x="82114" y="116976" z="-3336" heading="0" respawnDelay="36" />
		<npc id="20236" x="81540" y="113600" z="-3111" heading="0" respawnDelay="36" />
		<npc id="20236" x="84961" y="119777" z="-2954" heading="0" respawnDelay="36" />
		<npc id="20236" x="90409" y="117460" z="-3140" heading="0" respawnDelay="36" />
		<npc id="20236" x="91300" y="118201" z="-3058" heading="57344" respawnDelay="36" />
		<npc id="20236" x="80285" y="114000" z="-3723" heading="921" respawnDelay="36" />
		<npc id="20237" x="85016" y="119310" z="-3001" heading="5199" respawnDelay="36" />
		<npc id="20237" x="83364" y="118881" z="-2998" heading="38804" respawnDelay="36" />
		<npc id="20237" x="84139" y="119627" z="-2943" heading="32556" respawnDelay="36" />
		<npc id="20237" x="87259" y="119928" z="-3058" heading="36903" respawnDelay="36" />
		<npc id="20237" x="90483" y="119338" z="-3058" heading="22608" respawnDelay="36" />
		<npc id="20237" x="89379" y="117950" z="-3184" heading="0" respawnDelay="36" />
		<npc id="20237" x="81427" y="111842" z="-3613" heading="0" respawnDelay="36" />
		<npc id="20238" x="79939" y="116309" z="-3633" heading="28939" respawnDelay="36" />
		<npc id="20238" x="85573" y="115498" z="-3058" heading="58033" respawnDelay="36" />
		<npc id="20238" x="84492" y="120877" z="-3035" heading="23922" respawnDelay="36" />
		<npc id="20238" x="86401" y="118802" z="-3108" heading="0" respawnDelay="36" />
		<npc id="20238" x="89781" y="117950" z="-3184" heading="0" respawnDelay="36" />
		<npc id="20238" x="89580" y="117594" z="-3184" heading="0" respawnDelay="36" />
		<npc id="20238" x="92630" y="117732" z="-3092" heading="0" respawnDelay="36" />
		<npc id="20238" x="81824" y="112472" z="-3172" heading="0" respawnDelay="36" />
		<npc id="20238" x="82025" y="112472" z="-3172" heading="0" respawnDelay="36" />
		<npc id="20238" x="81456" y="113852" z="-3652" heading="0" respawnDelay="36" />
		<npc id="20238" x="81795" y="114288" z="-3270" heading="62119" respawnDelay="36" />
		<npc id="20238" x="80750" y="113214" z="-3682" heading="19944" respawnDelay="36" />
		<npc id="20238" x="81782" y="109872" z="-3848" heading="0" respawnDelay="36" />
		<npc id="20238" x="81681" y="110050" z="-3848" heading="0" respawnDelay="36" />
		<npc id="20238" x="82071" y="110825" z="-3700" heading="10771" respawnDelay="36" />
		<npc id="20238" x="84754" y="109736" z="-3852" heading="0" respawnDelay="36" />
		<npc id="20238" x="85404" y="110712" z="-3716" heading="11844" respawnDelay="36" />
		<npc id="20238" x="85654" y="110082" z="-3776" heading="0" respawnDelay="36" />
		<npc id="20238" x="88565" y="110798" z="-3739" heading="39920" respawnDelay="36" />
		<npc id="20238" x="87618" y="110322" z="-3756" heading="39079" respawnDelay="36" />
		<npc id="20238" x="81380" y="109199" z="-3062" heading="0" respawnDelay="36" />
		<npc id="20238" x="80553" y="110006" z="-3058" heading="57260" respawnDelay="36" />
		<npc id="20238" x="83862" y="109175" z="-3105" heading="701" respawnDelay="36" />
		<npc id="20238" x="85555" y="107545" z="-3235" heading="0" respawnDelay="36" />
		<npc id="20238" x="85669" y="108012" z="-3240" heading="0" respawnDelay="36" />
		<npc id="20238" x="86214" y="108543" z="-3193" heading="0" respawnDelay="36" />
		<npc id="20239" x="86804" y="119158" z="-3108" heading="0" respawnDelay="36" />
		<npc id="20239" x="86703" y="118980" z="-3108" heading="0" respawnDelay="36" />
		<npc id="20239" x="89430" y="120290" z="-3034" heading="24798" respawnDelay="36" />
		<npc id="20239" x="92464" y="119149" z="-2965" heading="24568" respawnDelay="36" />
		<npc id="20239" x="93334" y="117554" z="-3092" heading="0" respawnDelay="36" />
		<npc id="20239" x="85734" y="111472" z="-3432" heading="0" respawnDelay="36" />
		<npc id="20239" x="84033" y="112626" z="-3053" heading="27541" respawnDelay="36" />
		<npc id="20239" x="81370" y="111895" z="-3616" heading="27060" respawnDelay="36" />
		<npc id="20239" x="82227" y="112472" z="-3172" heading="0" respawnDelay="36" />
		<npc id="20239" x="83476" y="110379" z="-3790" heading="43790" respawnDelay="36" />
		<npc id="20239" x="81786" y="111140" z="-3639" heading="0" respawnDelay="36" />
		<npc id="20239" x="84201" y="110961" z="-3668" heading="28930" respawnDelay="36" />
		<npc id="20239" x="87475" y="110801" z="-3791" heading="908" respawnDelay="36" />
		<npc id="20239" x="86826" y="110370" z="-3735" heading="34677" respawnDelay="36" />
		<npc id="20239" x="85157" y="109380" z="-3852" heading="0" respawnDelay="36" />
		<npc id="20239" x="88640" y="111082" z="-3757" heading="30717" respawnDelay="36" />
		<npc id="20239" x="79225" y="111377" z="-2976" heading="24874" respawnDelay="36" />
		<npc id="20239" x="81081" y="109345" z="-3059" heading="0" respawnDelay="36" />
		<npc id="20239" x="82633" y="109525" z="-3171" heading="29578" respawnDelay="36" />
		<npc id="20239" x="85318" y="107544" z="-3220" heading="0" respawnDelay="36" />
		<npc id="20239" x="84254" y="108394" z="-3172" heading="0" respawnDelay="36" />
		<npc id="20239" x="83600" y="108421" z="-3061" heading="0" respawnDelay="36" />
		<npc id="20239" x="87178" y="107308" z="-3125" heading="0" respawnDelay="36" />
		<npc id="20239" x="87110" y="108599" z="-3078" heading="24970" respawnDelay="36" />
		<npc id="20239" x="88128" y="106739" z="-3171" heading="27555" respawnDelay="36" />
		<npc id="20240" x="91889" y="112240" z="-2957" heading="42849" respawnDelay="36" />
		<npc id="20240" x="93166" y="112161" z="-2974" heading="56966" respawnDelay="36" />
		<npc id="20240" x="92069" y="113046" z="-2957" heading="39747" respawnDelay="36" />
		<npc id="20240" x="93955" y="113239" z="-3080" heading="3925" respawnDelay="36" />
		<npc id="20240" x="91085" y="112685" z="-2908" heading="46108" respawnDelay="36" />
		<npc id="20240" x="89881" y="111952" z="-3288" heading="0" respawnDelay="36" />
		<npc id="20240" x="89479" y="111952" z="-3288" heading="0" respawnDelay="36" />
		<npc id="20240" x="88354" y="112354" z="-3279" heading="1653" respawnDelay="36" />
		<npc id="20240" x="87149" y="112006" z="-3408" heading="0" respawnDelay="36" />
		<npc id="20240" x="85633" y="111650" z="-3432" heading="0" respawnDelay="36" />
		<npc id="20240" x="82728" y="111957" z="-3524" heading="5318" respawnDelay="36" />
		<npc id="20240" x="83495" y="111289" z="-3612" heading="41149" respawnDelay="36" />
		<npc id="20240" x="90454" y="111143" z="-3696" heading="23646" respawnDelay="36" />
		<npc id="20240" x="93566" y="109768" z="-3667" heading="27291" respawnDelay="36" />
		<npc id="20240" x="91596" y="110399" z="-3804" heading="61119" respawnDelay="36" />
		<npc id="20240" x="94463" y="110060" z="-3697" heading="26991" respawnDelay="36" />
		<npc id="20240" x="95330" y="109593" z="-3645" heading="5536" respawnDelay="36" />
		<npc id="20240" x="98129" y="109578" z="-3717" heading="644" respawnDelay="36" />
		<npc id="20240" x="96547" y="111575" z="-3494" heading="59479" respawnDelay="36" />
		<npc id="20240" x="94242" y="112769" z="-3030" heading="61275" respawnDelay="36" />
		<npc id="20240" x="88174" y="106143" z="-3173" heading="22588" respawnDelay="36" />
		<npc id="20240" x="89111" y="105860" z="-3184" heading="50104" respawnDelay="36" />
		<npc id="20240" x="89505" y="108729" z="-3017" heading="25601" respawnDelay="36" />
		<npc id="20240" x="91546" y="107372" z="-3060" heading="0" respawnDelay="36" />
		<npc id="20240" x="90688" y="106530" z="-3117" heading="9633" respawnDelay="36" />
		<npc id="20240" x="91310" y="107812" z="-3059" heading="61469" respawnDelay="36" />
		<npc id="20240" x="97269" y="109380" z="-3660" heading="37033" respawnDelay="36" />
		<npc id="20240" x="96096" y="108074" z="-3184" heading="12133" respawnDelay="36" />
		<npc id="20241" x="95780" y="-13867" z="-2804" heading="0" respawnDelay="41" />
		<npc id="20241" x="95497" y="-15540" z="-1984" heading="0" respawnDelay="41" />
		<npc id="20241" x="94793" y="-15006" z="-2040" heading="0" respawnDelay="41" />
		<npc id="20241" x="96390" y="-13342" z="-3106" heading="51976" respawnDelay="41" />
		<npc id="20241" x="97780" y="-12941" z="-3132" heading="53164" respawnDelay="41" />
		<npc id="20241" x="94203" y="-11769" z="-3072" heading="0" respawnDelay="41" />
		<npc id="20241" x="95822" y="-9603" z="-3392" heading="22415" respawnDelay="41" />
		<npc id="20241" x="97241" y="-11344" z="-3283" heading="10148" respawnDelay="41" />
		<npc id="20241" x="98199" y="-633" z="-3715" heading="10948" respawnDelay="41" />
		<npc id="20241" x="95551" y="-3400" z="-3357" heading="38318" respawnDelay="41" />
		<npc id="20241" x="97757" y="-3516" z="-3673" heading="58073" respawnDelay="41" />
		<npc id="20241" x="95095" y="-980" z="-3617" heading="64322" respawnDelay="41" />
		<npc id="20241" x="98316" y="-2446" z="-3722" heading="3974" respawnDelay="41" />
		<npc id="20241" x="90094" y="-5370" z="-3031" heading="24719" respawnDelay="41" />
		<npc id="20241" x="88971" y="-5117" z="-3075" heading="21754" respawnDelay="41" />
		<npc id="20241" x="88490" y="-5226" z="-3784" heading="0" respawnDelay="41" />
		<npc id="20241" x="87786" y="-3268" z="-3784" heading="0" respawnDelay="41" />
		<npc id="20241" x="85604" y="-4112" z="-3273" heading="33328" respawnDelay="41" />
		<npc id="20241" x="87686" y="-3446" z="-3784" heading="0" respawnDelay="41" />
		<npc id="20241" x="88458" y="-10574" z="-3056" heading="0" respawnDelay="41" />
		<npc id="20241" x="89163" y="-10040" z="-3056" heading="0" respawnDelay="41" />
		<npc id="20241" x="90604" y="-9233" z="-2778" heading="27007" respawnDelay="41" />
		<npc id="20241" x="88937" y="-7844" z="-3067" heading="31187" respawnDelay="41" />
		<npc id="20241" x="89656" y="-7698" z="-3256" heading="0" respawnDelay="41" />
		<npc id="20241" x="89253" y="-7342" z="-3256" heading="0" respawnDelay="41" />
		<npc id="20241" x="90861" y="-7741" z="-2973" heading="34349" respawnDelay="41" />
		<npc id="20241" x="91426" y="-7649" z="-2943" heading="57941" respawnDelay="41" />
		<npc id="20241" x="88469" y="-6519" z="-3202" heading="12489" respawnDelay="41" />
		<npc id="20241" x="86629" y="-5361" z="-3227" heading="6721" respawnDelay="41" />
		<npc id="20241" x="86181" y="-7656" z="-3572" heading="0" respawnDelay="41" />
		<npc id="20241" x="84372" y="-5516" z="-3201" heading="38201" respawnDelay="41" />
		<npc id="20241" x="82231" y="-7012" z="-2928" heading="54956" respawnDelay="41" />
		<npc id="20241" x="80263" y="-6998" z="-2861" heading="2917" respawnDelay="41" />
		<npc id="20241" x="79470" y="-5921" z="-2927" heading="42349" respawnDelay="41" />
		<npc id="20241" x="81252" y="-5462" z="-3098" heading="34384" respawnDelay="41" />
		<npc id="20241" x="81314" y="-4512" z="-3155" heading="13851" respawnDelay="41" />
		<npc id="20241" x="73606" y="-6878" z="-3084" heading="0" respawnDelay="41" />
		<npc id="20241" x="74973" y="-6121" z="-2956" heading="53623" respawnDelay="41" />
		<npc id="20241" x="74284" y="-3316" z="-3478" heading="25887" respawnDelay="41" />
		<npc id="20241" x="75199" y="-434" z="-3705" heading="9062" respawnDelay="41" />
		<npc id="20241" x="74203" y="-1539" z="-3638" heading="17424" respawnDelay="41" />
		<npc id="20241" x="77690" y="-1489" z="-3672" heading="42521" respawnDelay="41" />
		<npc id="20241" x="78586" y="221" z="-3723" heading="8870" respawnDelay="41" />
		<npc id="20241" x="77380" y="-874" z="-3681" heading="40594" respawnDelay="41" />
		<npc id="20241" x="81941" y="-2231" z="-3488" heading="47775" respawnDelay="41" />
		<npc id="20241" x="80308" y="-427" z="-3723" heading="48539" respawnDelay="41" />
		<npc id="20241" x="83062" y="-3372" z="-3440" heading="34015" respawnDelay="41" />
		<npc id="20241" x="73520" y="-367" z="-3698" heading="37751" respawnDelay="41" />
		<npc id="20241" x="73248" y="-1721" z="-3602" heading="12470" respawnDelay="41" />
		<npc id="20241" x="75704" y="784" z="-3764" heading="0" respawnDelay="41" />
		<npc id="20241" x="89452" y="-61" z="-3592" heading="31293" respawnDelay="41" />
		<npc id="20241" x="91219" y="-94" z="-3714" heading="11642" respawnDelay="41" />
		<npc id="20241" x="90897" y="-1041" z="-3631" heading="56783" respawnDelay="41" />
		<npc id="20241" x="95376" y="-376" z="-3690" heading="5812" respawnDelay="41" />
		<npc id="20241" x="93218" y="-384" z="-3718" heading="18353" respawnDelay="41" />
		<npc id="20241" x="93665" y="578" z="-3727" heading="0" respawnDelay="41" />
		<npc id="20241" x="97753" y="2819" z="-3659" heading="1321" respawnDelay="41" />
		<npc id="20241" x="100561" y="-12390" z="-3389" heading="17060" respawnDelay="41" />
		<npc id="20241" x="100889" y="-16216" z="-3089" heading="12780" respawnDelay="41" />
		<npc id="20241" x="100151" y="-14328" z="-3351" heading="20484" respawnDelay="41" />
		<npc id="20241" x="100918" y="-14072" z="-3211" heading="18019" respawnDelay="41" />
		<npc id="20241" x="99386" y="-14309" z="-3369" heading="43451" respawnDelay="41" />
		<npc id="20241" x="98042" y="-9903" z="-3236" heading="62044" respawnDelay="41" />
		<npc id="20241" x="104034" y="-10877" z="-2886" heading="1919" respawnDelay="41" />
		<npc id="20241" x="102336" y="-8729" z="-3016" heading="52104" respawnDelay="41" />
		<npc id="20241" x="101299" y="-8383" z="-3297" heading="19124" respawnDelay="41" />
		<npc id="20241" x="103123" y="-9178" z="-2848" heading="0" respawnDelay="41" />
		<npc id="20241" x="100006" y="-10759" z="-3335" heading="0" respawnDelay="41" />
		<npc id="20241" x="100132" y="-9150" z="-3292" heading="62820" respawnDelay="41" />
		<npc id="20241" x="100216" y="-4567" z="-3501" heading="25937" respawnDelay="41" />
		<npc id="20241" x="99011" y="-8114" z="-3266" heading="38341" respawnDelay="41" />
		<npc id="20241" x="97825" y="-8312" z="-3245" heading="56476" respawnDelay="41" />
		<npc id="20241" x="91779" y="114595" z="-3086" heading="4684" respawnDelay="41" />
		<npc id="20241" x="92254" y="112139" z="-2969" heading="63822" respawnDelay="41" />
		<npc id="20241" x="89730" y="112910" z="-3035" heading="4893" respawnDelay="41" />
		<npc id="20241" x="93932" y="114496" z="-3100" heading="38356" respawnDelay="41" />
		<npc id="20241" x="89541" y="111155" z="-3651" heading="31096" respawnDelay="41" />
		<npc id="20241" x="91984" y="109867" z="-3778" heading="23975" respawnDelay="41" />
		<npc id="20241" x="94240" y="109715" z="-3691" heading="854" respawnDelay="41" />
		<npc id="20241" x="95615" y="110331" z="-3697" heading="25138" respawnDelay="41" />
		<npc id="20241" x="96264" y="109803" z="-3528" heading="0" respawnDelay="41" />
		<npc id="20241" x="95171" y="111878" z="-3140" heading="0" respawnDelay="41" />
		<npc id="20241" x="91626" y="108410" z="-3041" heading="45999" respawnDelay="41" />
		<npc id="20241" x="88559" y="106357" z="-3184" heading="0" respawnDelay="41" />
		<npc id="20241" x="88406" y="107960" z="-3058" heading="26197" respawnDelay="41" />
		<npc id="20241" x="89221" y="105562" z="-3192" heading="0" respawnDelay="41" />
		<npc id="20241" x="91325" y="107123" z="-3062" heading="0" respawnDelay="41" />
		<npc id="20241" x="89192" y="107422" z="-3085" heading="46689" respawnDelay="41" />
		<npc id="20241" x="93509" y="107601" z="-3034" heading="64910" respawnDelay="41" />
		<npc id="20241" x="95044" y="107688" z="-3052" heading="1513" respawnDelay="41" />
		<npc id="20241" x="99147" y="110092" z="-3681" heading="38010" respawnDelay="41" />
		<npc id="20241" x="100240" y="110977" z="-3660" heading="3698" respawnDelay="41" />
		<npc id="20241" x="102320" y="113742" z="-3721" heading="23554" respawnDelay="41" />
		<npc id="20242" x="101410" y="111012" z="-3656" heading="1011" respawnDelay="36" />
		<npc id="20242" x="102718" y="112494" z="-3704" heading="8285" respawnDelay="36" />
		<npc id="20242" x="102550" y="111244" z="-3720" heading="49826" respawnDelay="36" />
		<npc id="20242" x="101391" y="112602" z="-3688" heading="29284" respawnDelay="36" />
		<npc id="20242" x="101474" y="114573" z="-3728" heading="16384" respawnDelay="36" />
		<npc id="20242" x="101370" y="115895" z="-3728" heading="46322" respawnDelay="36" />
		<npc id="20242" x="101269" y="121256" z="-3720" heading="21284" respawnDelay="36" />
		<npc id="20242" x="101148" y="118213" z="-3680" heading="45639" respawnDelay="36" />
		<npc id="20242" x="102613" y="121969" z="-3664" heading="49815" respawnDelay="36" />
		<npc id="20242" x="104851" y="122573" z="-3730" heading="10995" respawnDelay="36" />
		<npc id="20242" x="102550" y="123293" z="-3656" heading="36950" respawnDelay="36" />
		<npc id="20242" x="102495" y="120084" z="-3584" heading="0" respawnDelay="36" />
		<npc id="20242" x="102389" y="121324" z="-3624" heading="38182" respawnDelay="36" />
		<npc id="20242" x="107984" y="120401" z="-3728" heading="10902" respawnDelay="36" />
		<npc id="20243" x="101618" y="113798" z="-3704" heading="46871" respawnDelay="36" />
		<npc id="20243" x="102132" y="112133" z="-3680" heading="12504" respawnDelay="36" />
		<npc id="20243" x="101324" y="116543" z="-3696" heading="49732" respawnDelay="36" />
		<npc id="20243" x="101723" y="122338" z="-3648" heading="16526" respawnDelay="36" />
		<npc id="20243" x="103938" y="124238" z="-3712" heading="31123" respawnDelay="36" />
		<npc id="20243" x="101734" y="118764" z="-3600" heading="0" respawnDelay="36" />
		<npc id="20243" x="103420" y="119740" z="-3664" heading="37951" respawnDelay="36" />
		<npc id="20243" x="106806" y="122996" z="-3688" heading="58910" respawnDelay="36" />
		<npc id="20243" x="104627" y="120648" z="-3672" heading="36600" respawnDelay="36" />
		<npc id="20243" x="102456" y="124128" z="-3704" heading="14104" respawnDelay="36" />
		<npc id="20243" x="107559" y="121198" z="-3696" heading="52507" respawnDelay="36" />
		<npc id="20243" x="106395" y="122386" z="-3622" heading="42490" respawnDelay="36" />
		<npc id="20243" x="107567" y="122065" z="-3704" heading="29504" respawnDelay="36" />
		<npc id="20243" x="108316" y="122212" z="-3672" heading="12132" respawnDelay="36" />
		<npc id="20243" x="111172" y="123366" z="-3696" heading="56778" respawnDelay="36" />
		<npc id="20243" x="109888" y="125409" z="-3688" heading="54461" respawnDelay="36" />
		<npc id="20243" x="111630" y="121152" z="-2392" heading="0" respawnDelay="36" />
		<npc id="20243" x="109565" y="112339" z="-3184" heading="38594" respawnDelay="36" />
		<npc id="20243" x="109148" y="113592" z="-3048" heading="39937" respawnDelay="36" />
		<npc id="20243" x="108512" y="117042" z="-3056" heading="48609" respawnDelay="36" />
		<npc id="20243" x="109024" y="115999" z="-3096" heading="21852" respawnDelay="36" />
		<npc id="20243" x="109510" y="114386" z="-3072" heading="51128" respawnDelay="36" />
		<npc id="20243" x="113695" y="115879" z="-3248" heading="8776" respawnDelay="36" />
		<npc id="20243" x="114692" y="115310" z="-3232" heading="57376" respawnDelay="36" />
		<npc id="20244" x="101437" y="119510" z="-3496" heading="46240" respawnDelay="36" />
		<npc id="20244" x="102037" y="118586" z="-3672" heading="0" respawnDelay="36" />
		<npc id="20244" x="103301" y="120084" z="-3656" heading="0" respawnDelay="36" />
		<npc id="20244" x="102796" y="120633" z="-3640" heading="47721" respawnDelay="36" />
		<npc id="20244" x="103904" y="120084" z="-3624" heading="0" respawnDelay="36" />
		<npc id="20244" x="105951" y="123557" z="-3656" heading="20767" respawnDelay="36" />
		<npc id="20244" x="108312" y="120789" z="-3720" heading="6371" respawnDelay="36" />
		<npc id="20244" x="106887" y="121384" z="-3680" heading="37561" respawnDelay="36" />
		<npc id="20244" x="108851" y="121658" z="-3728" heading="0" respawnDelay="36" />
		<npc id="20244" x="112304" y="122281" z="-3728" heading="1505" respawnDelay="36" />
		<npc id="20244" x="109339" y="123682" z="-3632" heading="0" respawnDelay="36" />
		<npc id="20244" x="109340" y="126502" z="-3712" heading="17548" respawnDelay="36" />
		<npc id="20244" x="111630" y="121308" z="-2400" heading="0" respawnDelay="36" />
		<npc id="20244" x="111832" y="121308" z="-2400" heading="0" respawnDelay="36" />
		<npc id="20244" x="114115" y="119741" z="-3720" heading="28306" respawnDelay="36" />
		<npc id="20244" x="113898" y="119410" z="-3672" heading="0" respawnDelay="36" />
		<npc id="20244" x="117509" y="118064" z="-3728" heading="43012" respawnDelay="36" />
		<npc id="20244" x="121221" y="115856" z="-3608" heading="62346" respawnDelay="36" />
		<npc id="20244" x="119176" y="116533" z="-3752" heading="1827" respawnDelay="36" />
		<npc id="20244" x="113000" y="109312" z="-3008" heading="0" respawnDelay="36" />
		<npc id="20244" x="113198" y="110161" z="-2992" heading="34248" respawnDelay="36" />
		<npc id="20244" x="113291" y="112430" z="-3096" heading="34750" respawnDelay="36" />
		<npc id="20244" x="113659" y="112919" z="-3064" heading="18427" respawnDelay="36" />
		<npc id="20244" x="114053" y="110961" z="-3088" heading="9290" respawnDelay="36" />
		<npc id="20244" x="112285" y="111703" z="-2768" heading="6461" respawnDelay="36" />
		<npc id="20244" x="111289" y="112919" z="-2784" heading="27254" respawnDelay="36" />
		<npc id="20244" x="111500" y="109984" z="-3016" heading="0" respawnDelay="36" />
		<npc id="20244" x="110458" y="110757" z="-3088" heading="59699" respawnDelay="36" />
		<npc id="20244" x="109370" y="112199" z="-3160" heading="20798" respawnDelay="36" />
		<npc id="20244" x="109948" y="111704" z="-3208" heading="62236" respawnDelay="36" />
		<npc id="20244" x="108839" y="113026" z="-3056" heading="37862" respawnDelay="36" />
		<npc id="20244" x="108317" y="112096" z="-3024" heading="0" respawnDelay="36" />
		<npc id="20244" x="108329" y="117803" z="-3056" heading="20631" respawnDelay="36" />
		<npc id="20244" x="108949" y="116658" z="-3064" heading="55795" respawnDelay="36" />
		<npc id="20244" x="111615" y="118995" z="-3064" heading="24385" respawnDelay="36" />
		<npc id="20244" x="112665" y="115144" z="-3224" heading="0" respawnDelay="36" />
		<npc id="20244" x="111912" y="116935" z="-3016" heading="21171" respawnDelay="36" />
		<npc id="20244" x="116000" y="114136" z="-3040" heading="0" respawnDelay="36" />
		<npc id="20244" x="115136" y="122450" z="-3592" heading="7833" respawnDelay="36" />
		<npc id="20244" x="119199" y="121791" z="-2976" heading="0" respawnDelay="36" />
		<npc id="20245" x="109325" y="121264" z="-3728" heading="42852" respawnDelay="36" />
		<npc id="20245" x="109869" y="121687" z="-3728" heading="61006" respawnDelay="36" />
		<npc id="20245" x="109362" y="123962" z="-3640" heading="0" respawnDelay="36" />
		<npc id="20245" x="109347" y="124624" z="-3688" heading="0" respawnDelay="36" />
		<npc id="20245" x="112033" y="121308" z="-2392" heading="0" respawnDelay="36" />
		<npc id="20245" x="116274" y="118588" z="-3728" heading="56983" respawnDelay="36" />
		<npc id="20245" x="116020" y="119596" z="-3688" heading="19439" respawnDelay="36" />
		<npc id="20245" x="118256" y="118228" z="-3672" heading="0" respawnDelay="36" />
		<npc id="20245" x="118356" y="118406" z="-3632" heading="0" respawnDelay="36" />
		<npc id="20245" x="119482" y="116901" z="-3728" heading="1783" respawnDelay="36" />
		<npc id="20245" x="117597" y="116506" z="-3728" heading="0" respawnDelay="36" />
		<npc id="20245" x="116313" y="117734" z="-3728" heading="48128" respawnDelay="36" />
		<npc id="20245" x="113000" y="109490" z="-3000" heading="0" respawnDelay="36" />
		<npc id="20245" x="112520" y="109707" z="-2984" heading="57344" respawnDelay="36" />
		<npc id="20245" x="114375" y="112576" z="-3096" heading="10939" respawnDelay="36" />
		<npc id="20245" x="114141" y="111554" z="-3128" heading="0" respawnDelay="36" />
		<npc id="20245" x="108925" y="111783" z="-3072" heading="29028" respawnDelay="36" />
		<npc id="20245" x="111817" y="112084" z="-2776" heading="54734" respawnDelay="36" />
		<npc id="20245" x="112034" y="112442" z="-2776" heading="10859" respawnDelay="36" />
		<npc id="20245" x="114435" y="110187" z="-3008" heading="65309" respawnDelay="36" />
		<npc id="20245" x="111659" y="110431" z="-3048" heading="58322" respawnDelay="36" />
		<npc id="20245" x="110452" y="111422" z="-3160" heading="61212" respawnDelay="36" />
		<npc id="20245" x="112100" y="115278" z="-3224" heading="0" respawnDelay="36" />
		<npc id="20245" x="112839" y="115563" z="-3232" heading="32489" respawnDelay="36" />
		<npc id="20245" x="112200" y="115100" z="-3200" heading="0" respawnDelay="36" />
		<npc id="20245" x="112610" y="113094" z="-2776" heading="0" respawnDelay="36" />
		<npc id="20245" x="116079" y="114326" z="-3064" heading="0" respawnDelay="36" />
		<npc id="20245" x="116047" y="123024" z="-3216" heading="3692" respawnDelay="36" />
		<npc id="20245" x="118524" y="122673" z="-3056" heading="63430" respawnDelay="36" />
		<npc id="20246" x="122483" y="111473" z="-3808" heading="51813" respawnDelay="36" />
		<npc id="20246" x="121073" y="113385" z="-3752" heading="0" respawnDelay="36" />
		<npc id="20246" x="126775" y="115009" z="-3728" heading="1469" respawnDelay="36" />
		<npc id="20246" x="121447" y="112925" z="-3808" heading="809" respawnDelay="36" />
		<npc id="20246" x="120669" y="112778" z="-3696" heading="35199" respawnDelay="36" />
		<npc id="20246" x="121238" y="114987" z="-3656" heading="32522" respawnDelay="36" />
		<npc id="20246" x="127052" y="113045" z="-3616" heading="28246" respawnDelay="36" />
		<npc id="20246" x="126516" y="114417" z="-3624" heading="59905" respawnDelay="36" />
		<npc id="20246" x="128664" y="115789" z="-3760" heading="11642" respawnDelay="36" />
		<npc id="20246" x="125016" y="110216" z="-3104" heading="0" respawnDelay="36" />
		<npc id="20246" x="125307" y="111303" z="-3144" heading="59478" respawnDelay="36" />
		<npc id="20246" x="125559" y="110863" z="-3089" heading="0" respawnDelay="36" />
		<npc id="20246" x="122994" y="108930" z="-2976" heading="28870" respawnDelay="36" />
		<npc id="20246" x="122698" y="108377" z="-3040" heading="37587" respawnDelay="36" />
		<npc id="20246" x="121924" y="107841" z="-2944" heading="39524" respawnDelay="36" />
		<npc id="20246" x="120668" y="107881" z="-2960" heading="56291" respawnDelay="36" />
		<npc id="20246" x="120371" y="108717" z="-2944" heading="50849" respawnDelay="36" />
		<npc id="20246" x="120481" y="110154" z="-3032" heading="64541" respawnDelay="36" />
		<npc id="20246" x="120082" y="109073" z="-2936" heading="45537" respawnDelay="36" />
		<npc id="20246" x="119749" y="110978" z="-3048" heading="57208" respawnDelay="36" />
		<npc id="20246" x="116645" y="109948" z="-3048" heading="42176" respawnDelay="36" />
		<npc id="20246" x="123728" y="119725" z="-3152" heading="3492" respawnDelay="36" />
		<npc id="20246" x="119806" y="121556" z="-2992" heading="48762" respawnDelay="36" />
		<npc id="20246" x="122761" y="119694" z="-3168" heading="57344" respawnDelay="36" />
		<npc id="20246" x="122000" y="119104" z="-3120" heading="0" respawnDelay="36" />
		<npc id="20246" x="125405" y="118774" z="-3088" heading="15345" respawnDelay="36" />
		<npc id="20758" x="85587" y="120404" z="-2993" heading="7922" respawnDelay="60" />
		<npc id="20758" x="81160" y="116526" z="-3368" heading="39095" respawnDelay="60" />
		<npc id="20758" x="84890" y="118513" z="-3039" heading="0" respawnDelay="60" />
		<npc id="20758" x="86602" y="118802" z="-3108" heading="0" respawnDelay="60" />
		<npc id="20758" x="90705" y="117760" z="-3104" heading="0" respawnDelay="60" />
		<npc id="20758" x="87968" y="120342" z="-3058" heading="27013" respawnDelay="60" />
		<npc id="20758" x="92574" y="112616" z="-2958" heading="6671" respawnDelay="60" />
		<npc id="20758" x="92577" y="115020" z="-3185" heading="38679" respawnDelay="60" />
		<npc id="20758" x="85592" y="108046" z="-3247" heading="0" respawnDelay="60" />
		<npc id="20758" x="85739" y="108710" z="-3200" heading="0" respawnDelay="60" />
		<npc id="20758" x="88629" y="106802" z="-3167" heading="0" respawnDelay="60" />
		<npc id="20758" x="89561" y="106996" z="-3155" heading="0" respawnDelay="60" />
		<npc id="20758" x="101893" y="118089" z="-3661" heading="40490" respawnDelay="60" />
		<npc id="20758" x="102810" y="122327" z="-3660" heading="17787" respawnDelay="60" />
		<npc id="20758" x="104589" y="122240" z="-3792" heading="42329" respawnDelay="60" />
		<npc id="20758" x="106268" y="120501" z="-3682" heading="44301" respawnDelay="60" />
		<npc id="20758" x="110796" y="123030" z="-3697" heading="62552" respawnDelay="60" />
		<npc id="20758" x="109311" y="122405" z="-3677" heading="28132" respawnDelay="60" />
		<npc id="20758" x="109865" y="124435" z="-3646" heading="20769" respawnDelay="60" />
		<npc id="20758" x="118446" y="116831" z="-3725" heading="22210" respawnDelay="60" />
		<npc id="20758" x="120521" y="113457" z="-3712" heading="25530" respawnDelay="60" />
		<npc id="20758" x="120291" y="114742" z="-3657" heading="39200" respawnDelay="60" />
		<npc id="20758" x="122519" y="116168" z="-3607" heading="8157" respawnDelay="60" />
		<npc id="20758" x="129513" y="115165" z="-3803" heading="10426" respawnDelay="60" />
		<npc id="20758" x="127410" y="114163" z="-3513" heading="30171" respawnDelay="60" />
		<npc id="20758" x="125080" y="109474" z="-3059" heading="6050" respawnDelay="60" />
		<npc id="20758" x="121738" y="109408" z="-2904" heading="16509" respawnDelay="60" />
		<npc id="20758" x="123751" y="108606" z="-3013" heading="1191" respawnDelay="60" />
		<npc id="20758" x="120351" y="109285" z="-2996" heading="0" respawnDelay="60" />
		<npc id="20758" x="114079" y="110477" z="-3053" heading="19541" respawnDelay="60" />
		<npc id="20758" x="120774" y="122293" z="-2962" heading="13396" respawnDelay="60" />
		<npc id="20758" x="126260" y="117879" z="-3079" heading="53269" respawnDelay="60" />
		<npc id="20758" x="121359" y="120400" z="-3046" heading="18562" respawnDelay="60" />
		<npc id="30761" x="103898" y="116896" z="-3024" heading="0" respawnDelay="60" />
		<npc id="30762" x="112268" y="112761" z="-2784" heading="0" respawnDelay="60" />
		<npc id="30763" x="124664" y="110047" z="-3104" heading="0" respawnDelay="60" />
		<npc id="31044" x="122904" y="110828" z="-3728" heading="24576" respawnDelay="60" />
		<npc id="31045" x="122716" y="110720" z="-3728" heading="16384" respawnDelay="60" />
	</spawn>
</list>
