<?xml version="1.0" encoding="UTF-8"?>
<list enabled="true" xmlns:xsi="http://www.w3.org/2001/XMLSchema-instance" xsi:noNamespaceSchemaLocation="../xsd/spawns.xsd">
	<spawn name="FieldOfWhispers">
		<npc id="20788" x="84379" y="197859" z="-3871" heading="0" respawnDelay="30" />
		<npc id="20788" x="83775" y="198571" z="-3871" heading="0" respawnDelay="30" />
		<npc id="20788" x="86891" y="197817" z="-3393" heading="315" respawnDelay="30" />
		<npc id="20788" x="84077" y="198037" z="-3871" heading="0" respawnDelay="30" />
		<npc id="20788" x="85825" y="197783" z="-3507" heading="43922" respawnDelay="30" />
		<npc id="20788" x="85586" y="198571" z="-3871" heading="0" respawnDelay="30" />
		<npc id="20788" x="85385" y="198215" z="-3871" heading="0" respawnDelay="30" />
		<npc id="20788" x="83025" y="199099" z="-3472" heading="61551" respawnDelay="30" />
		<npc id="20788" x="84278" y="198749" z="-3871" heading="0" respawnDelay="30" />
		<npc id="20788" x="84964" y="198433" z="-3574" heading="13385" respawnDelay="30" />
		<npc id="20788" x="77724" y="202262" z="-3871" heading="0" respawnDelay="30" />
		<npc id="20788" x="77321" y="202618" z="-3871" heading="0" respawnDelay="30" />
		<npc id="20788" x="78730" y="202618" z="-3871" heading="0" respawnDelay="30" />
		<npc id="20788" x="76818" y="203152" z="-3871" heading="0" respawnDelay="30" />
		<npc id="20788" x="78026" y="202440" z="-3871" heading="0" respawnDelay="30" />
		<npc id="20788" x="77120" y="202974" z="-3871" heading="0" respawnDelay="30" />
		<npc id="20788" x="77320" y="203330" z="-3871" heading="0" respawnDelay="30" />
		<npc id="20788" x="91708" y="205199" z="-3765" heading="40081" respawnDelay="30" />
		<npc id="20788" x="92372" y="205785" z="-3765" heading="17424" respawnDelay="30" />
		<npc id="20788" x="83830" y="202077" z="-3765" heading="38758" respawnDelay="30" />
		<npc id="20788" x="88231" y="203196" z="-3672" heading="7487" respawnDelay="30" />
		<npc id="20788" x="83348" y="204111" z="-3565" heading="27032" respawnDelay="30" />
		<npc id="20788" x="87629" y="204178" z="-3675" heading="17201" respawnDelay="30" />
		<npc id="20788" x="86596" y="202866" z="-3902" heading="0" respawnDelay="30" />
		<npc id="20788" x="83066" y="201553" z="-3643" heading="37830" respawnDelay="30" />
		<npc id="20788" x="84639" y="200536" z="-3902" heading="0" respawnDelay="30" />
		<npc id="20789" x="81880" y="198637" z="-3243" heading="23163" respawnDelay="30" />
		<npc id="20789" x="83512" y="199594" z="-3752" heading="8277" respawnDelay="30" />
		<npc id="20789" x="85284" y="198037" z="-3871" heading="0" respawnDelay="30" />
		<npc id="20789" x="84084" y="199964" z="-3765" heading="1332" respawnDelay="30" />
		<npc id="20789" x="86348" y="198784" z="-3575" heading="64647" respawnDelay="30" />
		<npc id="20789" x="82241" y="199414" z="-3411" heading="12243" respawnDelay="30" />
		<npc id="20789" x="85831" y="199650" z="-3663" heading="55285" respawnDelay="30" />
		<npc id="20789" x="83876" y="198749" z="-3871" heading="0" respawnDelay="30" />
		<npc id="20789" x="83674" y="198393" z="-3871" heading="0" respawnDelay="30" />
		<npc id="20789" x="85048" y="197254" z="-3539" heading="48930" respawnDelay="30" />
		<npc id="20789" x="78428" y="202084" z="-3871" heading="0" respawnDelay="30" />
		<npc id="20789" x="77623" y="203152" z="-3871" heading="0" respawnDelay="30" />
		<npc id="20789" x="77019" y="202796" z="-3871" heading="0" respawnDelay="30" />
		<npc id="20789" x="77421" y="203152" z="-3871" heading="0" respawnDelay="30" />
		<npc id="20789" x="78729" y="202262" z="-3871" heading="0" respawnDelay="30" />
		<npc id="20789" x="77019" y="203152" z="-3871" heading="0" respawnDelay="30" />
		<npc id="20789" x="77522" y="202618" z="-3871" heading="0" respawnDelay="30" />
		<npc id="20789" x="78990" y="212397" z="-3765" heading="14244" respawnDelay="30" />
		<npc id="20789" x="78056" y="211371" z="-3735" heading="64957" respawnDelay="30" />
		<npc id="20789" x="74791" y="218281" z="-3630" heading="9625" respawnDelay="30" />
		<npc id="20789" x="76338" y="214673" z="-3746" heading="58131" respawnDelay="30" />
		<npc id="20789" x="73737" y="215792" z="-3682" heading="29846" respawnDelay="30" />
		<npc id="20789" x="75435" y="214735" z="-3692" heading="3844" respawnDelay="30" />
		<npc id="20789" x="95234" y="214936" z="-3655" heading="59132" respawnDelay="30" />
		<npc id="20789" x="94534" y="216219" z="-3643" heading="32517" respawnDelay="30" />
		<npc id="20789" x="95338" y="216033" z="-3902" heading="0" respawnDelay="30" />
		<npc id="20789" x="94100" y="212878" z="-3902" heading="0" respawnDelay="30" />
		<npc id="20789" x="94302" y="213234" z="-3902" heading="0" respawnDelay="30" />
		<npc id="20789" x="93597" y="213056" z="-3902" heading="0" respawnDelay="30" />
		<npc id="20789" x="88407" y="214023" z="-3708" heading="36382" respawnDelay="30" />
		<npc id="20789" x="89256" y="213961" z="-3902" heading="0" respawnDelay="30" />
		<npc id="20789" x="88954" y="213427" z="-3902" heading="0" respawnDelay="30" />
		<npc id="20789" x="89294" y="213875" z="-3765" heading="48390" respawnDelay="30" />
		<npc id="20789" x="93327" y="208689" z="-3902" heading="0" respawnDelay="30" />
		<npc id="20789" x="91984" y="207647" z="-3671" heading="46128" respawnDelay="30" />
		<npc id="20789" x="94032" y="208867" z="-3902" heading="0" respawnDelay="30" />
		<npc id="20789" x="93730" y="209045" z="-3902" heading="0" respawnDelay="30" />
		<npc id="20789" x="88172" y="209910" z="-3902" heading="0" respawnDelay="30" />
		<npc id="20789" x="88574" y="210266" z="-3902" heading="0" respawnDelay="30" />
		<npc id="20789" x="89379" y="209910" z="-3902" heading="0" respawnDelay="30" />
		<npc id="20789" x="84154" y="213156" z="-3902" heading="0" respawnDelay="30" />
		<npc id="20789" x="84456" y="213690" z="-3902" heading="0" respawnDelay="30" />
		<npc id="20789" x="85160" y="213512" z="-3902" heading="0" respawnDelay="30" />
		<npc id="20789" x="82385" y="209679" z="-3765" heading="6832" respawnDelay="30" />
		<npc id="20789" x="81108" y="209648" z="-3716" heading="51060" respawnDelay="30" />
		<npc id="20789" x="85094" y="209682" z="-3902" heading="0" respawnDelay="30" />
		<npc id="20789" x="84792" y="209860" z="-3902" heading="0" respawnDelay="30" />
		<npc id="20789" x="84792" y="210216" z="-3902" heading="0" respawnDelay="30" />
		<npc id="20789" x="83923" y="206950" z="-3902" heading="0" respawnDelay="30" />
		<npc id="20789" x="82816" y="207484" z="-3902" heading="0" respawnDelay="30" />
		<npc id="20789" x="81558" y="208510" z="-3668" heading="25813" respawnDelay="30" />
		<npc id="20789" x="83016" y="207840" z="-3902" heading="0" respawnDelay="30" />
		<npc id="20789" x="84569" y="209487" z="-3721" heading="17784" respawnDelay="30" />
		<npc id="20789" x="84019" y="204893" z="-3534" heading="34111" respawnDelay="30" />
		<npc id="20789" x="84757" y="206215" z="-3765" heading="4329" respawnDelay="30" />
		<npc id="20789" x="86545" y="205349" z="-3902" heading="0" respawnDelay="30" />
		<npc id="20789" x="85697" y="204167" z="-3689" heading="8225" respawnDelay="30" />
		<npc id="20789" x="84618" y="204078" z="-3493" heading="11948" respawnDelay="30" />
		<npc id="20789" x="91272" y="206181" z="-3902" heading="0" respawnDelay="30" />
		<npc id="20789" x="90962" y="204860" z="-3765" heading="37410" respawnDelay="30" />
		<npc id="20789" x="94270" y="204687" z="-3483" heading="56969" respawnDelay="30" />
		<npc id="20789" x="95179" y="205144" z="-3902" heading="0" respawnDelay="30" />
		<npc id="20789" x="95119" y="204413" z="-3475" heading="61962" respawnDelay="30" />
		<npc id="20789" x="95178" y="205856" z="-3902" heading="0" respawnDelay="30" />
		<npc id="20789" x="85081" y="203556" z="-3606" heading="20319" respawnDelay="30" />
		<npc id="20789" x="85891" y="203400" z="-3902" heading="0" respawnDelay="30" />
		<npc id="20789" x="87099" y="202688" z="-3902" heading="0" respawnDelay="30" />
		<npc id="20789" x="87060" y="204333" z="-3692" heading="29994" respawnDelay="30" />
		<npc id="20789" x="88079" y="202273" z="-3765" heading="37720" respawnDelay="30" />
		<npc id="20789" x="86360" y="201322" z="-3765" heading="45148" respawnDelay="30" />
		<npc id="20790" x="77724" y="203330" z="-3871" heading="0" respawnDelay="30" />
		<npc id="20790" x="77422" y="202796" z="-3871" heading="0" respawnDelay="30" />
		<npc id="20790" x="78329" y="203330" z="-3871" heading="0" respawnDelay="30" />
		<npc id="20790" x="78530" y="202974" z="-3871" heading="0" respawnDelay="30" />
		<npc id="20790" x="78362" y="212527" z="-3706" heading="11625" respawnDelay="30" />
		<npc id="20790" x="77900" y="211912" z="-3710" heading="3217" respawnDelay="30" />
		<npc id="20790" x="79508" y="210695" z="-3765" heading="56911" respawnDelay="30" />
		<npc id="20790" x="78408" y="209917" z="-3694" heading="34470" respawnDelay="30" />
		<npc id="20790" x="75706" y="217171" z="-3668" heading="18313" respawnDelay="30" />
		<npc id="20790" x="76473" y="217507" z="-3765" heading="11035" respawnDelay="30" />
		<npc id="20790" x="73676" y="216646" z="-3667" heading="21610" respawnDelay="30" />
		<npc id="20790" x="76792" y="214097" z="-3765" heading="65238" respawnDelay="30" />
		<npc id="20790" x="74676" y="215325" z="-3670" heading="60865" respawnDelay="30" />
		<npc id="20790" x="76150" y="215406" z="-3740" heading="8017" respawnDelay="30" />
		<npc id="20790" x="74882" y="216864" z="-3765" heading="36487" respawnDelay="30" />
		<npc id="20790" x="74397" y="216227" z="-3712" heading="42364" respawnDelay="30" />
		<npc id="20790" x="78404" y="214453" z="-3765" heading="15693" respawnDelay="30" />
		<npc id="20790" x="79401" y="215913" z="-3765" heading="21821" respawnDelay="30" />
		<npc id="20790" x="78735" y="216489" z="-3765" heading="25331" respawnDelay="30" />
		<npc id="20790" x="79769" y="215229" z="-3902" heading="0" respawnDelay="30" />
		<npc id="20790" x="77221" y="214601" z="-3765" heading="56441" respawnDelay="30" />
		<npc id="20790" x="83167" y="221994" z="-3765" heading="27831" respawnDelay="30" />
		<npc id="20790" x="83345" y="222570" z="-3658" heading="55298" respawnDelay="30" />
		<npc id="20790" x="85073" y="224062" z="-3765" heading="29059" respawnDelay="30" />
		<npc id="20790" x="87849" y="217996" z="-3745" heading="61837" respawnDelay="30" />
		<npc id="20790" x="86384" y="220082" z="-3765" heading="32688" respawnDelay="30" />
		<npc id="20790" x="86696" y="219288" z="-3902" heading="0" respawnDelay="30" />
		<npc id="20790" x="88692" y="218951" z="-3765" heading="16933" respawnDelay="30" />
		<npc id="20790" x="91651" y="221788" z="-3682" heading="46299" respawnDelay="30" />
		<npc id="20790" x="92114" y="222518" z="-3765" heading="2702" respawnDelay="30" />
		<npc id="20790" x="92818" y="222288" z="-3700" heading="25849" respawnDelay="30" />
		<npc id="20790" x="91961" y="217303" z="-3745" heading="28862" respawnDelay="30" />
		<npc id="20790" x="92800" y="217528" z="-3765" heading="48898" respawnDelay="30" />
		<npc id="20790" x="92318" y="217876" z="-3765" heading="48026" respawnDelay="30" />
		<npc id="20790" x="92877" y="218275" z="-3711" heading="6466" respawnDelay="30" />
		<npc id="20790" x="91065" y="218170" z="-3902" heading="0" respawnDelay="30" />
		<npc id="20790" x="92418" y="218799" z="-3765" heading="52130" respawnDelay="30" />
		<npc id="20790" x="87629" y="215567" z="-3902" heading="0" respawnDelay="30" />
		<npc id="20790" x="87706" y="214510" z="-3621" heading="14226" respawnDelay="30" />
		<npc id="20790" x="86728" y="214917" z="-3617" heading="33962" respawnDelay="30" />
		<npc id="20790" x="87127" y="212498" z="-3645" heading="45020" respawnDelay="30" />
		<npc id="20790" x="94452" y="214445" z="-3658" heading="34420" respawnDelay="30" />
		<npc id="20790" x="94578" y="215320" z="-3650" heading="43155" respawnDelay="30" />
		<npc id="20790" x="96304" y="214950" z="-3528" heading="8534" respawnDelay="30" />
		<npc id="20790" x="96041" y="215855" z="-3902" heading="0" respawnDelay="30" />
		<npc id="20790" x="93798" y="213056" z="-3902" heading="0" respawnDelay="30" />
		<npc id="20790" x="95757" y="214366" z="-3522" heading="2394" respawnDelay="30" />
		<npc id="20790" x="93295" y="213234" z="-3902" heading="0" respawnDelay="30" />
		<npc id="20790" x="89011" y="212830" z="-3729" heading="59970" respawnDelay="30" />
		<npc id="20790" x="88248" y="213961" z="-3902" heading="0" respawnDelay="30" />
		<npc id="20790" x="89557" y="213783" z="-3902" heading="0" respawnDelay="30" />
		<npc id="20790" x="91966" y="206841" z="-3718" heading="38362" respawnDelay="30" />
		<npc id="20790" x="91618" y="207299" z="-3707" heading="23761" respawnDelay="30" />
		<npc id="20790" x="93025" y="209579" z="-3902" heading="0" respawnDelay="30" />
		<npc id="20790" x="93125" y="209757" z="-3902" heading="0" respawnDelay="30" />
		<npc id="20790" x="92728" y="207294" z="-3765" heading="60915" respawnDelay="30" />
		<npc id="20790" x="88071" y="210088" z="-3902" heading="0" respawnDelay="30" />
		<npc id="20790" x="88574" y="209910" z="-3902" heading="0" respawnDelay="30" />
		<npc id="20790" x="88775" y="210266" z="-3902" heading="0" respawnDelay="30" />
		<npc id="20790" x="85563" y="212800" z="-3902" heading="0" respawnDelay="30" />
		<npc id="20790" x="84556" y="213868" z="-3902" heading="0" respawnDelay="30" />
		<npc id="20790" x="83952" y="213512" z="-3902" heading="0" respawnDelay="30" />
		<npc id="20790" x="79289" y="214963" z="-3683" heading="61192" respawnDelay="30" />
		<npc id="20790" x="80550" y="214763" z="-3697" heading="63895" respawnDelay="30" />
		<npc id="20790" x="81003" y="213937" z="-3764" heading="54384" respawnDelay="30" />
		<npc id="20790" x="80394" y="213170" z="-3902" heading="0" respawnDelay="30" />
		<npc id="20790" x="82818" y="210728" z="-3613" heading="7004" respawnDelay="30" />
		<npc id="20790" x="80717" y="210527" z="-3765" heading="36740" respawnDelay="30" />
		<npc id="20790" x="82658" y="211918" z="-3566" heading="25670" respawnDelay="30" />
		<npc id="20790" x="84892" y="210750" z="-3902" heading="0" respawnDelay="30" />
		<npc id="20790" x="84791" y="210572" z="-3902" heading="0" respawnDelay="30" />
		<npc id="20790" x="85295" y="210750" z="-3902" heading="0" respawnDelay="30" />
		<npc id="20790" x="82313" y="208681" z="-3745" heading="35950" respawnDelay="30" />
		<npc id="20790" x="85897" y="207642" z="-3637" heading="11806" respawnDelay="30" />
		<npc id="20790" x="83293" y="208658" z="-3765" heading="12113" respawnDelay="30" />
		<npc id="20790" x="84849" y="207641" z="-3672" heading="43031" respawnDelay="30" />
		<npc id="20790" x="83859" y="207884" z="-3714" heading="53669" respawnDelay="30" />
		<npc id="20790" x="86444" y="205171" z="-3902" heading="0" respawnDelay="30" />
		<npc id="20790" x="83267" y="205182" z="-3643" heading="49827" respawnDelay="30" />
		<npc id="20790" x="85740" y="205705" z="-3902" heading="0" respawnDelay="30" />
		<npc id="20790" x="84187" y="205883" z="-3765" heading="14631" respawnDelay="30" />
		<npc id="20790" x="85221" y="206999" z="-3699" heading="36142" respawnDelay="30" />
		<npc id="20790" x="90768" y="205647" z="-3902" heading="0" respawnDelay="30" />
		<npc id="20790" x="90847" y="206739" z="-3734" heading="20876" respawnDelay="30" />
		<npc id="20790" x="94052" y="205662" z="-3619" heading="22520" respawnDelay="30" />
		<npc id="20790" x="94776" y="205500" z="-3902" heading="0" respawnDelay="30" />
		<npc id="20790" x="93747" y="205249" z="-3590" heading="63548" respawnDelay="30" />
		<npc id="20790" x="95883" y="205322" z="-3902" heading="0" respawnDelay="30" />
		<npc id="20790" x="85865" y="202001" z="-3723" heading="26139" respawnDelay="30" />
		<npc id="20790" x="83639" y="203147" z="-3587" heading="12380" respawnDelay="30" />
		<npc id="20790" x="88407" y="203508" z="-3687" heading="34044" respawnDelay="30" />
		<npc id="20790" x="83279" y="200657" z="-3708" heading="69" respawnDelay="30" />
		<npc id="20791" x="119130" y="202654" z="-3413" heading="37164" respawnDelay="30" />
		<npc id="20791" x="117328" y="199754" z="-3660" heading="59104" respawnDelay="30" />
		<npc id="20791" x="122446" y="204864" z="-3578" heading="1277" respawnDelay="30" />
		<npc id="20791" x="120629" y="204181" z="-3602" heading="6791" respawnDelay="30" />
		<npc id="20791" x="120079" y="208312" z="-3816" heading="0" respawnDelay="30" />
		<npc id="20791" x="120381" y="208490" z="-3816" heading="0" respawnDelay="30" />
		<npc id="20791" x="120381" y="208846" z="-3816" heading="0" respawnDelay="30" />
		<npc id="20791" x="79740" y="211417" z="-3765" heading="2787" respawnDelay="30" />
		<npc id="20791" x="79133" y="211576" z="-3709" heading="45769" respawnDelay="30" />
		<npc id="20791" x="78316" y="210824" z="-3871" heading="0" respawnDelay="30" />
		<npc id="20791" x="75423" y="215669" z="-3765" heading="60340" respawnDelay="30" />
		<npc id="20791" x="75555" y="218001" z="-3673" heading="10641" respawnDelay="30" />
		<npc id="20791" x="76826" y="216216" z="-3688" heading="17168" respawnDelay="30" />
		<npc id="20791" x="79912" y="214462" z="-3621" heading="13915" respawnDelay="30" />
		<npc id="20791" x="77629" y="215479" z="-3765" heading="50125" respawnDelay="30" />
		<npc id="20791" x="86612" y="218779" z="-3705" heading="43252" respawnDelay="30" />
		<npc id="20791" x="88624" y="219581" z="-3765" heading="22986" respawnDelay="30" />
		<npc id="20791" x="88262" y="221737" z="-3725" heading="35206" respawnDelay="30" />
		<npc id="20791" x="88551" y="213427" z="-3902" heading="0" respawnDelay="30" />
		<npc id="20791" x="88366" y="213211" z="-3592" heading="48625" respawnDelay="30" />
		<npc id="20791" x="92212" y="208616" z="-3638" heading="8011" respawnDelay="30" />
		<npc id="20791" x="91774" y="208193" z="-3667" heading="15508" respawnDelay="30" />
		<npc id="20791" x="92521" y="209401" z="-3902" heading="0" respawnDelay="30" />
		<npc id="20791" x="88273" y="210088" z="-3902" heading="0" respawnDelay="30" />
		<npc id="20791" x="88373" y="210266" z="-3902" heading="0" respawnDelay="30" />
		<npc id="20791" x="83852" y="213334" z="-3902" heading="0" respawnDelay="30" />
		<npc id="20791" x="85160" y="213156" z="-3902" heading="0" respawnDelay="30" />
		<npc id="20791" x="78303" y="213791" z="-3765" heading="50876" respawnDelay="30" />
		<npc id="20791" x="79273" y="213587" z="-3668" heading="2711" respawnDelay="30" />
		<npc id="20791" x="81829" y="211065" z="-3628" heading="28966" respawnDelay="30" />
		<npc id="20791" x="83300" y="209866" z="-3765" heading="52437" respawnDelay="30" />
		<npc id="20791" x="85396" y="209860" z="-3902" heading="0" respawnDelay="30" />
		<npc id="20791" x="85497" y="210394" z="-3902" heading="0" respawnDelay="30" />
		<npc id="20791" x="85058" y="208746" z="-3705" heading="44119" respawnDelay="30" />
		<npc id="20791" x="81988" y="207588" z="-3666" heading="17309" respawnDelay="30" />
		<npc id="20791" x="84353" y="203493" z="-3636" heading="4485" respawnDelay="30" />
		<npc id="20791" x="85291" y="204858" z="-3744" heading="38565" respawnDelay="30" />
		<npc id="20791" x="84814" y="202769" z="-3652" heading="38623" respawnDelay="30" />
		<npc id="20791" x="86093" y="202688" z="-3902" heading="0" respawnDelay="30" />
		<npc id="20791" x="87100" y="203400" z="-3902" heading="0" respawnDelay="30" />
		<npc id="20791" x="84652" y="201610" z="-3765" heading="14876" respawnDelay="30" />
		<npc id="20791" x="85290" y="200387" z="-3673" heading="64531" respawnDelay="30" />
		<npc id="20792" x="105790" y="203399" z="-3352" heading="4130" respawnDelay="30" />
		<npc id="20792" x="104745" y="203063" z="-3392" heading="22510" respawnDelay="30" />
		<npc id="20792" x="106770" y="201181" z="-3533" heading="23924" respawnDelay="30" />
		<npc id="20792" x="108905" y="200082" z="-3572" heading="54275" respawnDelay="30" />
		<npc id="20792" x="109892" y="199230" z="-3526" heading="51192" respawnDelay="30" />
		<npc id="20792" x="109671" y="200712" z="-3596" heading="24994" respawnDelay="30" />
		<npc id="20792" x="110629" y="199922" z="-3521" heading="34193" respawnDelay="30" />
		<npc id="20792" x="119717" y="203557" z="-3511" heading="21470" respawnDelay="30" />
		<npc id="20792" x="120872" y="202776" z="-3437" heading="1404" respawnDelay="30" />
		<npc id="20792" x="119620" y="204540" z="-3584" heading="33731" respawnDelay="30" />
		<npc id="20792" x="123050" y="206883" z="-3305" heading="6854" respawnDelay="30" />
		<npc id="20792" x="121564" y="206128" z="-3525" heading="12003" respawnDelay="30" />
		<npc id="20792" x="119777" y="208490" z="-3816" heading="0" respawnDelay="30" />
		<npc id="20792" x="120482" y="208668" z="-3816" heading="0" respawnDelay="30" />
		<npc id="20792" x="120482" y="209024" z="-3816" heading="0" respawnDelay="30" />
		<npc id="20792" x="78486" y="211698" z="-3687" heading="24719" respawnDelay="30" />
		<npc id="20792" x="75991" y="216351" z="-3696" heading="31097" respawnDelay="30" />
		<npc id="20792" x="76149" y="214038" z="-3765" heading="10356" respawnDelay="30" />
		<npc id="20792" x="76726" y="215190" z="-3765" heading="18950" respawnDelay="30" />
		<npc id="20792" x="78081" y="217047" z="-3765" heading="15850" respawnDelay="30" />
		<npc id="20792" x="82500" y="223814" z="-3765" heading="2707" respawnDelay="30" />
		<npc id="20792" x="81496" y="223749" z="-3765" heading="6302" respawnDelay="30" />
		<npc id="20792" x="85611" y="222525" z="-3600" heading="62836" respawnDelay="30" />
		<npc id="20792" x="85072" y="221874" z="-3503" heading="29527" respawnDelay="30" />
		<npc id="20792" x="83904" y="222755" z="-3902" heading="0" respawnDelay="30" />
		<npc id="20792" x="81871" y="221860" z="-3735" heading="17698" respawnDelay="30" />
		<npc id="20792" x="80976" y="220961" z="-3765" heading="37266" respawnDelay="30" />
		<npc id="20792" x="87199" y="219466" z="-3902" heading="0" respawnDelay="30" />
		<npc id="20792" x="87912" y="219526" z="-3747" heading="35927" respawnDelay="30" />
		<npc id="20792" x="87480" y="222294" z="-3765" heading="39687" respawnDelay="30" />
		<npc id="20792" x="89007" y="221947" z="-3765" heading="10324" respawnDelay="30" />
		<npc id="20792" x="90964" y="217992" z="-3902" heading="0" respawnDelay="30" />
		<npc id="20792" x="91939" y="218435" z="-3765" heading="13996" respawnDelay="30" />
		<npc id="20792" x="91781" y="217757" z="-3755" heading="48826" respawnDelay="30" />
		<npc id="20792" x="87755" y="213085" z="-3462" heading="29942" respawnDelay="30" />
		<npc id="20792" x="86833" y="214143" z="-3627" heading="52069" respawnDelay="30" />
		<npc id="20792" x="95723" y="215417" z="-3593" heading="25707" respawnDelay="30" />
		<npc id="20792" x="95935" y="216478" z="-3661" heading="16054" respawnDelay="30" />
		<npc id="20792" x="95085" y="214209" z="-3601" heading="55126" respawnDelay="30" />
		<npc id="20792" x="93894" y="214951" z="-3721" heading="30995" respawnDelay="30" />
		<npc id="20792" x="89231" y="214657" z="-3765" heading="8192" respawnDelay="30" />
		<npc id="20792" x="89860" y="212893" z="-3902" heading="0" respawnDelay="30" />
		<npc id="20792" x="88172" y="210266" z="-3902" heading="0" respawnDelay="30" />
		<npc id="20792" x="84959" y="213512" z="-3902" heading="0" respawnDelay="30" />
		<npc id="20792" x="80443" y="213876" z="-3616" heading="20199" respawnDelay="30" />
		<npc id="20792" x="78696" y="213407" z="-3765" heading="57975" respawnDelay="30" />
		<npc id="20792" x="83207" y="211377" z="-3549" heading="19882" respawnDelay="30" />
		<npc id="20792" x="85699" y="210394" z="-3902" heading="0" respawnDelay="30" />
		<npc id="20793" x="76532" y="213470" z="-3765" heading="47981" respawnDelay="30" />
		<npc id="20793" x="77538" y="216451" z="-3765" heading="6206" respawnDelay="30" />
		<npc id="20793" x="78029" y="215181" z="-3765" heading="64004" respawnDelay="30" />
		<npc id="20793" x="82055" y="225299" z="-3688" heading="62688" respawnDelay="30" />
		<npc id="20793" x="81790" y="224563" z="-3765" heading="21828" respawnDelay="30" />
		<npc id="20793" x="81040" y="222683" z="-3710" heading="4532" respawnDelay="30" />
		<npc id="20793" x="80480" y="223081" z="-3701" heading="2166" respawnDelay="30" />
		<npc id="20793" x="85715" y="224149" z="-3765" heading="50295" respawnDelay="30" />
		<npc id="20793" x="85422" y="223155" z="-3688" heading="60491" respawnDelay="30" />
		<npc id="20793" x="83571" y="221444" z="-3765" heading="35186" respawnDelay="30" />
		<npc id="20793" x="81577" y="221347" z="-3765" heading="24368" respawnDelay="30" />
		<npc id="20793" x="89700" y="222170" z="-3726" heading="20340" respawnDelay="30" />
		<npc id="20793" x="90488" y="222024" z="-3682" heading="37891" respawnDelay="30" />
		<npc id="20793" x="86882" y="221540" z="-3684" heading="42158" respawnDelay="30" />
		<npc id="20793" x="92387" y="221262" z="-3708" heading="58415" respawnDelay="30" />
		<npc id="20793" x="93491" y="221762" z="-3705" heading="45294" respawnDelay="30" />
		<npc id="20793" x="92575" y="217992" z="-3902" heading="0" respawnDelay="30" />
		<npc id="20793" x="92482" y="217009" z="-3765" heading="53546" respawnDelay="30" />
		<npc id="20793" x="91878" y="219142" z="-3765" heading="11838" respawnDelay="30" />
		<npc id="20793" x="88377" y="214664" z="-3765" heading="4201" respawnDelay="30" />
		<npc id="20793" x="88651" y="215647" z="-3765" heading="15011" respawnDelay="30" />
		<npc id="20793" x="82715" y="244026" z="-7160" heading="51517" respawnDelay="30" />
		<npc id="20793" x="83355" y="244280" z="-8113" heading="31906" respawnDelay="30" />
		<npc id="20793" x="86270" y="244395" z="-7671" heading="38976" respawnDelay="30" />
		<npc id="20793" x="86268" y="244774" z="-7671" heading="62721" respawnDelay="30" />
		<npc id="20793" x="84771" y="245591" z="-8823" heading="32629" respawnDelay="30" />
		<npc id="20793" x="86069" y="246351" z="-8823" heading="37217" respawnDelay="30" />
		<npc id="20793" x="88191" y="248175" z="-8823" heading="7776" respawnDelay="30" />
		<npc id="20793" x="75710" y="248020" z="-8875" heading="0" respawnDelay="30" />
		<npc id="20793" x="77264" y="245267" z="-8875" heading="0" respawnDelay="30" />
		<npc id="20793" x="77163" y="246157" z="-8875" heading="0" respawnDelay="30" />
		<npc id="20793" x="87614" y="247555" z="-8816" heading="3624" respawnDelay="30" />
		<npc id="20793" x="89402" y="252380" z="-8823" heading="7980" respawnDelay="30" />
		<npc id="20793" x="76758" y="248572" z="-8823" heading="529" respawnDelay="30" />
		<npc id="20793" x="79629" y="246144" z="-8823" heading="27275" respawnDelay="30" />
		<npc id="20989" x="78560" y="215229" z="-3902" heading="0" respawnDelay="45" />
		<npc id="20989" x="78963" y="214517" z="-3902" heading="0" respawnDelay="45" />
		<npc id="20989" x="79745" y="213770" z="-3589" heading="3856" respawnDelay="45" />
		<npc id="20989" x="78115" y="216041" z="-3740" heading="38069" respawnDelay="45" />
		<npc id="20989" x="78863" y="215763" z="-3902" heading="0" respawnDelay="45" />
		<npc id="20989" x="81628" y="226122" z="-3587" heading="21376" respawnDelay="45" />
		<npc id="20989" x="81219" y="225547" z="-3526" heading="21561" respawnDelay="45" />
		<npc id="20989" x="82753" y="226587" z="-3649" heading="64168" respawnDelay="45" />
		<npc id="20989" x="81076" y="226587" z="-3587" heading="20825" respawnDelay="45" />
		<npc id="20989" x="81771" y="226972" z="-3640" heading="62980" respawnDelay="45" />
		<npc id="20989" x="84243" y="223834" z="-3765" heading="18271" respawnDelay="45" />
		<npc id="20989" x="85798" y="221592" z="-3583" heading="50248" respawnDelay="45" />
		<npc id="20989" x="82978" y="223119" z="-3662" heading="35753" respawnDelay="45" />
		<npc id="20989" x="84608" y="222577" z="-3902" heading="0" respawnDelay="45" />
		<npc id="20989" x="84105" y="222043" z="-3902" heading="0" respawnDelay="45" />
		<npc id="20989" x="82268" y="222412" z="-3765" heading="9881" respawnDelay="45" />
		<npc id="20989" x="81631" y="220194" z="-3717" heading="40177" respawnDelay="45" />
		<npc id="20989" x="81110" y="221719" z="-3765" heading="14565" respawnDelay="45" />
		<npc id="20989" x="82522" y="221045" z="-3765" heading="52756" respawnDelay="45" />
		<npc id="20989" x="88722" y="218381" z="-3765" heading="3356" respawnDelay="45" />
		<npc id="20989" x="87098" y="218932" z="-3902" heading="0" respawnDelay="45" />
		<npc id="20989" x="86035" y="220528" z="-3765" heading="17079" respawnDelay="45" />
		<npc id="20989" x="87703" y="220000" z="-3902" heading="0" respawnDelay="45" />
		<npc id="20989" x="87036" y="220272" z="-3717" heading="21962" respawnDelay="45" />
		<npc id="20989" x="89241" y="222540" z="-3716" heading="61933" respawnDelay="45" />
		<npc id="20989" x="88403" y="223267" z="-3902" heading="0" respawnDelay="45" />
		<npc id="20989" x="88100" y="222377" z="-3902" heading="0" respawnDelay="45" />
		<npc id="20989" x="87732" y="221180" z="-3765" heading="60939" respawnDelay="45" />
		<npc id="20989" x="89876" y="221735" z="-3765" heading="37369" respawnDelay="45" />
		<npc id="20989" x="92542" y="221754" z="-3765" heading="44176" respawnDelay="45" />
		<npc id="20989" x="91159" y="222265" z="-3651" heading="29013" respawnDelay="45" />
		<npc id="20989" x="92248" y="222953" z="-3902" heading="0" respawnDelay="45" />
		<npc id="20989" x="88439" y="216454" z="-3765" heading="47185" respawnDelay="45" />
		<npc id="20989" x="87286" y="213644" z="-3503" heading="24436" respawnDelay="45" />
		<npc id="20989" x="88100" y="212131" z="-3608" heading="49648" respawnDelay="45" />
		<npc id="20989" x="75903" y="215102" z="-3765" heading="14869" respawnDelay="45" />
		<npc id="20989" x="74622" y="217442" z="-3902" heading="0" respawnDelay="45" />
	</spawn>
</list>
