<?xml version="1.0" encoding="UTF-8"?>
<list enabled="true" xmlns:xsi="http://www.w3.org/2001/XMLSchema-instance" xsi:noNamespaceSchemaLocation="../xsd/spawns.xsd">
	<spawn name="FieldOfSilence">
		<npc id="20783" x="86243" y="174995" z="-3644" heading="14797" respawnDelay="25" />
		<npc id="20783" x="84882" y="175869" z="-3765" heading="21971" respawnDelay="25" />
		<npc id="20783" x="84994" y="176180" z="-3851" heading="0" respawnDelay="25" />
		<npc id="20783" x="86135" y="174450" z="-3765" heading="20598" respawnDelay="25" />
		<npc id="20783" x="86550" y="175974" z="-3608" heading="53061" respawnDelay="25" />
		<npc id="20783" x="86890" y="175450" z="-3628" heading="52398" respawnDelay="25" />
		<npc id="20783" x="86901" y="173969" z="-3826" heading="0" respawnDelay="25" />
		<npc id="20783" x="85793" y="174859" z="-3826" heading="0" respawnDelay="25" />
		<npc id="20783" x="86902" y="174325" z="-3826" heading="0" respawnDelay="25" />
		<npc id="20783" x="88278" y="173886" z="-3765" heading="12088" respawnDelay="25" />
		<npc id="20783" x="87969" y="175387" z="-3512" heading="61274" respawnDelay="25" />
		<npc id="20783" x="88362" y="172593" z="-3595" heading="8068" respawnDelay="25" />
		<npc id="20783" x="87673" y="173073" z="-3585" heading="64841" respawnDelay="25" />
		<npc id="20783" x="89518" y="170625" z="-3765" heading="42392" respawnDelay="25" />
		<npc id="20783" x="88842" y="170524" z="-3832" heading="0" respawnDelay="25" />
		<npc id="20783" x="88391" y="171587" z="-3645" heading="9508" respawnDelay="25" />
		<npc id="20783" x="92254" y="170773" z="-3765" heading="40678" respawnDelay="25" />
		<npc id="20783" x="91602" y="171854" z="-3765" heading="5593" respawnDelay="25" />
		<npc id="20783" x="91924" y="172194" z="-3765" heading="28771" respawnDelay="25" />
		<npc id="20783" x="91105" y="172230" z="-3765" heading="41145" respawnDelay="25" />
		<npc id="20783" x="92653" y="170854" z="-3698" heading="42527" respawnDelay="25" />
		<npc id="20783" x="90189" y="172630" z="-3765" heading="28474" respawnDelay="25" />
		<npc id="20783" x="91417" y="172667" z="-3765" heading="59588" respawnDelay="25" />
		<npc id="20783" x="91242" y="173217" z="-3765" heading="64835" respawnDelay="25" />
		<npc id="20783" x="89689" y="174248" z="-3709" heading="3259" respawnDelay="25" />
		<npc id="20783" x="88292" y="176045" z="-3475" heading="30614" respawnDelay="25" />
		<npc id="20783" x="89524" y="175188" z="-3551" heading="27822" respawnDelay="25" />
		<npc id="20783" x="89098" y="174680" z="-3651" heading="57637" respawnDelay="25" />
		<npc id="20783" x="87080" y="177314" z="-3730" heading="59794" respawnDelay="25" />
		<npc id="20783" x="89379" y="177511" z="-3360" heading="5821" respawnDelay="25" />
		<npc id="20784" x="85161" y="175450" z="-3765" heading="44576" respawnDelay="25" />
		<npc id="20784" x="85687" y="176516" z="-3765" heading="7337" respawnDelay="25" />
		<npc id="20784" x="85590" y="175397" z="-3740" heading="60419" respawnDelay="25" />
		<npc id="20784" x="85357" y="175838" z="-3765" heading="31675" respawnDelay="25" />
		<npc id="20784" x="85948" y="175721" z="-3642" heading="5728" respawnDelay="25" />
		<npc id="20784" x="87075" y="175861" z="-3591" heading="65427" respawnDelay="25" />
		<npc id="20784" x="86047" y="175419" z="-3619" heading="31801" respawnDelay="25" />
		<npc id="20784" x="89808" y="171008" z="-3765" heading="61999" respawnDelay="25" />
		<npc id="20784" x="89274" y="174184" z="-3704" heading="43694" respawnDelay="25" />
		<npc id="20784" x="88497" y="175336" z="-3475" heading="4717" respawnDelay="25" />
		<npc id="20784" x="90227" y="175014" z="-3559" heading="5167" respawnDelay="25" />
		<npc id="20784" x="87653" y="178365" z="-3750" heading="25300" respawnDelay="25" />
		<npc id="20784" x="87289" y="176829" z="-3632" heading="55506" respawnDelay="25" />
		<npc id="20784" x="87833" y="176680" z="-3530" heading="279" respawnDelay="25" />
		<npc id="20784" x="88855" y="177301" z="-3355" heading="4837" respawnDelay="25" />
		<npc id="20784" x="86109" y="177182" z="-3722" heading="15890" respawnDelay="25" />
		<npc id="20784" x="84824" y="178617" z="-3851" heading="0" respawnDelay="25" />
		<npc id="20784" x="84418" y="181029" z="-3765" heading="2185" respawnDelay="25" />
		<npc id="20784" x="85849" y="179154" z="-3765" heading="43143" respawnDelay="25" />
		<npc id="20784" x="86861" y="179955" z="-3724" heading="42257" respawnDelay="25" />
		<npc id="20784" x="86002" y="179862" z="-3766" heading="2930" respawnDelay="25" />
		<npc id="20784" x="73354" y="183562" z="-3072" heading="2604" respawnDelay="25" />
		<npc id="20784" x="72598" y="183526" z="-3057" heading="43297" respawnDelay="25" />
		<npc id="20784" x="73704" y="184074" z="-3252" heading="25456" respawnDelay="25" />
		<npc id="20784" x="77532" y="182817" z="-3559" heading="58881" respawnDelay="25" />
		<npc id="20784" x="77322" y="183188" z="-3554" heading="9306" respawnDelay="25" />
		<npc id="20784" x="76246" y="186569" z="-3761" heading="32768" respawnDelay="25" />
		<npc id="20784" x="78612" y="179960" z="-3496" heading="59051" respawnDelay="25" />
		<npc id="20784" x="76512" y="193627" z="-3416" heading="56977" respawnDelay="25" />
		<npc id="20784" x="80904" y="181793" z="-3757" heading="33451" respawnDelay="25" />
		<npc id="20784" x="76748" y="185112" z="-3889" heading="0" respawnDelay="25" />
		<npc id="20784" x="79003" y="183090" z="-3765" heading="15403" respawnDelay="25" />
		<npc id="20784" x="80338" y="181336" z="-3765" heading="49603" respawnDelay="25" />
		<npc id="20784" x="79088" y="181452" z="-3851" heading="0" respawnDelay="25" />
		<npc id="20784" x="78685" y="183329" z="-3672" heading="26046" respawnDelay="25" />
		<npc id="20784" x="83257" y="180182" z="-3766" heading="28673" respawnDelay="25" />
		<npc id="20785" x="85126" y="178795" z="-3851" heading="0" respawnDelay="25" />
		<npc id="20785" x="85917" y="178791" z="-3729" heading="59585" respawnDelay="25" />
		<npc id="20785" x="85292" y="179230" z="-3765" heading="2778" respawnDelay="25" />
		<npc id="20785" x="83959" y="179937" z="-3765" heading="21136" respawnDelay="25" />
		<npc id="20785" x="87408" y="179185" z="-3740" heading="31854" respawnDelay="25" />
		<npc id="20785" x="86520" y="179259" z="-3764" heading="2416" respawnDelay="25" />
		<npc id="20785" x="85810" y="180863" z="-3657" heading="28695" respawnDelay="25" />
		<npc id="20785" x="85945" y="180242" z="-3712" heading="17937" respawnDelay="25" />
		<npc id="20785" x="88807" y="179885" z="-3765" heading="61992" respawnDelay="25" />
		<npc id="20785" x="88236" y="181730" z="-3858" heading="0" respawnDelay="25" />
		<npc id="20785" x="89966" y="180544" z="-3765" heading="18911" respawnDelay="25" />
		<npc id="20785" x="87612" y="180692" z="-3643" heading="51771" respawnDelay="25" />
		<npc id="20785" x="71606" y="184075" z="-3053" heading="32207" respawnDelay="25" />
		<npc id="20785" x="71176" y="184956" z="-3093" heading="57970" respawnDelay="25" />
		<npc id="20785" x="71500" y="185972" z="-3183" heading="17818" respawnDelay="25" />
		<npc id="20785" x="73439" y="185334" z="-3825" heading="0" respawnDelay="25" />
		<npc id="20785" x="74257" y="185852" z="-3566" heading="51069" respawnDelay="25" />
		<npc id="20785" x="71780" y="189170" z="-2918" heading="7903" respawnDelay="25" />
		<npc id="20785" x="77545" y="187117" z="-3733" heading="34721" respawnDelay="25" />
		<npc id="20785" x="75632" y="189290" z="-3147" heading="23388" respawnDelay="25" />
		<npc id="20785" x="78630" y="184672" z="-3665" heading="62853" respawnDelay="25" />
		<npc id="20785" x="76128" y="184221" z="-3496" heading="21674" respawnDelay="25" />
		<npc id="20785" x="75159" y="184193" z="-3827" heading="0" respawnDelay="25" />
		<npc id="20785" x="75259" y="183659" z="-3827" heading="0" respawnDelay="25" />
		<npc id="20785" x="74453" y="184015" z="-3827" heading="0" respawnDelay="25" />
		<npc id="20785" x="76613" y="183307" z="-3579" heading="34546" respawnDelay="25" />
		<npc id="20785" x="76656" y="183985" z="-3528" heading="23332" respawnDelay="25" />
		<npc id="20785" x="80327" y="181590" z="-3765" heading="46567" respawnDelay="25" />
		<npc id="20785" x="79572" y="182821" z="-3765" heading="26471" respawnDelay="25" />
		<npc id="20785" x="83061" y="180980" z="-3761" heading="1386" respawnDelay="25" />
		<npc id="20785" x="83185" y="182702" z="-3858" heading="0" respawnDelay="25" />
		<npc id="20785" x="84050" y="182698" z="-3640" heading="27503" respawnDelay="25" />
		<npc id="20786" x="75763" y="193532" z="-3473" heading="27751" respawnDelay="25" />
		<npc id="20786" x="78181" y="194076" z="-3435" heading="55942" respawnDelay="25" />
		<npc id="20786" x="77988" y="193164" z="-3609" heading="15705" respawnDelay="25" />
		<npc id="20786" x="76700" y="188783" z="-3388" heading="64600" respawnDelay="25" />
		<npc id="20786" x="80060" y="195083" z="-3241" heading="19270" respawnDelay="25" />
		<npc id="20786" x="81955" y="189779" z="-3760" heading="57344" respawnDelay="25" />
		<npc id="20786" x="81811" y="193396" z="-3528" heading="56858" respawnDelay="25" />
		<npc id="20786" x="82664" y="191076" z="-3662" heading="64248" respawnDelay="25" />
		<npc id="20786" x="81707" y="192280" z="-3683" heading="9615" respawnDelay="25" />
		<npc id="20786" x="80792" y="191809" z="-3858" heading="0" respawnDelay="25" />
		<npc id="20786" x="80772" y="190319" z="-3657" heading="44263" respawnDelay="25" />
		<npc id="20786" x="89097" y="183951" z="-3858" heading="0" respawnDelay="25" />
		<npc id="20786" x="89230" y="184961" z="-3565" heading="2281" respawnDelay="25" />
		<npc id="20786" x="88191" y="184841" z="-3858" heading="0" respawnDelay="25" />
		<npc id="20786" x="92726" y="185879" z="-3708" heading="36963" respawnDelay="25" />
		<npc id="20786" x="93504" y="186210" z="-3689" heading="60512" respawnDelay="25" />
		<npc id="20786" x="92137" y="187342" z="-3858" heading="0" respawnDelay="25" />
		<npc id="20786" x="91275" y="189833" z="-3648" heading="19912" respawnDelay="25" />
		<npc id="20786" x="92327" y="188198" z="-3765" heading="45504" respawnDelay="25" />
		<npc id="20786" x="92173" y="190126" z="-3691" heading="771" respawnDelay="25" />
		<npc id="20786" x="93606" y="189099" z="-3714" heading="17514" respawnDelay="25" />
		<npc id="20786" x="93345" y="187342" z="-3858" heading="0" respawnDelay="25" />
		<npc id="20786" x="89734" y="184433" z="-3578" heading="644" respawnDelay="25" />
		<npc id="20786" x="88435" y="189413" z="-3415" heading="14142" respawnDelay="25" />
		<npc id="20786" x="88039" y="187527" z="-3858" heading="0" respawnDelay="25" />
		<npc id="20786" x="88744" y="188417" z="-3858" heading="0" respawnDelay="25" />
		<npc id="20786" x="85184" y="189918" z="-3705" heading="38466" respawnDelay="25" />
		<npc id="20786" x="87312" y="187683" z="-3631" heading="18945" respawnDelay="25" />
		<npc id="20786" x="85180" y="188715" z="-3703" heading="224" respawnDelay="25" />
		<npc id="20786" x="90698" y="189834" z="-3604" heading="54339" respawnDelay="25" />
		<npc id="20786" x="89352" y="191273" z="-3858" heading="0" respawnDelay="25" />
		<npc id="20786" x="87092" y="192490" z="-3765" heading="47892" respawnDelay="25" />
		<npc id="20786" x="88646" y="190739" z="-3858" heading="0" respawnDelay="25" />
		<npc id="20786" x="89846" y="189736" z="-3551" heading="34859" respawnDelay="25" />
		<npc id="20786" x="86436" y="191906" z="-3765" heading="28759" respawnDelay="25" />
		<npc id="20786" x="88127" y="193492" z="-3726" heading="24905" respawnDelay="25" />
		<npc id="20786" x="91024" y="193896" z="-3728" heading="6691" respawnDelay="25" />
		<npc id="20787" x="81905" y="188775" z="-3766" heading="42353" respawnDelay="25" />
		<npc id="20787" x="79318" y="194702" z="-3578" heading="18304" respawnDelay="25" />
		<npc id="20787" x="79283" y="192343" z="-3858" heading="0" respawnDelay="25" />
		<npc id="20787" x="80693" y="192343" z="-3858" heading="0" respawnDelay="25" />
		<npc id="20787" x="82694" y="189809" z="-3760" heading="54778" respawnDelay="25" />
		<npc id="20787" x="80333" y="187712" z="-3699" heading="37398" respawnDelay="25" />
		<npc id="20787" x="83870" y="193942" z="-3763" heading="50269" respawnDelay="25" />
		<npc id="20787" x="83852" y="194869" z="-3594" heading="25463" respawnDelay="25" />
		<npc id="20787" x="90690" y="184363" z="-3525" heading="64735" respawnDelay="25" />
		<npc id="20787" x="92430" y="189435" z="-3765" heading="53935" respawnDelay="25" />
		<npc id="20787" x="91849" y="188806" z="-3765" heading="41373" respawnDelay="25" />
		<npc id="20787" x="93847" y="187520" z="-3858" heading="0" respawnDelay="25" />
		<npc id="20787" x="89287" y="190175" z="-3462" heading="18506" respawnDelay="25" />
		<npc id="20787" x="88441" y="187171" z="-3858" heading="0" respawnDelay="25" />
		<npc id="20787" x="90151" y="187349" z="-3858" heading="0" respawnDelay="25" />
		<npc id="20787" x="89544" y="186375" z="-3740" heading="38613" respawnDelay="25" />
		<npc id="20787" x="88746" y="186209" z="-3662" heading="34907" respawnDelay="25" />
		<npc id="20787" x="89347" y="187349" z="-3858" heading="0" respawnDelay="25" />
		<npc id="20787" x="88341" y="188417" z="-3858" heading="0" respawnDelay="25" />
		<npc id="20787" x="87704" y="189279" z="-3397" heading="25884" respawnDelay="25" />
		<npc id="20787" x="90944" y="186172" z="-3601" heading="3920" respawnDelay="25" />
		<npc id="20787" x="87851" y="188378" z="-3872" heading="0" respawnDelay="25" />
		<npc id="20787" x="89173" y="189491" z="-3494" heading="17523" respawnDelay="25" />
		<npc id="20787" x="87444" y="189884" z="-3496" heading="46861" respawnDelay="25" />
		<npc id="20787" x="86156" y="186504" z="-3766" heading="53916" respawnDelay="25" />
		<npc id="20787" x="90960" y="190884" z="-3725" heading="7208" respawnDelay="25" />
		<npc id="20787" x="90948" y="191951" z="-3765" heading="50520" respawnDelay="25" />
		<npc id="20787" x="85850" y="190323" z="-3649" heading="33005" respawnDelay="25" />
		<npc id="20787" x="87226" y="190462" z="-3646" heading="49484" respawnDelay="25" />
		<npc id="20787" x="87841" y="191807" z="-3858" heading="0" respawnDelay="25" />
		<npc id="20787" x="89638" y="193084" z="-3749" heading="45143" respawnDelay="25" />
		<npc id="20787" x="89088" y="193675" z="-3765" heading="57494" respawnDelay="25" />
		<npc id="20787" x="89909" y="193855" z="-3770" heading="2252" respawnDelay="25" />
		<npc id="21034" x="86461" y="181778" z="-3615" heading="1193" respawnDelay="25" />
		<npc id="21034" x="89555" y="181691" z="-3485" heading="19734" respawnDelay="25" />
		<npc id="21034" x="87889" y="182136" z="-3649" heading="36916" respawnDelay="25" />
		<npc id="21034" x="89431" y="182751" z="-3603" heading="44628" respawnDelay="25" />
		<npc id="21034" x="89281" y="179890" z="-3724" heading="111" respawnDelay="25" />
		<npc id="21034" x="71321" y="186494" z="-3115" heading="10240" respawnDelay="25" />
		<npc id="21034" x="75011" y="189538" z="-3001" heading="58673" respawnDelay="25" />
		<npc id="21034" x="72648" y="184413" z="-3176" heading="56729" respawnDelay="25" />
		<npc id="21034" x="76787" y="186929" z="-3765" heading="49241" respawnDelay="25" />
		<npc id="21034" x="70489" y="186241" z="-2994" heading="40603" respawnDelay="25" />
		<npc id="21034" x="74353" y="184818" z="-3496" heading="47165" respawnDelay="25" />
		<npc id="21034" x="78477" y="188605" z="-3649" heading="34922" respawnDelay="25" />
		<npc id="21034" x="78258" y="188114" z="-3651" heading="65026" respawnDelay="25" />
		<npc id="21034" x="75865" y="187117" z="-3765" heading="22721" respawnDelay="25" />
		<npc id="21034" x="77424" y="185988" z="-3761" heading="64926" respawnDelay="25" />
		<npc id="21034" x="85079" y="182909" z="-3642" heading="2421" respawnDelay="25" />
		<npc id="21034" x="82085" y="183799" z="-3624" heading="59550" respawnDelay="25" />
		<npc id="21034" x="83811" y="180961" z="-3765" heading="9937" respawnDelay="25" />
		<npc id="21034" x="84171" y="184990" z="-3685" heading="25558" respawnDelay="25" />
		<npc id="21034" x="86540" y="181072" z="-3646" heading="755" respawnDelay="25" />
		<npc id="21034" x="88072" y="183090" z="-3765" heading="2130" respawnDelay="25" />
		<npc id="21034" x="79864" y="185269" z="-3858" heading="0" respawnDelay="25" />
		<npc id="21034" x="80166" y="186515" z="-3858" heading="0" respawnDelay="25" />
		<npc id="21034" x="85232" y="186092" z="-3761" heading="3671" respawnDelay="25" />
		<npc id="21034" x="80972" y="183756" z="-3734" heading="3251" respawnDelay="25" />
		<npc id="21034" x="82982" y="184920" z="-3765" heading="24526" respawnDelay="25" />
		<npc id="21034" x="83742" y="187891" z="-3646" heading="49298" respawnDelay="25" />
		<npc id="21034" x="82409" y="187536" z="-3763" heading="49587" respawnDelay="25" />
		<npc id="21034" x="82054" y="186023" z="-3765" heading="37667" respawnDelay="25" />
		<npc id="21034" x="86243" y="188972" z="-3556" heading="35873" respawnDelay="25" />
		<npc id="21034" x="83527" y="186935" z="-3627" heading="1623" respawnDelay="25" />
		<npc id="21034" x="85808" y="183433" z="-3583" heading="54870" respawnDelay="25" />
		<npc id="21034" x="86624" y="184682" z="-3765" heading="20596" respawnDelay="25" />
		<npc id="21034" x="85260" y="184163" z="-3637" heading="55724" respawnDelay="25" />
		<npc id="21034" x="85696" y="184849" z="-3858" heading="0" respawnDelay="25" />
		<npc id="21034" x="79287" y="190611" z="-3761" heading="5687" respawnDelay="25" />
		<npc id="21638" x="85470" y="175031" z="-3765" heading="28254" respawnDelay="25" />
		<npc id="21638" x="85229" y="175760" z="-3765" heading="1627" respawnDelay="25" />
		<npc id="21638" x="86469" y="174184" z="-3765" heading="26635" respawnDelay="25" />
		<npc id="21638" x="87359" y="175242" z="-3653" heading="62265" respawnDelay="25" />
		<npc id="21638" x="86548" y="174629" z="-3765" heading="58410" respawnDelay="25" />
		<npc id="21638" x="89263" y="172877" z="-3666" heading="1792" respawnDelay="25" />
		<npc id="21638" x="87206" y="173214" z="-3692" heading="14007" respawnDelay="25" />
		<npc id="21638" x="90154" y="171800" z="-3750" heading="60880" respawnDelay="25" />
		<npc id="21638" x="88590" y="170960" z="-3765" heading="53556" respawnDelay="25" />
		<npc id="21638" x="89679" y="172156" z="-3666" heading="13742" respawnDelay="25" />
		<npc id="21638" x="89637" y="171430" z="-3678" heading="8408" respawnDelay="25" />
		<npc id="21638" x="90685" y="170806" z="-3765" heading="30687" respawnDelay="25" />
		<npc id="21638" x="92332" y="171452" z="-3722" heading="21523" respawnDelay="25" />
		<npc id="21638" x="92838" y="171350" z="-3709" heading="8556" respawnDelay="25" />
		<npc id="21638" x="93563" y="171635" z="-3681" heading="8689" respawnDelay="25" />
		<npc id="21638" x="91125" y="171739" z="-3765" heading="64751" respawnDelay="25" />
		<npc id="21638" x="91285" y="170775" z="-3858" heading="0" respawnDelay="25" />
		<npc id="21638" x="92802" y="170286" z="-3759" heading="58676" respawnDelay="25" />
		<npc id="21638" x="93020" y="172069" z="-3675" heading="794" respawnDelay="25" />
		<npc id="21638" x="90316" y="173983" z="-3765" heading="10863" respawnDelay="25" />
		<npc id="21638" x="89974" y="173346" z="-3757" heading="56998" respawnDelay="25" />
		<npc id="21638" x="90719" y="173321" z="-3765" heading="30651" respawnDelay="25" />
		<npc id="21638" x="90554" y="175730" z="-3858" heading="0" respawnDelay="25" />
		<npc id="21638" x="90727" y="174485" z="-3677" heading="44440" respawnDelay="25" />
		<npc id="21638" x="89930" y="175652" z="-3431" heading="40650" respawnDelay="25" />
		<npc id="21638" x="89917" y="176532" z="-3362" heading="3457" respawnDelay="25" />
		<npc id="21638" x="88830" y="175645" z="-3467" heading="21562" respawnDelay="25" />
		<npc id="21638" x="88132" y="178005" z="-3697" heading="58042" respawnDelay="25" />
		<npc id="21638" x="88504" y="177243" z="-3438" heading="56649" respawnDelay="25" />
		<npc id="21638" x="88577" y="177938" z="-3607" heading="10690" respawnDelay="25" />
		<npc id="21639" x="85393" y="177529" z="-3760" heading="8122" respawnDelay="25" />
		<npc id="21639" x="84713" y="175937" z="-3765" heading="49793" respawnDelay="25" />
		<npc id="21639" x="85453" y="176806" z="-3765" heading="57218" respawnDelay="25" />
		<npc id="21639" x="86881" y="174981" z="-3685" heading="13533" respawnDelay="25" />
		<npc id="21639" x="91022" y="173927" z="-3765" heading="755" respawnDelay="25" />
		<npc id="21639" x="89595" y="173751" z="-3692" heading="48595" respawnDelay="25" />
		<npc id="21639" x="88951" y="176250" z="-3458" heading="54425" respawnDelay="25" />
		<npc id="21639" x="91036" y="175410" z="-3318" heading="61571" respawnDelay="25" />
		<npc id="21639" x="89840" y="176113" z="-3402" heading="36811" respawnDelay="25" />
		<npc id="21639" x="87539" y="177349" z="-3663" heading="60121" respawnDelay="25" />
		<npc id="21639" x="87914" y="178888" z="-3750" heading="18112" respawnDelay="25" />
		<npc id="21639" x="88613" y="178947" z="-3765" heading="7401" respawnDelay="25" />
		<npc id="21639" x="89002" y="178168" z="-3630" heading="22242" respawnDelay="25" />
		<npc id="21639" x="86876" y="176495" z="-3631" heading="22396" respawnDelay="25" />
		<npc id="21639" x="86315" y="177672" z="-3718" heading="50677" respawnDelay="25" />
		<npc id="21639" x="85768" y="177966" z="-3674" heading="14471" respawnDelay="25" />
		<npc id="21639" x="86253" y="178093" z="-3678" heading="55357" respawnDelay="25" />
		<npc id="21639" x="86987" y="177871" z="-3765" heading="3003" respawnDelay="25" />
		<npc id="21639" x="86999" y="178845" z="-3694" heading="50957" respawnDelay="25" />
		<npc id="21639" x="86877" y="180473" z="-3671" heading="16062" respawnDelay="25" />
		<npc id="21639" x="71247" y="187719" z="-3312" heading="14709" respawnDelay="25" />
		<npc id="21639" x="73056" y="183962" z="-3140" heading="53843" respawnDelay="25" />
		<npc id="21639" x="72086" y="185348" z="-3290" heading="58331" respawnDelay="25" />
		<npc id="21639" x="73568" y="183350" z="-3077" heading="3650" respawnDelay="25" />
		<npc id="21639" x="76209" y="189661" z="-3110" heading="34274" respawnDelay="25" />
		<npc id="21639" x="75863" y="183303" z="-3827" heading="0" respawnDelay="25" />
		<npc id="21639" x="75864" y="183659" z="-3827" heading="0" respawnDelay="25" />
		<npc id="21639" x="77333" y="184574" z="-3623" heading="64391" respawnDelay="25" />
		<npc id="21639" x="78244" y="182658" z="-3547" heading="52781" respawnDelay="25" />
		<npc id="21639" x="79316" y="182475" z="-3765" heading="44315" respawnDelay="25" />
		<npc id="21639" x="79840" y="181678" z="-3765" heading="26492" respawnDelay="25" />
		<npc id="21639" x="78282" y="181452" z="-3851" heading="0" respawnDelay="25" />
		<npc id="21639" x="78887" y="180740" z="-3851" heading="0" respawnDelay="25" />
		<npc id="21639" x="82207" y="181781" z="-3765" heading="34475" respawnDelay="25" />
		<npc id="21639" x="78865" y="182095" z="-3765" heading="40070" respawnDelay="25" />
		<npc id="21639" x="79825" y="182197" z="-3849" heading="0" respawnDelay="25" />
		<npc id="21640" x="85226" y="178617" z="-3851" heading="0" respawnDelay="25" />
		<npc id="21640" x="84480" y="179699" z="-3763" heading="26897" respawnDelay="25" />
		<npc id="21640" x="84723" y="178439" z="-3851" heading="0" respawnDelay="25" />
		<npc id="21640" x="85136" y="181486" z="-3760" heading="6815" respawnDelay="25" />
		<npc id="21640" x="85094" y="180109" z="-3765" heading="44100" respawnDelay="25" />
		<npc id="21640" x="85274" y="179652" z="-3765" heading="51158" respawnDelay="25" />
		<npc id="21640" x="86341" y="178667" z="-3677" heading="35154" respawnDelay="25" />
		<npc id="21640" x="85300" y="180620" z="-3762" heading="36461" respawnDelay="25" />
		<npc id="21640" x="88941" y="181552" z="-3858" heading="0" respawnDelay="25" />
		<npc id="21640" x="89718" y="181201" z="-3620" heading="20544" respawnDelay="25" />
		<npc id="21640" x="88616" y="182477" z="-3631" heading="36015" respawnDelay="25" />
		<npc id="21640" x="74508" y="183741" z="-3205" heading="37306" respawnDelay="25" />
		<npc id="21640" x="70735" y="185667" z="-3089" heading="15756" respawnDelay="25" />
		<npc id="21640" x="75060" y="181761" z="-3330" heading="59449" respawnDelay="25" />
		<npc id="21640" x="72047" y="183620" z="-3024" heading="2733" respawnDelay="25" />
		<npc id="21640" x="70941" y="186985" z="-3111" heading="22839" respawnDelay="25" />
		<npc id="21640" x="72834" y="186402" z="-3825" heading="0" respawnDelay="25" />
		<npc id="21640" x="71266" y="188698" z="-2918" heading="15780" respawnDelay="25" />
		<npc id="21640" x="71897" y="186993" z="-3531" heading="42742" respawnDelay="25" />
		<npc id="21640" x="78041" y="187211" z="-3725" heading="51453" respawnDelay="25" />
		<npc id="21640" x="77159" y="187860" z="-3699" heading="7076" respawnDelay="25" />
		<npc id="21640" x="77796" y="188371" z="-3620" heading="36220" respawnDelay="25" />
		<npc id="21640" x="72083" y="184439" z="-3140" heading="25011" respawnDelay="25" />
		<npc id="21640" x="74505" y="187203" z="-3596" heading="27064" respawnDelay="25" />
		<npc id="21640" x="75058" y="182947" z="-3827" heading="0" respawnDelay="25" />
		<npc id="21640" x="78219" y="183905" z="-3609" heading="7984" respawnDelay="25" />
		<npc id="21640" x="75462" y="184727" z="-3827" heading="0" respawnDelay="25" />
		<npc id="21640" x="77655" y="185290" z="-3889" heading="0" respawnDelay="25" />
		<npc id="21640" x="80415" y="182030" z="-3748" heading="27455" respawnDelay="25" />
		<npc id="21640" x="84742" y="177623" z="-3765" heading="60855" respawnDelay="25" />
		<npc id="21640" x="80085" y="182471" z="-3768" heading="14766" respawnDelay="25" />
		<npc id="21640" x="82985" y="183770" z="-3858" heading="0" respawnDelay="25" />
		<npc id="21640" x="83543" y="183217" z="-3609" heading="17917" respawnDelay="25" />
		<npc id="21641" x="85774" y="181418" z="-3656" heading="43706" respawnDelay="25" />
		<npc id="21641" x="85624" y="182212" z="-3633" heading="15687" respawnDelay="25" />
		<npc id="21641" x="88236" y="181018" z="-3858" heading="0" respawnDelay="25" />
		<npc id="21641" x="86667" y="182564" z="-3680" heading="27539" respawnDelay="25" />
		<npc id="21641" x="88159" y="180114" z="-3711" heading="56531" respawnDelay="25" />
		<npc id="21641" x="72935" y="185868" z="-3825" heading="0" respawnDelay="25" />
		<npc id="21641" x="75814" y="185741" z="-3646" heading="50944" respawnDelay="25" />
		<npc id="21641" x="75258" y="186829" z="-3699" heading="37388" respawnDelay="25" />
		<npc id="21641" x="73941" y="186764" z="-3481" heading="39666" respawnDelay="25" />
		<npc id="21641" x="76807" y="189483" z="-3217" heading="15695" respawnDelay="25" />
		<npc id="21641" x="76750" y="190388" z="-3301" heading="8739" respawnDelay="25" />
		<npc id="21641" x="81584" y="190973" z="-3726" heading="2723" respawnDelay="25" />
		<npc id="21641" x="77307" y="194361" z="-3395" heading="8354" respawnDelay="25" />
		<npc id="21641" x="79275" y="188815" z="-3659" heading="23925" respawnDelay="25" />
		<npc id="21641" x="81243" y="188191" z="-3699" heading="62484" respawnDelay="25" />
		<npc id="21641" x="83188" y="181809" z="-3765" heading="31366" respawnDelay="25" />
		<npc id="21641" x="81313" y="184004" z="-3591" heading="24284" respawnDelay="25" />
		<npc id="21641" x="83007" y="183094" z="-3620" heading="119" respawnDelay="25" />
		<npc id="21641" x="82392" y="183087" z="-3628" heading="52124" respawnDelay="25" />
		<npc id="21641" x="84292" y="183236" z="-3858" heading="0" respawnDelay="25" />
		<npc id="21641" x="84280" y="181726" z="-3750" heading="38300" respawnDelay="25" />
		<npc id="21641" x="79461" y="185981" z="-3858" heading="0" respawnDelay="25" />
		<npc id="21641" x="83376" y="189410" z="-3761" heading="7804" respawnDelay="25" />
		<npc id="21641" x="80770" y="185803" z="-3858" heading="0" respawnDelay="25" />
		<npc id="21641" x="81519" y="186607" z="-3684" heading="44613" respawnDelay="25" />
		<npc id="21641" x="79709" y="183493" z="-3765" heading="901" respawnDelay="25" />
		<npc id="21641" x="82746" y="187138" z="-3770" heading="46920" respawnDelay="25" />
		<npc id="21641" x="84332" y="187553" z="-3858" heading="0" respawnDelay="25" />
		<npc id="21641" x="84249" y="187068" z="-3611" heading="38629" respawnDelay="25" />
		<npc id="21641" x="86161" y="187268" z="-3761" heading="47292" respawnDelay="25" />
		<npc id="21641" x="82643" y="186322" z="-3765" heading="45191" respawnDelay="25" />
		<npc id="21641" x="86950" y="183728" z="-3765" heading="63524" respawnDelay="25" />
		<npc id="21641" x="87019" y="186582" z="-3761" heading="0" respawnDelay="25" />
		<npc id="21641" x="85999" y="184315" z="-3858" heading="0" respawnDelay="25" />
		<npc id="21641" x="83607" y="185942" z="-3761" heading="26331" respawnDelay="25" />
		<npc id="21641" x="77947" y="192279" z="-3761" heading="13729" respawnDelay="25" />
		<npc id="21642" x="82256" y="185350" z="-3765" heading="29831" respawnDelay="25" />
		<npc id="21642" x="86410" y="188578" z="-3552" heading="52487" respawnDelay="25" />
		<npc id="21642" x="83123" y="187197" z="-3858" heading="0" respawnDelay="25" />
		<npc id="21642" x="83721" y="187370" z="-3616" heading="3891" respawnDelay="25" />
		<npc id="21642" x="84533" y="187909" z="-3858" heading="0" respawnDelay="25" />
		<npc id="21642" x="83143" y="185504" z="-3761" heading="54494" respawnDelay="25" />
		<npc id="21642" x="82232" y="190557" z="-3758" heading="25237" respawnDelay="25" />
		<npc id="21642" x="83599" y="188548" z="-3847" heading="0" respawnDelay="25" />
		<npc id="21642" x="84640" y="189492" z="-3695" heading="23510" respawnDelay="25" />
		<npc id="21642" x="86007" y="186047" z="-3765" heading="28038" respawnDelay="25" />
		<npc id="21642" x="86283" y="184828" z="-3765" heading="28549" respawnDelay="25" />
		<npc id="21642" x="84791" y="185027" z="-3858" heading="0" respawnDelay="25" />
		<npc id="21642" x="86357" y="185520" z="-3765" heading="14320" respawnDelay="25" />
		<npc id="21642" x="85294" y="184849" z="-3858" heading="0" respawnDelay="25" />
		<npc id="21642" x="85555" y="185584" z="-3765" heading="43895" respawnDelay="25" />
		<npc id="21642" x="86315" y="183852" z="-3699" heading="7147" respawnDelay="25" />
		<npc id="21642" x="80822" y="189380" z="-3858" heading="0" respawnDelay="25" />
		<npc id="21642" x="79716" y="189914" z="-3858" heading="0" respawnDelay="25" />
		<npc id="21642" x="79633" y="192982" z="-3761" heading="23139" respawnDelay="25" />
		<npc id="21642" x="78943" y="190989" z="-3761" heading="65314" respawnDelay="25" />
		<npc id="21642" x="88393" y="183773" z="-3858" heading="0" respawnDelay="25" />
		<npc id="21643" x="80468" y="185269" z="-3858" heading="0" respawnDelay="25" />
		<npc id="21643" x="80368" y="186159" z="-3858" heading="0" respawnDelay="25" />
		<npc id="21643" x="84822" y="186742" z="-3669" heading="61546" respawnDelay="25" />
		<npc id="21643" x="85480" y="189329" z="-3765" heading="22216" respawnDelay="25" />
		<npc id="21643" x="84331" y="186841" z="-3858" heading="0" respawnDelay="25" />
		<npc id="21643" x="83929" y="186841" z="-3858" heading="0" respawnDelay="25" />
		<npc id="21643" x="82910" y="188263" z="-3720" heading="28698" respawnDelay="25" />
		<npc id="21643" x="84102" y="188370" z="-3847" heading="0" respawnDelay="25" />
		<npc id="21643" x="83084" y="190556" z="-3699" heading="19290" respawnDelay="25" />
		<npc id="21643" x="84891" y="185205" z="-3858" heading="0" respawnDelay="25" />
		<npc id="21643" x="86904" y="184285" z="-3765" heading="17682" respawnDelay="25" />
		<npc id="21643" x="87040" y="185507" z="-3765" heading="64806" respawnDelay="25" />
		<npc id="21643" x="80218" y="189736" z="-3858" heading="0" respawnDelay="25" />
		<npc id="21643" x="80298" y="191332" z="-3683" heading="13362" respawnDelay="25" />
		<npc id="21643" x="79515" y="189914" z="-3858" heading="0" respawnDelay="25" />
		<npc id="21643" x="80650" y="188486" z="-3761" heading="18101" respawnDelay="25" />
		<npc id="21643" x="77087" y="191266" z="-3317" heading="48997" respawnDelay="25" />
		<npc id="21643" x="77381" y="192528" z="-3761" heading="54748" respawnDelay="25" />
		<npc id="21643" x="76451" y="192437" z="-3710" heading="31046" respawnDelay="25" />
		<npc id="21643" x="89685" y="183420" z="-3578" heading="964" respawnDelay="25" />
		<npc id="21643" x="88688" y="184577" z="-3720" heading="39575" respawnDelay="25" />
		<npc id="21644" x="77534" y="194947" z="-3140" heading="969" respawnDelay="25" />
		<npc id="21644" x="76725" y="194197" z="-3294" heading="25394" respawnDelay="25" />
		<npc id="21644" x="77068" y="193317" z="-3536" heading="40903" respawnDelay="25" />
		<npc id="21644" x="78375" y="195750" z="-3325" heading="3755" respawnDelay="25" />
		<npc id="21644" x="81257" y="188997" z="-3761" heading="39322" respawnDelay="25" />
		<npc id="21644" x="79484" y="191275" z="-3858" heading="0" respawnDelay="25" />
		<npc id="21644" x="81166" y="194615" z="-3531" heading="7607" respawnDelay="25" />
		<npc id="21644" x="80575" y="193702" z="-3630" heading="41376" respawnDelay="25" />
		<npc id="21644" x="89100" y="185485" z="-3594" heading="277" respawnDelay="25" />
		<npc id="21644" x="87658" y="183561" z="-3761" heading="21833" respawnDelay="25" />
		<npc id="21644" x="87108" y="184951" z="-3680" heading="64146" respawnDelay="25" />
		<npc id="21644" x="89108" y="183240" z="-3765" heading="53864" respawnDelay="25" />
		<npc id="21644" x="88292" y="185019" z="-3858" heading="0" respawnDelay="25" />
		<npc id="21644" x="87536" y="182647" z="-3761" heading="13065" respawnDelay="25" />
		<npc id="21644" x="93161" y="186539" z="-3642" heading="55097" respawnDelay="25" />
		<npc id="21644" x="92553" y="186770" z="-3644" heading="61766" respawnDelay="25" />
		<npc id="21644" x="92439" y="187520" z="-3858" heading="0" respawnDelay="25" />
		<npc id="21644" x="93145" y="188410" z="-3858" heading="0" respawnDelay="25" />
		<npc id="21644" x="86950" y="188371" z="-3579" heading="26394" respawnDelay="25" />
		<npc id="21644" x="90991" y="187733" z="-3765" heading="57721" respawnDelay="25" />
		<npc id="21644" x="90265" y="189124" z="-3640" heading="11580" respawnDelay="25" />
		<npc id="21644" x="90490" y="188199" z="-3765" heading="51768" respawnDelay="25" />
		<npc id="21644" x="88844" y="187171" z="-3858" heading="0" respawnDelay="25" />
		<npc id="21644" x="89448" y="187883" z="-3858" heading="0" respawnDelay="25" />
		<npc id="21644" x="90605" y="186923" z="-3671" heading="668" respawnDelay="25" />
		<npc id="21644" x="90158" y="184980" z="-3468" heading="51286" respawnDelay="25" />
		<npc id="21644" x="89501" y="185839" z="-3605" heading="64195" respawnDelay="25" />
		<npc id="21644" x="88643" y="188951" z="-3858" heading="0" respawnDelay="25" />
		<npc id="21644" x="87979" y="185803" z="-3764" heading="36194" respawnDelay="25" />
		<npc id="21644" x="85542" y="191533" z="-3858" heading="0" respawnDelay="25" />
		<npc id="21644" x="84571" y="191940" z="-3716" heading="65327" respawnDelay="25" />
		<npc id="21644" x="85160" y="194002" z="-3611" heading="40924" respawnDelay="25" />
		<npc id="21644" x="84636" y="190999" z="-3858" heading="0" respawnDelay="25" />
		<npc id="21644" x="85165" y="192888" z="-3728" heading="49254" respawnDelay="25" />
		<npc id="21644" x="87631" y="193959" z="-3679" heading="16039" respawnDelay="25" />
		<npc id="21644" x="88626" y="189830" z="-3403" heading="36138" respawnDelay="25" />
		<npc id="21644" x="88934" y="192807" z="-3752" heading="24468" respawnDelay="25" />
		<npc id="21644" x="87142" y="193387" z="-3720" heading="35056" respawnDelay="25" />
		<npc id="21644" x="90227" y="191936" z="-3692" heading="60827" respawnDelay="25" />
		<npc id="21645" x="79805" y="187546" z="-3761" heading="40730" respawnDelay="25" />
		<npc id="21645" x="82722" y="192311" z="-3829" heading="0" respawnDelay="25" />
		<npc id="21645" x="91770" y="185839" z="-3858" heading="0" respawnDelay="25" />
		<npc id="21645" x="92343" y="186334" z="-3684" heading="16384" respawnDelay="25" />
		<npc id="21645" x="92045" y="186962" z="-3645" heading="51332" respawnDelay="25" />
		<npc id="21645" x="92921" y="189100" z="-3765" heading="33103" respawnDelay="25" />
		<npc id="21645" x="93498" y="187907" z="-3713" heading="53668" respawnDelay="25" />
		<npc id="21645" x="91663" y="187966" z="-3769" heading="36699" respawnDelay="25" />
		<npc id="21645" x="92742" y="188054" z="-3858" heading="0" respawnDelay="25" />
		<npc id="21645" x="92416" y="188604" z="-3765" heading="48784" respawnDelay="25" />
		<npc id="21645" x="89426" y="188856" z="-3629" heading="19223" respawnDelay="25" />
		<npc id="21645" x="90894" y="185336" z="-3424" heading="56040" respawnDelay="25" />
		<npc id="21645" x="88744" y="188061" z="-3858" heading="0" respawnDelay="25" />
		<npc id="21645" x="88341" y="188061" z="-3858" heading="0" respawnDelay="25" />
		<npc id="21645" x="88153" y="188556" z="-3872" heading="0" respawnDelay="25" />
		<npc id="21645" x="87241" y="189040" z="-3488" heading="27730" respawnDelay="25" />
		<npc id="21645" x="90252" y="185899" z="-3580" heading="1880" respawnDelay="25" />
		<npc id="21645" x="86708" y="188985" z="-3536" heading="58311" respawnDelay="25" />
		<npc id="21645" x="86649" y="190999" z="-3858" heading="0" respawnDelay="25" />
		<npc id="21645" x="87790" y="190953" z="-3765" heading="23271" respawnDelay="25" />
		<npc id="21645" x="86486" y="195060" z="-3632" heading="18665" respawnDelay="25" />
		<npc id="21645" x="86397" y="192388" z="-3761" heading="13355" respawnDelay="25" />
		<npc id="21645" x="91426" y="188882" z="-3761" heading="60804" respawnDelay="25" />
		<npc id="21645" x="86548" y="190109" z="-3858" heading="0" respawnDelay="25" />
		<npc id="21645" x="89940" y="190181" z="-3534" heading="3981" respawnDelay="25" />
		<npc id="21645" x="84929" y="189022" z="-3765" heading="41673" respawnDelay="25" />
		<npc id="21645" x="90342" y="191094" z="-3770" heading="43138" respawnDelay="25" />
		<npc id="21645" x="88041" y="192519" z="-3858" heading="0" respawnDelay="25" />
		<npc id="21645" x="88562" y="194186" z="-3724" heading="3594" respawnDelay="25" />
		<npc id="21645" x="88749" y="191985" z="-3858" heading="0" respawnDelay="25" />
		<npc id="21645" x="91780" y="193000" z="-3714" heading="55442" respawnDelay="25" />
		<npc id="21645" x="88848" y="191451" z="-3858" heading="0" respawnDelay="25" />
		<npc id="21645" x="89389" y="192232" z="-3652" heading="27679" respawnDelay="25" />
		<npc id="21645" x="90932" y="192785" z="-3765" heading="33410" respawnDelay="25" />
	</spawn>
</list>
