<?xml version="1.0" encoding="UTF-8"?>
<list enabled="true" xmlns:xsi="http://www.w3.org/2001/XMLSchema-instance" xsi:noNamespaceSchemaLocation="../xsd/spawns.xsd">
	<spawn name="ForgeOfGods">
		<npc id="21376" x="180123" y="-117259" z="-3609" heading="58405" respawnDelay="110" />
		<npc id="21376" x="178949" y="-116662" z="-3647" heading="0" respawnDelay="110" />
		<npc id="21376" x="179276" y="-115333" z="-3675" heading="0" respawnDelay="110" />
		<npc id="21376" x="179377" y="-115867" z="-3675" heading="0" respawnDelay="110" />
		<npc id="21376" x="177505" y="-119391" z="-4100" heading="56627" respawnDelay="110" />
		<npc id="21376" x="177268" y="-119119" z="-4100" heading="21038" respawnDelay="110" />
		<npc id="21376" x="176994" y="-120800" z="-4272" heading="0" respawnDelay="110" />
		<npc id="21376" x="176792" y="-121156" z="-4272" heading="0" respawnDelay="110" />
		<npc id="21376" x="181395" y="-119980" z="-3710" heading="0" respawnDelay="110" />
		<npc id="21376" x="180977" y="-119995" z="-3670" heading="55702" respawnDelay="110" />
		<npc id="21376" x="182354" y="-117301" z="-3324" heading="13805" respawnDelay="110" />
		<npc id="21376" x="182237" y="-117846" z="-3326" heading="46905" respawnDelay="110" />
		<npc id="21377" x="179158" y="-117191" z="-3602" heading="29572" respawnDelay="110" />
		<npc id="21377" x="178895" y="-117055" z="-3607" heading="61850" respawnDelay="110" />
		<npc id="21377" x="179377" y="-116223" z="-3675" heading="0" respawnDelay="110" />
		<npc id="21377" x="179981" y="-115155" z="-3675" heading="0" respawnDelay="110" />
		<npc id="21377" x="177676" y="-120227" z="-4165" heading="0" respawnDelay="110" />
		<npc id="21377" x="176852" y="-119077" z="-4112" heading="40374" respawnDelay="110" />
		<npc id="21377" x="176390" y="-121156" z="-4272" heading="0" respawnDelay="110" />
		<npc id="21377" x="176390" y="-120800" z="-4272" heading="0" respawnDelay="110" />
		<npc id="21377" x="180968" y="-120775" z="-3664" heading="49747" respawnDelay="110" />
		<npc id="21377" x="181143" y="-120252" z="-3665" heading="59947" respawnDelay="110" />
		<npc id="21377" x="182072" y="-118030" z="-3322" heading="17270" respawnDelay="110" />
		<npc id="21377" x="182078" y="-117515" z="-3382" heading="0" respawnDelay="110" />
		<npc id="21378" x="179554" y="-117018" z="-3647" heading="0" respawnDelay="110" />
		<npc id="21378" x="179151" y="-117018" z="-3647" heading="0" respawnDelay="110" />
		<npc id="21378" x="180081" y="-115689" z="-3675" heading="0" respawnDelay="110" />
		<npc id="21378" x="180372" y="-115279" z="-3611" heading="18443" respawnDelay="110" />
		<npc id="21378" x="177135" y="-119493" z="-4112" heading="54121" respawnDelay="110" />
		<npc id="21378" x="178532" y="-119687" z="-4109" heading="60755" respawnDelay="110" />
		<npc id="21378" x="176591" y="-121156" z="-4272" heading="0" respawnDelay="110" />
		<npc id="21378" x="176591" y="-120800" z="-4272" heading="0" respawnDelay="110" />
		<npc id="21378" x="180589" y="-119980" z="-3710" heading="0" respawnDelay="110" />
		<npc id="21378" x="181226" y="-120533" z="-3671" heading="13014" respawnDelay="110" />
		<npc id="21378" x="181777" y="-118049" z="-3382" heading="0" respawnDelay="110" />
		<npc id="21378" x="182473" y="-117356" z="-3321" heading="7902" respawnDelay="110" />
		<npc id="21379" x="185843" y="-117455" z="-3284" heading="1964" respawnDelay="110" />
		<npc id="21379" x="186195" y="-117849" z="-3284" heading="32883" respawnDelay="110" />
		<npc id="21379" x="183632" y="-119792" z="-3176" heading="0" respawnDelay="110" />
		<npc id="21379" x="183733" y="-119614" z="-3176" heading="0" respawnDelay="110" />
		<npc id="21379" x="184868" y="-120920" z="-3116" heading="0" respawnDelay="110" />
		<npc id="21379" x="184969" y="-120742" z="-3116" heading="0" respawnDelay="110" />
		<npc id="21379" x="187358" y="-121108" z="-3196" heading="0" respawnDelay="110" />
		<npc id="21379" x="187459" y="-120930" z="-3196" heading="0" respawnDelay="110" />
		<npc id="21379" x="189757" y="-121019" z="-3082" heading="65092" respawnDelay="110" />
		<npc id="21379" x="189447" y="-120785" z="-3059" heading="45787" respawnDelay="110" />
		<npc id="21379" x="188174" y="-119326" z="-3284" heading="58275" respawnDelay="110" />
		<npc id="21379" x="188526" y="-119414" z="-3278" heading="58354" respawnDelay="110" />
		<npc id="21379" x="189590" y="-117368" z="-3432" heading="0" respawnDelay="110" />
		<npc id="21379" x="189691" y="-117190" z="-3432" heading="0" respawnDelay="110" />
		<npc id="21379" x="187131" y="-116466" z="-3328" heading="0" respawnDelay="110" />
		<npc id="21379" x="187835" y="-116644" z="-3328" heading="0" respawnDelay="110" />
		<npc id="21379" x="186526" y="-115121" z="-3284" heading="30260" respawnDelay="110" />
		<npc id="21379" x="186520" y="-114268" z="-3284" heading="18118" respawnDelay="110" />
		<npc id="21380" x="186515" y="-117019" z="-3280" heading="12692" respawnDelay="110" />
		<npc id="21380" x="186123" y="-118321" z="-3270" heading="49434" respawnDelay="110" />
		<npc id="21380" x="183833" y="-119792" z="-3176" heading="0" respawnDelay="110" />
		<npc id="21380" x="183934" y="-119614" z="-3176" heading="0" respawnDelay="110" />
		<npc id="21380" x="185069" y="-120920" z="-3116" heading="0" respawnDelay="110" />
		<npc id="21380" x="185170" y="-120742" z="-3116" heading="0" respawnDelay="110" />
		<npc id="21380" x="187559" y="-121108" z="-3196" heading="0" respawnDelay="110" />
		<npc id="21380" x="187560" y="-120752" z="-3196" heading="0" respawnDelay="110" />
		<npc id="21380" x="188501" y="-120872" z="-3084" heading="3797" respawnDelay="110" />
		<npc id="21380" x="189998" y="-120506" z="-3072" heading="13210" respawnDelay="110" />
		<npc id="21380" x="188713" y="-118864" z="-3384" heading="0" respawnDelay="110" />
		<npc id="21380" x="188511" y="-119220" z="-3384" heading="0" respawnDelay="110" />
		<npc id="21380" x="189993" y="-117012" z="-3432" heading="0" respawnDelay="110" />
		<npc id="21380" x="190093" y="-117190" z="-3432" heading="0" respawnDelay="110" />
		<npc id="21380" x="186796" y="-115480" z="-3284" heading="25861" respawnDelay="110" />
		<npc id="21380" x="187316" y="-115942" z="-3277" heading="23043" respawnDelay="110" />
		<npc id="21380" x="185981" y="-113983" z="-3284" heading="25303" respawnDelay="110" />
		<npc id="21380" x="186392" y="-114557" z="-3277" heading="5547" respawnDelay="110" />
		<npc id="21381" x="186583" y="-118270" z="-3284" heading="1426" respawnDelay="110" />
		<npc id="21381" x="186885" y="-117138" z="-3284" heading="48492" respawnDelay="110" />
		<npc id="21381" x="184035" y="-119436" z="-3176" heading="0" respawnDelay="110" />
		<npc id="21381" x="183833" y="-119436" z="-3176" heading="0" respawnDelay="110" />
		<npc id="21381" x="185270" y="-120920" z="-3116" heading="0" respawnDelay="110" />
		<npc id="21381" x="185070" y="-120564" z="-3116" heading="0" respawnDelay="110" />
		<npc id="21381" x="187660" y="-120930" z="-3196" heading="0" respawnDelay="110" />
		<npc id="21381" x="186995" y="-120823" z="-3084" heading="32045" respawnDelay="110" />
		<npc id="21381" x="189577" y="-120396" z="-3053" heading="28705" respawnDelay="110" />
		<npc id="21381" x="189104" y="-120488" z="-3124" heading="0" respawnDelay="110" />
		<npc id="21381" x="188351" y="-118506" z="-3281" heading="30919" respawnDelay="110" />
		<npc id="21381" x="188968" y="-118512" z="-3284" heading="14918" respawnDelay="110" />
		<npc id="21381" x="189893" y="-116834" z="-3432" heading="0" respawnDelay="110" />
		<npc id="21381" x="189892" y="-117190" z="-3432" heading="0" respawnDelay="110" />
		<npc id="21381" x="188587" y="-115578" z="-3271" heading="27250" respawnDelay="110" />
		<npc id="21381" x="188037" y="-116644" z="-3328" heading="0" respawnDelay="110" />
		<npc id="21382" x="184801" y="-114387" z="-3398" heading="0" respawnDelay="110" />
		<npc id="21382" x="185002" y="-114387" z="-3398" heading="0" respawnDelay="110" />
		<npc id="21382" x="187640" y="-113160" z="-3284" heading="54306" respawnDelay="110" />
		<npc id="21382" x="187837" y="-113417" z="-3324" heading="0" respawnDelay="110" />
		<npc id="21382" x="190059" y="-113681" z="-3284" heading="59374" respawnDelay="110" />
		<npc id="21382" x="189300" y="-113172" z="-3284" heading="55786" respawnDelay="110" />
		<npc id="21382" x="188973" y="-112359" z="-3284" heading="51239" respawnDelay="110" />
		<npc id="21382" x="188743" y="-111877" z="-3284" heading="21661" respawnDelay="110" />
		<npc id="21382" x="190212" y="-108205" z="-3284" heading="15769" respawnDelay="110" />
		<npc id="21382" x="189714" y="-109339" z="-3284" heading="49090" respawnDelay="110" />
		<npc id="21382" x="187792" y="-111219" z="-3340" heading="0" respawnDelay="110" />
		<npc id="21382" x="187993" y="-111219" z="-3340" heading="0" respawnDelay="110" />
		<npc id="21383" x="184498" y="-113497" z="-3398" heading="0" respawnDelay="110" />
		<npc id="21383" x="185204" y="-114031" z="-3398" heading="0" respawnDelay="110" />
		<npc id="21383" x="186727" y="-113039" z="-3284" heading="13329" respawnDelay="110" />
		<npc id="21383" x="187333" y="-112527" z="-3324" heading="0" respawnDelay="110" />
		<npc id="21383" x="189705" y="-113704" z="-3284" heading="35294" respawnDelay="110" />
		<npc id="21383" x="189919" y="-113125" z="-3332" heading="0" respawnDelay="110" />
		<npc id="21383" x="189160" y="-112245" z="-3284" heading="25959" respawnDelay="110" />
		<npc id="21383" x="189574" y="-111731" z="-3284" heading="8133" respawnDelay="110" />
		<npc id="21383" x="187893" y="-110685" z="-3340" heading="0" respawnDelay="110" />
		<npc id="21383" x="187490" y="-111041" z="-3340" heading="0" respawnDelay="110" />
		<npc id="21384" x="185405" y="-114031" z="-3398" heading="0" respawnDelay="110" />
		<npc id="21384" x="185598" y="-113604" z="-3277" heading="24631" respawnDelay="110" />
		<npc id="21384" x="187867" y="-112740" z="-3284" heading="4819" respawnDelay="110" />
		<npc id="21384" x="187638" y="-113441" z="-3284" heading="20314" respawnDelay="110" />
		<npc id="21384" x="189918" y="-113481" z="-3332" heading="0" respawnDelay="110" />
		<npc id="21384" x="189213" y="-113659" z="-3332" heading="0" respawnDelay="110" />
		<npc id="21384" x="189340" y="-112731" z="-3336" heading="0" respawnDelay="110" />
		<npc id="21384" x="189270" y="-111079" z="-3284" heading="34800" respawnDelay="110" />
		<npc id="21384" x="188496" y="-110685" z="-3340" heading="0" respawnDelay="110" />
		<npc id="21384" x="188195" y="-110507" z="-3340" heading="0" respawnDelay="110" />
		<npc id="21385" x="185566" y="-111439" z="-3332" heading="0" respawnDelay="110" />
		<npc id="21385" x="185854" y="-110154" z="-3284" heading="49870" respawnDelay="110" />
		<npc id="21385" x="181515" y="-110358" z="-3665" heading="43096" respawnDelay="110" />
		<npc id="21385" x="181165" y="-108968" z="-3667" heading="43332" respawnDelay="110" />
		<npc id="21385" x="182703" y="-112162" z="-3667" heading="31585" respawnDelay="110" />
		<npc id="21385" x="183211" y="-111636" z="-3667" heading="53988" respawnDelay="110" />
		<npc id="21385" x="181916" y="-111911" z="-3667" heading="19396" respawnDelay="110" />
		<npc id="21385" x="181708" y="-112222" z="-3707" heading="0" respawnDelay="110" />
		<npc id="21385" x="179946" y="-113185" z="-3667" heading="39424" respawnDelay="110" />
		<npc id="21385" x="179737" y="-112822" z="-3728" heading="0" respawnDelay="110" />
		<npc id="21385" x="178886" y="-110406" z="-3667" heading="55158" respawnDelay="110" />
		<npc id="21385" x="178430" y="-108637" z="-3667" heading="29973" respawnDelay="110" />
		<npc id="21385" x="175873" y="-110459" z="-3667" heading="33257" respawnDelay="110" />
		<npc id="21385" x="175735" y="-109453" z="-3667" heading="39355" respawnDelay="110" />
		<npc id="21385" x="176208" y="-114128" z="-3531" heading="0" respawnDelay="110" />
		<npc id="21385" x="175806" y="-113772" z="-3531" heading="0" respawnDelay="110" />
		<npc id="21386" x="185948" y="-110573" z="-3284" heading="5407" respawnDelay="110" />
		<npc id="21386" x="184883" y="-110236" z="-3284" heading="34464" respawnDelay="110" />
		<npc id="21386" x="181871" y="-109311" z="-3667" heading="39779" respawnDelay="110" />
		<npc id="21386" x="181088" y="-109415" z="-3667" heading="20608" respawnDelay="110" />
		<npc id="21386" x="183765" y="-111299" z="-3654" heading="37396" respawnDelay="110" />
		<npc id="21386" x="183103" y="-111420" z="-3667" heading="34233" respawnDelay="110" />
		<npc id="21386" x="181405" y="-112400" z="-3707" heading="0" respawnDelay="110" />
		<npc id="21386" x="181845" y="-111437" z="-3667" heading="12486" respawnDelay="110" />
		<npc id="21386" x="178850" y="-108253" z="-3667" heading="43288" respawnDelay="110" />
		<npc id="21386" x="179481" y="-107945" z="-3667" heading="12315" respawnDelay="110" />
		<npc id="21386" x="176727" y="-109868" z="-3667" heading="51779" respawnDelay="110" />
		<npc id="21386" x="176379" y="-108415" z="-3667" heading="20763" respawnDelay="110" />
		<npc id="21386" x="176007" y="-113772" z="-3531" heading="0" respawnDelay="110" />
		<npc id="21386" x="176812" y="-113772" z="-3531" heading="0" respawnDelay="110" />
		<npc id="21387" x="185493" y="-110748" z="-3276" heading="57526" respawnDelay="110" />
		<npc id="21387" x="186383" y="-110229" z="-3284" heading="12053" respawnDelay="110" />
		<npc id="21387" x="182245" y="-109116" z="-3667" heading="64797" respawnDelay="110" />
		<npc id="21387" x="181377" y="-109651" z="-3667" heading="44116" respawnDelay="110" />
		<npc id="21387" x="183435" y="-111835" z="-3667" heading="41464" respawnDelay="110" />
		<npc id="21387" x="183421" y="-111272" z="-3659" heading="3946" respawnDelay="110" />
		<npc id="21387" x="182057" y="-112216" z="-3667" heading="58057" respawnDelay="110" />
		<npc id="21387" x="181607" y="-112400" z="-3707" heading="0" respawnDelay="110" />
		<npc id="21387" x="178656" y="-109599" z="-3667" heading="55417" respawnDelay="110" />
		<npc id="21387" x="177936" y="-108752" z="-3667" heading="34013" respawnDelay="110" />
		<npc id="21387" x="176340" y="-109473" z="-3667" heading="60995" respawnDelay="110" />
		<npc id="21387" x="176683" y="-109142" z="-3658" heading="1991" respawnDelay="110" />
		<npc id="21387" x="176814" y="-113060" z="-3531" heading="0" respawnDelay="110" />
		<npc id="21387" x="176611" y="-113772" z="-3531" heading="0" respawnDelay="110" />
		<npc id="21388" x="175809" y="-112141" z="-5521" heading="32579" respawnDelay="110" />
		<npc id="21388" x="175426" y="-112498" z="-5565" heading="0" respawnDelay="110" />
		<npc id="21388" x="175729" y="-112116" z="-5521" heading="57464" respawnDelay="110" />
		<npc id="21388" x="178306" y="-114178" z="-5876" heading="0" respawnDelay="110" />
		<npc id="21388" x="178105" y="-113466" z="-5876" heading="0" respawnDelay="110" />
		<npc id="21388" x="179212" y="-112932" z="-5876" heading="0" respawnDelay="110" />
		<npc id="21388" x="180169" y="-117142" z="-6170" heading="0" respawnDelay="110" />
		<npc id="21388" x="180874" y="-116608" z="-6170" heading="0" respawnDelay="110" />
		<npc id="21388" x="180974" y="-116074" z="-6170" heading="0" respawnDelay="110" />
		<npc id="21388" x="183260" y="-114708" z="-6244" heading="0" respawnDelay="110" />
		<npc id="21388" x="183361" y="-114530" z="-6244" heading="0" respawnDelay="110" />
		<npc id="21388" x="184439" y="-117495" z="-6106" heading="45322" respawnDelay="110" />
		<npc id="21388" x="184346" y="-116161" z="-6106" heading="14122" respawnDelay="110" />
		<npc id="21389" x="176331" y="-112320" z="-5565" heading="0" respawnDelay="110" />
		<npc id="21389" x="176429" y="-112137" z="-5521" heading="64228" respawnDelay="110" />
		<npc id="21389" x="175188" y="-112181" z="-5521" heading="3231" respawnDelay="110" />
		<npc id="21389" x="177904" y="-113822" z="-5876" heading="0" respawnDelay="110" />
		<npc id="21389" x="178870" y="-113547" z="-5834" heading="49986" respawnDelay="110" />
		<npc id="21389" x="179002" y="-113279" z="-5834" heading="61173" respawnDelay="110" />
		<npc id="21389" x="180068" y="-116252" z="-6170" heading="0" respawnDelay="110" />
		<npc id="21389" x="180370" y="-117142" z="-6170" heading="0" respawnDelay="110" />
		<npc id="21389" x="179767" y="-116430" z="-6170" heading="0" respawnDelay="110" />
		<npc id="21390" x="175894" y="-112136" z="-5521" heading="17144" respawnDelay="110" />
		<npc id="21390" x="175881" y="-111994" z="-5521" heading="56769" respawnDelay="110" />
		<npc id="21390" x="175022" y="-111786" z="-5565" heading="0" respawnDelay="110" />
		<npc id="21390" x="179240" y="-112304" z="-5834" heading="39407" respawnDelay="110" />
		<npc id="21390" x="177703" y="-113822" z="-5876" heading="0" respawnDelay="110" />
		<npc id="21390" x="178659" y="-112990" z="-5834" heading="35692" respawnDelay="110" />
		<npc id="21390" x="180571" y="-117142" z="-6170" heading="0" respawnDelay="110" />
		<npc id="21390" x="180471" y="-115896" z="-6170" heading="0" respawnDelay="110" />
		<npc id="21390" x="179566" y="-116430" z="-6170" heading="0" respawnDelay="110" />
		<npc id="21391" x="181344" y="-110930" z="-5834" heading="65514" respawnDelay="110" />
		<npc id="21391" x="180936" y="-110481" z="-5834" heading="48380" respawnDelay="110" />
		<npc id="21391" x="182243" y="-110562" z="-5834" heading="16384" respawnDelay="110" />
		<npc id="21391" x="177940" y="-108877" z="-5886" heading="0" respawnDelay="110" />
		<npc id="21391" x="179349" y="-108521" z="-5886" heading="0" respawnDelay="110" />
		<npc id="21391" x="178946" y="-108877" z="-5886" heading="0" respawnDelay="110" />
		<npc id="21391" x="178998" y="-109830" z="-5834" heading="8027" respawnDelay="110" />
		<npc id="21391" x="178431" y="-110731" z="-5834" heading="37720" respawnDelay="110" />
		<npc id="21391" x="178237" y="-109962" z="-5834" heading="27015" respawnDelay="110" />
		<npc id="21391" x="181525" y="-107913" z="-6101" heading="0" respawnDelay="110" />
		<npc id="21391" x="181424" y="-107735" z="-6101" heading="0" respawnDelay="110" />
		<npc id="21391" x="181525" y="-107557" z="-6101" heading="0" respawnDelay="110" />
		<npc id="21391" x="184831" y="-110577" z="-5986" heading="0" respawnDelay="110" />
		<npc id="21391" x="185420" y="-111030" z="-6004" heading="0" respawnDelay="110" />
		<npc id="21391" x="185621" y="-111030" z="-6004" heading="0" respawnDelay="110" />
		<npc id="21391" x="186349" y="-111444" z="-5888" heading="39805" respawnDelay="110" />
		<npc id="21391" x="186730" y="-111598" z="-5928" heading="0" respawnDelay="110" />
		<npc id="21391" x="186306" y="-109184" z="-5968" heading="0" respawnDelay="110" />
		<npc id="21391" x="187937" y="-109749" z="-5956" heading="0" respawnDelay="110" />
		<npc id="21391" x="187864" y="-109391" z="-5888" heading="14520" respawnDelay="110" />
		<npc id="21391" x="188170" y="-110859" z="-5888" heading="60495" respawnDelay="110" />
		<npc id="21391" x="188158" y="-110179" z="-5888" heading="17076" respawnDelay="110" />
		<npc id="21392" x="180761" y="-110387" z="-5834" heading="41119" respawnDelay="110" />
		<npc id="21392" x="181730" y="-109074" z="-5834" heading="14427" respawnDelay="110" />
		<npc id="21392" x="181103" y="-109206" z="-5834" heading="26866" respawnDelay="110" />
		<npc id="21392" x="179048" y="-107228" z="-5834" heading="18017" respawnDelay="110" />
		<npc id="21392" x="178552" y="-108156" z="-5834" heading="41534" respawnDelay="110" />
		<npc id="21392" x="179087" y="-109783" z="-5834" heading="58951" respawnDelay="110" />
		<npc id="21392" x="178775" y="-109982" z="-5824" heading="42599" respawnDelay="110" />
		<npc id="21392" x="178757" y="-110618" z="-5893" heading="0" respawnDelay="110" />
		<npc id="21392" x="179108" y="-110220" z="-5834" heading="63325" respawnDelay="110" />
		<npc id="21392" x="181188" y="-107112" z="-5997" heading="26482" respawnDelay="110" />
		<npc id="21392" x="182757" y="-106744" z="-5997" heading="15087" respawnDelay="110" />
		<npc id="21392" x="181942" y="-107285" z="-5997" heading="63411" respawnDelay="110" />
		<npc id="21392" x="184831" y="-110221" z="-5986" heading="0" respawnDelay="110" />
		<npc id="21392" x="185053" y="-110429" z="-5888" heading="19114" respawnDelay="110" />
		<npc id="21392" x="185017" y="-111386" z="-6004" heading="0" respawnDelay="110" />
		<npc id="21392" x="185659" y="-110814" z="-5888" heading="62354" respawnDelay="110" />
		<npc id="21392" x="187388" y="-111301" z="-5886" heading="1984" respawnDelay="110" />
		<npc id="21392" x="186428" y="-111064" z="-5928" heading="0" respawnDelay="110" />
		<npc id="21392" x="185424" y="-110740" z="-5888" heading="35516" respawnDelay="110" />
		<npc id="21392" x="186841" y="-109663" z="-5888" heading="4606" respawnDelay="110" />
		<npc id="21392" x="187197" y="-109664" z="-5952" heading="0" respawnDelay="110" />
		<npc id="21392" x="187399" y="-109308" z="-5952" heading="0" respawnDelay="110" />
		<npc id="21392" x="186953" y="-110427" z="-5888" heading="24474" respawnDelay="110" />
		<npc id="21392" x="187910" y="-111193" z="-5888" heading="63985" respawnDelay="110" />
		<npc id="21392" x="187239" y="-111022" z="-5876" heading="37201" respawnDelay="110" />
		<npc id="21392" x="192166" y="-117608" z="-1847" heading="29647" respawnDelay="110" />
		<npc id="21392" x="191478" y="-117628" z="-1855" heading="23468" respawnDelay="110" />
		<npc id="21393" x="181476" y="-110006" z="-5912" heading="0" respawnDelay="110" />
		<npc id="21393" x="181944" y="-109552" z="-5834" heading="15349" respawnDelay="110" />
		<npc id="21393" x="180786" y="-109820" z="-5834" heading="44759" respawnDelay="110" />
		<npc id="21393" x="178409" y="-107859" z="-5834" heading="55770" respawnDelay="110" />
		<npc id="21393" x="179047" y="-108699" z="-5886" heading="0" respawnDelay="110" />
		<npc id="21393" x="178568" y="-107469" z="-5834" heading="37800" respawnDelay="110" />
		<npc id="21393" x="178116" y="-110174" z="-5834" heading="36414" respawnDelay="110" />
		<npc id="21393" x="178477" y="-110399" z="-5834" heading="47769" respawnDelay="110" />
		<npc id="21393" x="178758" y="-110262" z="-5893" heading="0" respawnDelay="110" />
		<npc id="21393" x="181424" y="-107023" z="-6101" heading="0" respawnDelay="110" />
		<npc id="21393" x="182130" y="-106845" z="-6101" heading="0" respawnDelay="110" />
		<npc id="21393" x="182029" y="-106667" z="-6101" heading="0" respawnDelay="110" />
		<npc id="21393" x="184525" y="-110418" z="-6006" heading="0" respawnDelay="110" />
		<npc id="21393" x="183680" y="-110124" z="-6081" heading="30536" respawnDelay="110" />
		<npc id="21393" x="184954" y="-109553" z="-5888" heading="32299" respawnDelay="110" />
		<npc id="21393" x="185392" y="-109545" z="-5972" heading="0" respawnDelay="110" />
		<npc id="21393" x="184920" y="-110805" z="-5888" heading="2192" respawnDelay="110" />
		<npc id="21393" x="184730" y="-110399" z="-5986" heading="0" respawnDelay="110" />
		<npc id="21393" x="184816" y="-111386" z="-6004" heading="0" respawnDelay="110" />
		<npc id="21393" x="185018" y="-110674" z="-6004" heading="0" respawnDelay="110" />
		<npc id="21393" x="185287" y="-111063" z="-5888" heading="31406" respawnDelay="110" />
		<npc id="21393" x="186227" y="-111776" z="-5928" heading="0" respawnDelay="110" />
		<npc id="21393" x="185791" y="-109244" z="-5888" heading="34297" respawnDelay="110" />
		<npc id="21393" x="186491" y="-109146" z="-5872" heading="12104" respawnDelay="110" />
		<npc id="21393" x="187163" y="-109050" z="-5888" heading="13347" respawnDelay="110" />
		<npc id="21393" x="186504" y="-109865" z="-5888" heading="32044" respawnDelay="110" />
		<npc id="21394" x="179353" y="-117018" z="-3647" heading="0" respawnDelay="90" />
		<npc id="21394" x="179780" y="-115867" z="-3675" heading="0" respawnDelay="90" />
		<npc id="21394" x="177777" y="-119693" z="-4165" heading="0" respawnDelay="90" />
		<npc id="21394" x="176793" y="-120800" z="-4272" heading="0" respawnDelay="90" />
		<npc id="21394" x="180488" y="-120158" z="-3710" heading="0" respawnDelay="90" />
		<npc id="21394" x="181876" y="-117515" z="-3382" heading="0" respawnDelay="90" />
		<npc id="21394" x="186082" y="-118018" z="-3284" heading="50345" respawnDelay="90" />
		<npc id="21394" x="188890" y="-119063" z="-3284" heading="7696" respawnDelay="90" />
		<npc id="21394" x="189792" y="-117012" z="-3432" heading="0" respawnDelay="90" />
		<npc id="21394" x="187333" y="-116110" z="-3328" heading="0" respawnDelay="90" />
		<npc id="21394" x="185153" y="-112940" z="-3284" heading="22543" respawnDelay="90" />
		<npc id="21394" x="187434" y="-113061" z="-3324" heading="0" respawnDelay="90" />
		<npc id="21394" x="189933" y="-113422" z="-3284" heading="53687" respawnDelay="90" />
		<npc id="21394" x="189038" y="-111841" z="-3336" heading="0" respawnDelay="90" />
		<npc id="21394" x="187490" y="-110329" z="-3340" heading="0" respawnDelay="90" />
		<npc id="21394" x="185320" y="-110262" z="-3284" heading="52471" respawnDelay="90" />
		<npc id="21394" x="181422" y="-108885" z="-3667" heading="7822" respawnDelay="90" />
		<npc id="21394" x="183290" y="-111119" z="-3740" heading="0" respawnDelay="90" />
		<npc id="21394" x="182312" y="-112222" z="-3707" heading="0" respawnDelay="90" />
		<npc id="21394" x="179242" y="-110171" z="-3711" heading="0" respawnDelay="90" />
		<npc id="21394" x="176082" y="-109062" z="-3655" heading="16710" respawnDelay="90" />
		<npc id="21394" x="176108" y="-112882" z="-3531" heading="0" respawnDelay="90" />
		<npc id="21395" x="175699" y="-112639" z="-5521" heading="8192" respawnDelay="60" />
		<npc id="21395" x="178376" y="-112801" z="-5821" heading="19466" respawnDelay="60" />
		<npc id="21395" x="180169" y="-116786" z="-6170" heading="0" respawnDelay="60" />
		<npc id="21395" x="178215" y="-108114" z="-5834" heading="29528" respawnDelay="60" />
		<npc id="21395" x="178958" y="-110974" z="-5893" heading="0" respawnDelay="60" />
		<npc id="21395" x="181519" y="-106328" z="-5997" heading="16800" respawnDelay="60" />
		<npc id="21395" x="184424" y="-110596" z="-6006" heading="0" respawnDelay="60" />
		<npc id="21395" x="184826" y="-110240" z="-6006" heading="0" respawnDelay="60" />
		<npc id="21395" x="184725" y="-109706" z="-6006" heading="0" respawnDelay="60" />
		<npc id="21395" x="185960" y="-108912" z="-5888" heading="32881" respawnDelay="60" />
		<npc id="21395" x="184787" y="-109189" z="-5972" heading="0" respawnDelay="60" />
		<npc id="21395" x="186511" y="-109513" z="-5888" heading="12272" respawnDelay="60" />
		<npc id="21395" x="186189" y="-110872" z="-5970" heading="0" respawnDelay="60" />
		<npc id="21395" x="185747" y="-111149" z="-5873" heading="12334" respawnDelay="60" />
		<npc id="21395" x="187060" y="-111445" z="-5886" heading="63565" respawnDelay="60" />
		<npc id="21395" x="186104" y="-109540" z="-5968" heading="0" respawnDelay="60" />
		<npc id="21395" x="188717" y="-110449" z="-5932" heading="0" respawnDelay="60" />
		<npc id="21395" x="193733" y="-113029" z="-1355" heading="6507" respawnDelay="60" />
		<npc id="21395" x="192777" y="-112799" z="-1355" heading="27530" respawnDelay="60" />
		<npc id="21395" x="192780" y="-113397" z="-1353" heading="17142" respawnDelay="60" />
		<npc id="21395" x="192937" y="-113938" z="-1385" heading="26317" respawnDelay="60" />
		<npc id="21395" x="193190" y="-113622" z="-1356" heading="29391" respawnDelay="60" />
		<npc id="21395" x="193601" y="-113579" z="-1356" heading="13115" respawnDelay="60" />
		<npc id="21395" x="193694" y="-113857" z="-1357" heading="1043" respawnDelay="60" />
		<npc id="21395" x="193208" y="-113059" z="-1350" heading="13263" respawnDelay="60" />
		<npc id="21395" x="189088" y="-107328" z="-884" heading="0" respawnDelay="60" />
		<npc id="21395" x="189378" y="-106492" z="-781" heading="48861" respawnDelay="60" />
		<npc id="21395" x="189490" y="-106972" z="-884" heading="0" respawnDelay="60" />
		<npc id="21395" x="189692" y="-106972" z="-884" heading="0" respawnDelay="60" />
		<npc id="21395" x="191084" y="-105461" z="-782" heading="11165" respawnDelay="60" />
		<npc id="21395" x="190400" y="-106021" z="-771" heading="28814" respawnDelay="60" />
		<npc id="21395" x="191050" y="-105961" z="-782" heading="43098" respawnDelay="60" />
		<npc id="21395" x="191290" y="-106418" z="-880" heading="0" respawnDelay="60" />
		<npc id="21652" x="179353" y="-116662" z="-3647" heading="0" respawnDelay="110" />
		<npc id="21652" x="179365" y="-117129" z="-3611" heading="28708" respawnDelay="110" />
		<npc id="21652" x="179361" y="-116803" z="-3611" heading="56649" respawnDelay="110" />
		<npc id="21652" x="179578" y="-116223" z="-3675" heading="0" respawnDelay="110" />
		<npc id="21652" x="179554" y="-115029" z="-3595" heading="16596" respawnDelay="110" />
		<npc id="21652" x="179675" y="-115372" z="-3611" heading="55362" respawnDelay="110" />
		<npc id="21652" x="178280" y="-119871" z="-4165" heading="0" respawnDelay="110" />
		<npc id="21652" x="178073" y="-119614" z="-4099" heading="26165" respawnDelay="110" />
		<npc id="21652" x="178348" y="-119310" z="-4112" heading="31125" respawnDelay="110" />
		<npc id="21652" x="176491" y="-120978" z="-4272" heading="0" respawnDelay="110" />
		<npc id="21652" x="176490" y="-120622" z="-4272" heading="0" respawnDelay="110" />
		<npc id="21652" x="177094" y="-120978" z="-4272" heading="0" respawnDelay="110" />
		<npc id="21652" x="180487" y="-120500" z="-3671" heading="45183" respawnDelay="110" />
		<npc id="21652" x="181543" y="-120281" z="-3671" heading="11126" respawnDelay="110" />
		<npc id="21652" x="181194" y="-119980" z="-3710" heading="0" respawnDelay="110" />
		<npc id="21652" x="181676" y="-117871" z="-3382" heading="0" respawnDelay="110" />
		<npc id="21652" x="182180" y="-117693" z="-3382" heading="0" respawnDelay="110" />
		<npc id="21652" x="182279" y="-118073" z="-3331" heading="27251" respawnDelay="110" />
		<npc id="21653" x="186840" y="-117924" z="-3284" heading="54045" respawnDelay="110" />
		<npc id="21653" x="186378" y="-118192" z="-3271" heading="13434" respawnDelay="110" />
		<npc id="21653" x="186277" y="-118603" z="-3278" heading="47833" respawnDelay="110" />
		<npc id="21653" x="183632" y="-119436" z="-3176" heading="0" respawnDelay="110" />
		<npc id="21653" x="184868" y="-120564" z="-3116" heading="0" respawnDelay="110" />
		<npc id="21653" x="185271" y="-120564" z="-3116" heading="0" respawnDelay="110" />
		<npc id="21653" x="185371" y="-120742" z="-3116" heading="0" respawnDelay="110" />
		<npc id="21653" x="187809" y="-120464" z="-3084" heading="34808" respawnDelay="110" />
		<npc id="21653" x="187889" y="-121291" z="-3084" heading="16561" respawnDelay="110" />
		<npc id="21653" x="187761" y="-121108" z="-3196" heading="0" respawnDelay="110" />
		<npc id="21653" x="189534" y="-120040" z="-3084" heading="23345" respawnDelay="110" />
		<npc id="21653" x="188902" y="-120488" z="-3124" heading="0" respawnDelay="110" />
		<npc id="21653" x="189814" y="-120554" z="-3084" heading="54618" respawnDelay="110" />
		<npc id="21653" x="188958" y="-118806" z="-3284" heading="14720" respawnDelay="110" />
		<npc id="21653" x="187642" y="-118855" z="-3276" heading="6947" respawnDelay="110" />
		<npc id="21653" x="187947" y="-118995" z="-3284" heading="41859" respawnDelay="110" />
		<npc id="21653" x="189993" y="-117368" z="-3432" heading="0" respawnDelay="110" />
		<npc id="21653" x="189365" y="-117002" z="-3284" heading="31856" respawnDelay="110" />
		<npc id="21653" x="189640" y="-117542" z="-3284" heading="43325" respawnDelay="110" />
		<npc id="21653" x="188101" y="-115959" z="-3273" heading="53156" respawnDelay="110" />
		<npc id="21653" x="187790" y="-115492" z="-3284" heading="31392" respawnDelay="110" />
		<npc id="21653" x="187936" y="-116822" z="-3328" heading="0" respawnDelay="110" />
		<npc id="21654" x="184902" y="-114209" z="-3398" heading="0" respawnDelay="110" />
		<npc id="21654" x="185606" y="-114387" z="-3398" heading="0" respawnDelay="110" />
		<npc id="21654" x="185406" y="-113675" z="-3398" heading="0" respawnDelay="110" />
		<npc id="21654" x="187477" y="-112794" z="-3284" heading="28065" respawnDelay="110" />
		<npc id="21654" x="187883" y="-113119" z="-3284" heading="49592" respawnDelay="110" />
		<npc id="21654" x="187455" y="-113290" z="-3284" heading="40002" respawnDelay="110" />
		<npc id="21654" x="189516" y="-113481" z="-3332" heading="0" respawnDelay="110" />
		<npc id="21654" x="189818" y="-113303" z="-3332" heading="0" respawnDelay="110" />
		<npc id="21654" x="190045" y="-113362" z="-3284" heading="3795" respawnDelay="110" />
		<npc id="21654" x="189843" y="-112197" z="-3336" heading="0" respawnDelay="110" />
		<npc id="21654" x="189314" y="-111583" z="-3284" heading="49734" respawnDelay="110" />
		<npc id="21654" x="189827" y="-110999" z="-3284" heading="13251" respawnDelay="110" />
		<npc id="21654" x="187691" y="-110685" z="-3340" heading="0" respawnDelay="110" />
		<npc id="21654" x="188295" y="-110685" z="-3340" heading="0" respawnDelay="110" />
		<npc id="21654" x="187389" y="-110863" z="-3340" heading="0" respawnDelay="110" />
		<npc id="21655" x="184934" y="-109469" z="-3284" heading="24008" respawnDelay="110" />
		<npc id="21655" x="185768" y="-111083" z="-3332" heading="0" respawnDelay="110" />
		<npc id="21655" x="186326" y="-110921" z="-3284" heading="23382" respawnDelay="110" />
		<npc id="21655" x="181605" y="-108265" z="-3667" heading="23075" respawnDelay="110" />
		<npc id="21655" x="182159" y="-109507" z="-3667" heading="4276" respawnDelay="110" />
		<npc id="21655" x="181910" y="-109818" z="-3667" heading="39567" respawnDelay="110" />
		<npc id="21655" x="182787" y="-111297" z="-3740" heading="0" respawnDelay="110" />
		<npc id="21655" x="183661" y="-111586" z="-3667" heading="56353" respawnDelay="110" />
		<npc id="21655" x="183148" y="-111857" z="-3667" heading="13506" respawnDelay="110" />
		<npc id="21655" x="181886" y="-112708" z="-3657" heading="48844" respawnDelay="110" />
		<npc id="21655" x="182212" y="-112400" z="-3707" heading="0" respawnDelay="110" />
		<npc id="21655" x="181607" y="-112756" z="-3707" heading="0" respawnDelay="110" />
		<npc id="21655" x="179516" y="-108994" z="-3667" heading="7795" respawnDelay="110" />
		<npc id="21655" x="178490" y="-107799" z="-3667" heading="18865" respawnDelay="110" />
		<npc id="21655" x="179041" y="-109459" z="-3711" heading="0" respawnDelay="110" />
		<npc id="21655" x="175713" y="-110080" z="-3667" heading="31046" respawnDelay="110" />
		<npc id="21655" x="176585" y="-110392" z="-3667" heading="59102" respawnDelay="110" />
		<npc id="21655" x="175985" y="-108279" z="-3667" heading="8863" respawnDelay="110" />
		<npc id="21655" x="175788" y="-112914" z="-3487" heading="31342" respawnDelay="110" />
		<npc id="21655" x="176309" y="-113594" z="-3531" heading="0" respawnDelay="110" />
		<npc id="21655" x="176109" y="-113238" z="-3531" heading="0" respawnDelay="110" />
		<npc id="21656" x="175361" y="-112289" z="-5521" heading="44934" respawnDelay="110" />
		<npc id="21656" x="175512" y="-111857" z="-5521" heading="29677" respawnDelay="110" />
		<npc id="21656" x="174668" y="-112173" z="-5501" heading="33054" respawnDelay="110" />
		<npc id="21656" x="178806" y="-113105" z="-5804" heading="58611" respawnDelay="110" />
		<npc id="21656" x="178051" y="-112955" z="-5834" heading="54978" respawnDelay="110" />
		<npc id="21656" x="178525" y="-113620" z="-5834" heading="18285" respawnDelay="110" />
		<npc id="21656" x="180270" y="-116964" z="-6170" heading="0" respawnDelay="110" />
		<npc id="21656" x="180371" y="-116786" z="-6170" heading="0" respawnDelay="110" />
		<npc id="21656" x="179968" y="-116430" z="-6170" heading="0" respawnDelay="110" />
		<npc id="21657" x="178242" y="-109055" z="-5886" heading="0" respawnDelay="110" />
		<npc id="21657" x="179216" y="-107717" z="-5834" heading="6763" respawnDelay="110" />
		<npc id="21657" x="178392" y="-108652" z="-5834" heading="52395" respawnDelay="110" />
		<npc id="21657" x="178793" y="-109557" z="-5834" heading="50754" respawnDelay="110" />
		<npc id="21657" x="178255" y="-110440" z="-5893" heading="0" respawnDelay="110" />
		<npc id="21657" x="178556" y="-109906" z="-5893" heading="0" respawnDelay="110" />
		<npc id="21657" x="182130" y="-106489" z="-6101" heading="0" respawnDelay="110" />
		<npc id="21657" x="181928" y="-106489" z="-6101" heading="0" respawnDelay="110" />
		<npc id="21657" x="181525" y="-107201" z="-6101" heading="0" respawnDelay="110" />
		<npc id="21657" x="185355" y="-109112" z="-5888" heading="35885" respawnDelay="110" />
		<npc id="21657" x="186846" y="-108788" z="-5888" heading="44506" respawnDelay="110" />
		<npc id="21657" x="187665" y="-110658" z="-5888" heading="40265" respawnDelay="110" />
		<npc id="21657" x="186833" y="-110797" z="-5888" heading="25874" respawnDelay="110" />
	</spawn>
</list>
