<?xml version="1.0" encoding="UTF-8"?>
<list enabled="true" xmlns:xsi="http://www.w3.org/2001/XMLSchema-instance" xsi:noNamespaceSchemaLocation="../xsd/spawns.xsd">
	<spawn name="GiantsCave">
		<npc id="20646" x="174946" y="55490" z="-4366" heading="13401" respawnDelay="82" />
		<npc id="20646" x="173941" y="55487" z="-4370" heading="50410" respawnDelay="82" />
		<npc id="20646" x="174616" y="54816" z="-4354" heading="32286" respawnDelay="82" />
		<npc id="20646" x="174567" y="56132" z="-4344" heading="63706" respawnDelay="82" />
		<npc id="20646" x="174984" y="56001" z="-4355" heading="63854" respawnDelay="82" />
		<npc id="20646" x="175498" y="55856" z="-4344" heading="10789" respawnDelay="82" />
		<npc id="20646" x="174564" y="55056" z="-4370" heading="48038" respawnDelay="82" />
		<npc id="20646" x="173332" y="55993" z="-4348" heading="32712" respawnDelay="82" />
		<npc id="20646" x="177938" y="54173" z="-3967" heading="64757" respawnDelay="82" />
		<npc id="20646" x="179424" y="54587" z="-3993" heading="59182" respawnDelay="82" />
		<npc id="20646" x="178041" y="55763" z="-3971" heading="19368" respawnDelay="82" />
		<npc id="20646" x="178913" y="53865" z="-3971" heading="57598" respawnDelay="82" />
		<npc id="20646" x="178951" y="54866" z="-3993" heading="55543" respawnDelay="82" />
		<npc id="20646" x="179690" y="53702" z="-3967" heading="6712" respawnDelay="82" />
		<npc id="20646" x="178970" y="54345" z="-4000" heading="0" respawnDelay="82" />
		<npc id="20646" x="180220" y="54980" z="-3967" heading="45270" respawnDelay="82" />
		<npc id="20646" x="186338" y="47728" z="-4344" heading="39662" respawnDelay="82" />
		<npc id="20646" x="186538" y="47587" z="-4384" heading="0" respawnDelay="82" />
		<npc id="20646" x="186362" y="47932" z="-4344" heading="41930" respawnDelay="82" />
		<npc id="20646" x="185687" y="49237" z="-4366" heading="37256" respawnDelay="82" />
		<npc id="20646" x="185571" y="48754" z="-4370" heading="54236" respawnDelay="82" />
		<npc id="20646" x="186691" y="48297" z="-4361" heading="6930" respawnDelay="82" />
		<npc id="20646" x="186890" y="48090" z="-4344" heading="19941" respawnDelay="82" />
		<npc id="20646" x="185520" y="49922" z="-4344" heading="5305" respawnDelay="82" />
		<npc id="20647" x="175530" y="55294" z="-4348" heading="50575" respawnDelay="82" />
		<npc id="20647" x="173921" y="56559" z="-4384" heading="0" respawnDelay="82" />
		<npc id="20647" x="173814" y="55136" z="-4366" heading="14341" respawnDelay="82" />
		<npc id="20647" x="173216" y="56025" z="-4384" heading="0" respawnDelay="82" />
		<npc id="20647" x="174551" y="55670" z="-4370" heading="34065" respawnDelay="82" />
		<npc id="20647" x="175566" y="54737" z="-4348" heading="19019" respawnDelay="82" />
		<npc id="20647" x="174724" y="55315" z="-4370" heading="18134" respawnDelay="82" />
		<npc id="20647" x="173519" y="56559" z="-4384" heading="0" respawnDelay="82" />
		<npc id="20647" x="178666" y="53455" z="-4000" heading="0" respawnDelay="82" />
		<npc id="20647" x="179450" y="53737" z="-3970" heading="34925" respawnDelay="82" />
		<npc id="20647" x="178126" y="55547" z="-3971" heading="11510" respawnDelay="82" />
		<npc id="20647" x="178063" y="54523" z="-4000" heading="0" respawnDelay="82" />
		<npc id="20647" x="179182" y="54383" z="-3989" heading="3595" respawnDelay="82" />
		<npc id="20647" x="178567" y="55057" z="-4000" heading="0" respawnDelay="82" />
		<npc id="20647" x="179613" y="55036" z="-3973" heading="12229" respawnDelay="82" />
		<npc id="20647" x="178530" y="54651" z="-3993" heading="47606" respawnDelay="82" />
		<npc id="20647" x="186125" y="49676" z="-4344" heading="54060" respawnDelay="82" />
		<npc id="20647" x="185848" y="47526" z="-4293" heading="39305" respawnDelay="82" />
		<npc id="20647" x="186497" y="49070" z="-4344" heading="24442" respawnDelay="82" />
		<npc id="20647" x="186381" y="48470" z="-4366" heading="28750" respawnDelay="82" />
		<npc id="20647" x="185965" y="48435" z="-4366" heading="33464" respawnDelay="82" />
		<npc id="20647" x="186949" y="48239" z="-4344" heading="52565" respawnDelay="82" />
		<npc id="20647" x="185569" y="49775" z="-4354" heading="4347" respawnDelay="82" />
		<npc id="20647" x="186005" y="47654" z="-4344" heading="19162" respawnDelay="82" />
		<npc id="20648" x="174111" y="56143" z="-4348" heading="5437" respawnDelay="82" />
		<npc id="20648" x="175235" y="56085" z="-4348" heading="33804" respawnDelay="82" />
		<npc id="20648" x="174159" y="55575" z="-4370" heading="35247" respawnDelay="82" />
		<npc id="20648" x="174021" y="55246" z="-4366" heading="28105" respawnDelay="82" />
		<npc id="20648" x="173544" y="56033" z="-4351" heading="39054" respawnDelay="82" />
		<npc id="20648" x="173360" y="54734" z="-4348" heading="39033" respawnDelay="82" />
		<npc id="20648" x="175143" y="54709" z="-4348" heading="63446" respawnDelay="82" />
		<npc id="20648" x="173518" y="55491" z="-4384" heading="0" respawnDelay="82" />
		<npc id="20648" x="178721" y="55443" z="-3967" heading="28468" respawnDelay="82" />
		<npc id="20648" x="179777" y="53623" z="-3967" heading="12361" respawnDelay="82" />
		<npc id="20648" x="179229" y="55251" z="-3971" heading="21354" respawnDelay="82" />
		<npc id="20648" x="179832" y="54050" z="-3967" heading="6265" respawnDelay="82" />
		<npc id="20648" x="180059" y="54546" z="-3967" heading="45446" respawnDelay="82" />
		<npc id="20648" x="177558" y="54345" z="-4000" heading="0" respawnDelay="82" />
		<npc id="20648" x="177962" y="53989" z="-4000" heading="0" respawnDelay="82" />
		<npc id="20648" x="178164" y="55057" z="-4000" heading="0" respawnDelay="82" />
		<npc id="20648" x="185892" y="50134" z="-4344" heading="5403" respawnDelay="82" />
		<npc id="20648" x="186385" y="49348" z="-4344" heading="56002" respawnDelay="82" />
		<npc id="20648" x="184725" y="49011" z="-4384" heading="0" respawnDelay="82" />
		<npc id="20648" x="185922" y="49164" z="-4366" heading="36713" respawnDelay="82" />
		<npc id="20648" x="186748" y="48576" z="-4344" heading="16259" respawnDelay="82" />
		<npc id="20648" x="185138" y="49669" z="-4344" heading="8962" respawnDelay="82" />
		<npc id="20648" x="185428" y="48204" z="-4346" heading="55209" respawnDelay="82" />
		<npc id="20648" x="184826" y="49560" z="-4344" heading="8570" respawnDelay="82" />
		<npc id="20649" x="174075" y="60965" z="-4370" heading="47592" respawnDelay="82" />
		<npc id="20649" x="174484" y="60178" z="-4400" heading="0" respawnDelay="82" />
		<npc id="20649" x="175739" y="61388" z="-4373" heading="53366" respawnDelay="82" />
		<npc id="20649" x="174196" y="61815" z="-4373" heading="35732" respawnDelay="82" />
		<npc id="20649" x="173355" y="61012" z="-4370" heading="45486" respawnDelay="82" />
		<npc id="20649" x="174512" y="61350" z="-4366" heading="17278" respawnDelay="82" />
		<npc id="20649" x="175509" y="62155" z="-4369" heading="53696" respawnDelay="82" />
		<npc id="20649" x="173714" y="61266" z="-4370" heading="41636" respawnDelay="82" />
		<npc id="20649" x="173410" y="62173" z="-4366" heading="22751" respawnDelay="82" />
		<npc id="20649" x="181785" y="62512" z="-3993" heading="28279" respawnDelay="82" />
		<npc id="20649" x="181760" y="61271" z="-3993" heading="39113" respawnDelay="82" />
		<npc id="20649" x="181527" y="60285" z="-3993" heading="64954" respawnDelay="82" />
		<npc id="20649" x="182208" y="62639" z="-3993" heading="29270" respawnDelay="82" />
		<npc id="20649" x="182368" y="60297" z="-3993" heading="48234" respawnDelay="82" />
		<npc id="20649" x="181042" y="58900" z="-3993" heading="45516" respawnDelay="82" />
		<npc id="20649" x="181167" y="59244" z="-3993" heading="52833" respawnDelay="82" />
		<npc id="20649" x="181463" y="58852" z="-3989" heading="46173" respawnDelay="82" />
		<npc id="20649" x="180502" y="60230" z="-3989" heading="36617" respawnDelay="82" />
		<npc id="20649" x="180705" y="57989" z="-4000" heading="0" respawnDelay="82" />
		<npc id="20649" x="179599" y="57811" z="-4000" heading="0" respawnDelay="82" />
		<npc id="20649" x="182258" y="59616" z="-3989" heading="55514" respawnDelay="82" />
		<npc id="20649" x="181065" y="60145" z="-3989" heading="18592" respawnDelay="82" />
		<npc id="20649" x="181451" y="59747" z="-3996" heading="2850" respawnDelay="82" />
		<npc id="20649" x="191606" y="50432" z="-4366" heading="5967" respawnDelay="82" />
		<npc id="20649" x="191192" y="50038" z="-4366" heading="34412" respawnDelay="82" />
		<npc id="20649" x="191798" y="50119" z="-4366" heading="36955" respawnDelay="82" />
		<npc id="20649" x="191059" y="49739" z="-4366" heading="10603" respawnDelay="82" />
		<npc id="20649" x="191064" y="48979" z="-4384" heading="0" respawnDelay="82" />
		<npc id="20649" x="192262" y="50436" z="-4366" heading="50157" respawnDelay="82" />
		<npc id="20649" x="190155" y="52327" z="-4366" heading="20513" respawnDelay="82" />
		<npc id="20649" x="190942" y="52919" z="-4366" heading="16384" respawnDelay="82" />
		<npc id="20649" x="190797" y="51407" z="-4384" heading="0" respawnDelay="82" />
		<npc id="20649" x="190750" y="52325" z="-4366" heading="61766" respawnDelay="82" />
		<npc id="20649" x="189856" y="52251" z="-4366" heading="57526" respawnDelay="82" />
		<npc id="20649" x="189760" y="53772" z="-4370" heading="25338" respawnDelay="82" />
		<npc id="20649" x="190044" y="53877" z="-4366" heading="26839" respawnDelay="82" />
		<npc id="20649" x="190456" y="53836" z="-4370" heading="54200" respawnDelay="82" />
		<npc id="20649" x="192136" y="51779" z="-4369" heading="23208" respawnDelay="82" />
		<npc id="20649" x="194246" y="52188" z="-4370" heading="3160" respawnDelay="82" />
		<npc id="20649" x="191612" y="51678" z="-4366" heading="5613" respawnDelay="82" />
		<npc id="20649" x="191646" y="52237" z="-4366" heading="9223" respawnDelay="82" />
		<npc id="20649" x="191773" y="52858" z="-4366" heading="44145" respawnDelay="82" />
		<npc id="20649" x="193200" y="51788" z="-4366" heading="43986" respawnDelay="82" />
		<npc id="20649" x="193716" y="51948" z="-4366" heading="42373" respawnDelay="82" />
		<npc id="20649" x="193544" y="53007" z="-4370" heading="14218" respawnDelay="82" />
		<npc id="20649" x="192521" y="51691" z="-4366" heading="32042" respawnDelay="82" />
		<npc id="20649" x="193888" y="52338" z="-4384" heading="0" respawnDelay="82" />
		<npc id="20650" x="174383" y="60356" z="-4400" heading="0" respawnDelay="82" />
		<npc id="20650" x="174974" y="60937" z="-4370" heading="11646" respawnDelay="82" />
		<npc id="20650" x="176108" y="61782" z="-4366" heading="64959" respawnDelay="82" />
		<npc id="20650" x="173681" y="61958" z="-4400" heading="0" respawnDelay="82" />
		<npc id="20650" x="175425" y="62786" z="-4370" heading="31426" respawnDelay="82" />
		<npc id="20650" x="173489" y="62716" z="-4370" heading="56809" respawnDelay="82" />
		<npc id="20650" x="173981" y="60356" z="-4400" heading="0" respawnDelay="82" />
		<npc id="20650" x="176164" y="62637" z="-4370" heading="13674" respawnDelay="82" />
		<npc id="20650" x="175072" y="61997" z="-4369" heading="36386" respawnDelay="82" />
		<npc id="20650" x="178568" y="61682" z="-4356" heading="32747" respawnDelay="82" />
		<npc id="20650" x="179052" y="61681" z="-4309" heading="65359" respawnDelay="82" />
		<npc id="20650" x="180042" y="61692" z="-4214" heading="32677" respawnDelay="82" />
		<npc id="20650" x="179628" y="61684" z="-4254" heading="32969" respawnDelay="82" />
		<npc id="20650" x="179806" y="62241" z="-4316" heading="0" respawnDelay="82" />
		<npc id="20650" x="179705" y="62063" z="-4316" heading="0" respawnDelay="82" />
		<npc id="20650" x="182596" y="62486" z="-3993" heading="7945" respawnDelay="82" />
		<npc id="20650" x="182006" y="59753" z="-3996" heading="38095" respawnDelay="82" />
		<npc id="20650" x="182157" y="61578" z="-3989" heading="62113" respawnDelay="82" />
		<npc id="20650" x="181781" y="62123" z="-3993" heading="37204" respawnDelay="82" />
		<npc id="20650" x="180499" y="61688" z="-4171" heading="62252" respawnDelay="82" />
		<npc id="20650" x="180397" y="59784" z="-3989" heading="48284" respawnDelay="82" />
		<npc id="20650" x="180237" y="58856" z="-3993" heading="49670" respawnDelay="82" />
		<npc id="20650" x="181201" y="59990" z="-3993" heading="47930" respawnDelay="82" />
		<npc id="20650" x="182424" y="58755" z="-3989" heading="55382" respawnDelay="82" />
		<npc id="20650" x="181223" y="59480" z="-3992" heading="13482" respawnDelay="82" />
		<npc id="20650" x="182156" y="60285" z="-3989" heading="41057" respawnDelay="82" />
		<npc id="20650" x="181398" y="58809" z="-3993" heading="64064" respawnDelay="82" />
		<npc id="20650" x="179197" y="58167" z="-4000" heading="0" respawnDelay="82" />
		<npc id="20650" x="179114" y="58834" z="-3993" heading="39934" respawnDelay="82" />
		<npc id="20650" x="190460" y="49691" z="-4384" heading="0" respawnDelay="82" />
		<npc id="20650" x="192172" y="49869" z="-4384" heading="0" respawnDelay="82" />
		<npc id="20650" x="191768" y="49513" z="-4384" heading="0" respawnDelay="82" />
		<npc id="20650" x="191447" y="50800" z="-4366" heading="412" respawnDelay="82" />
		<npc id="20650" x="192249" y="50689" z="-4370" heading="14388" respawnDelay="82" />
		<npc id="20650" x="191035" y="50767" z="-4366" heading="26501" respawnDelay="82" />
		<npc id="20650" x="190658" y="52847" z="-4366" heading="18255" respawnDelay="82" />
		<npc id="20650" x="190750" y="51813" z="-4366" heading="41239" respawnDelay="82" />
		<npc id="20650" x="190515" y="52264" z="-4366" heading="11673" respawnDelay="82" />
		<npc id="20650" x="189857" y="52666" z="-4370" heading="25481" respawnDelay="82" />
		<npc id="20650" x="189993" y="52119" z="-4384" heading="0" respawnDelay="82" />
		<npc id="20650" x="189639" y="54284" z="-4384" heading="0" respawnDelay="82" />
		<npc id="20650" x="190484" y="54232" z="-4366" heading="14490" respawnDelay="82" />
		<npc id="20650" x="191923" y="52571" z="-4384" heading="0" respawnDelay="82" />
		<npc id="20650" x="192427" y="52037" z="-4384" heading="0" respawnDelay="82" />
		<npc id="20650" x="190843" y="52200" z="-4366" heading="6749" respawnDelay="82" />
		<npc id="20650" x="193856" y="53129" z="-4370" heading="26394" respawnDelay="82" />
		<npc id="20650" x="192556" y="52912" z="-4366" heading="63972" respawnDelay="82" />
		<npc id="20650" x="193950" y="54296" z="-4370" heading="9937" respawnDelay="82" />
		<npc id="20650" x="193802" y="53907" z="-4370" heading="5446" respawnDelay="82" />
		<npc id="20650" x="194211" y="54026" z="-4370" heading="46315" respawnDelay="82" />
		<npc id="20650" x="194296" y="54310" z="-4370" heading="15133" respawnDelay="82" />
		<npc id="20650" x="193615" y="52634" z="-4366" heading="24924" respawnDelay="82" />
		<npc id="20650" x="192004" y="55668" z="-4607" heading="50835" respawnDelay="82" />
		<npc id="20650" x="192007" y="56130" z="-4652" heading="49722" respawnDelay="82" />
		<npc id="20650" x="192013" y="57306" z="-4765" heading="16133" respawnDelay="82" />
		<npc id="20650" x="192029" y="56523" z="-4690" heading="57797" respawnDelay="82" />
		<npc id="20650" x="191965" y="56918" z="-4728" heading="56259" respawnDelay="82" />
		<npc id="20650" x="191989" y="55220" z="-4565" heading="51115" respawnDelay="82" />
		<npc id="20651" x="175226" y="61419" z="-4373" heading="32139" respawnDelay="82" />
		<npc id="20651" x="174509" y="60786" z="-4370" heading="45760" respawnDelay="82" />
		<npc id="20651" x="174531" y="62768" z="-4366" heading="12206" respawnDelay="82" />
		<npc id="20651" x="174130" y="62389" z="-4366" heading="58708" respawnDelay="82" />
		<npc id="20651" x="176039" y="60925" z="-4370" heading="59995" respawnDelay="82" />
		<npc id="20651" x="174786" y="60356" z="-4400" heading="0" respawnDelay="82" />
		<npc id="20651" x="174686" y="61602" z="-4400" heading="0" respawnDelay="82" />
		<npc id="20651" x="173278" y="61602" z="-4400" heading="0" respawnDelay="82" />
		<npc id="20651" x="175289" y="60534" z="-4400" heading="0" respawnDelay="82" />
		<npc id="20651" x="180133" y="59145" z="-3996" heading="31288" respawnDelay="82" />
		<npc id="20651" x="181693" y="60916" z="-4000" heading="0" respawnDelay="82" />
		<npc id="20651" x="182250" y="62438" z="-3993" heading="21406" respawnDelay="82" />
		<npc id="20651" x="181996" y="61806" z="-4000" heading="0" respawnDelay="82" />
		<npc id="20651" x="181711" y="61643" z="-3993" heading="12642" respawnDelay="82" />
		<npc id="20651" x="180415" y="59544" z="-3993" heading="6422" respawnDelay="82" />
		<npc id="20651" x="180659" y="58782" z="-3989" heading="59317" respawnDelay="82" />
		<npc id="20651" x="179817" y="59599" z="-3996" heading="49128" respawnDelay="82" />
		<npc id="20651" x="179212" y="59943" z="-3993" heading="17212" respawnDelay="82" />
		<npc id="20651" x="180705" y="58345" z="-4000" heading="0" respawnDelay="82" />
		<npc id="20651" x="179111" y="59289" z="-3993" heading="13713" respawnDelay="82" />
		<npc id="20651" x="179347" y="60335" z="-3993" heading="22321" respawnDelay="82" />
		<npc id="20651" x="179754" y="58742" z="-3989" heading="40827" respawnDelay="82" />
		<npc id="20651" x="179818" y="60038" z="-3993" heading="54149" respawnDelay="82" />
		<npc id="20651" x="191001" y="50423" z="-4370" heading="15335" respawnDelay="82" />
		<npc id="20651" x="190359" y="49869" z="-4384" heading="0" respawnDelay="82" />
		<npc id="20651" x="191971" y="50225" z="-4384" heading="0" respawnDelay="82" />
		<npc id="20651" x="192234" y="49573" z="-4366" heading="29667" respawnDelay="82" />
		<npc id="20651" x="190948" y="49898" z="-4370" heading="48765" respawnDelay="82" />
		<npc id="20651" x="190911" y="49455" z="-4366" heading="34444" respawnDelay="82" />
		<npc id="20651" x="189691" y="51941" z="-4384" heading="0" respawnDelay="82" />
		<npc id="20651" x="190458" y="52288" z="-4370" heading="49152" respawnDelay="82" />
		<npc id="20651" x="190432" y="51837" z="-4366" heading="42793" respawnDelay="82" />
		<npc id="20651" x="190950" y="52024" z="-4366" heading="48922" respawnDelay="82" />
		<npc id="20651" x="190366" y="52837" z="-4366" heading="13515" respawnDelay="82" />
		<npc id="20651" x="189841" y="54284" z="-4384" heading="0" respawnDelay="82" />
		<npc id="20651" x="190142" y="54106" z="-4384" heading="0" respawnDelay="82" />
		<npc id="20651" x="189696" y="54469" z="-4366" heading="613" respawnDelay="82" />
		<npc id="20651" x="191837" y="52333" z="-4369" heading="5499" respawnDelay="82" />
		<npc id="20651" x="191521" y="52215" z="-4384" heading="0" respawnDelay="82" />
		<npc id="20651" x="192626" y="51325" z="-4384" heading="0" respawnDelay="82" />
		<npc id="20651" x="191631" y="51878" z="-4366" heading="33647" respawnDelay="82" />
		<npc id="20651" x="192292" y="52535" z="-4369" heading="55621" respawnDelay="82" />
		<npc id="20651" x="193384" y="52516" z="-4384" heading="0" respawnDelay="82" />
		<npc id="20651" x="193384" y="51448" z="-4384" heading="0" respawnDelay="82" />
		<npc id="20651" x="193183" y="51804" z="-4384" heading="0" respawnDelay="82" />
		<npc id="20651" x="194190" y="52895" z="-4370" heading="11643" respawnDelay="82" />
		<npc id="20651" x="193385" y="52160" z="-4384" heading="0" respawnDelay="82" />
		<npc id="20651" x="191728" y="57997" z="-4816" heading="0" respawnDelay="82" />
		<npc id="20651" x="191995" y="58113" z="-4805" heading="21514" respawnDelay="82" />
		<npc id="20652" x="190691" y="61832" z="-4982" heading="11788" respawnDelay="82" />
		<npc id="20652" x="192043" y="58558" z="-4809" heading="14210" respawnDelay="82" />
		<npc id="20652" x="191900" y="59822" z="-4992" heading="0" respawnDelay="82" />
		<npc id="20652" x="191100" y="61932" z="-4986" heading="5301" respawnDelay="82" />
		<npc id="20652" x="192582" y="60522" z="-4979" heading="32822" respawnDelay="82" />
		<npc id="20652" x="191423" y="60411" z="-4979" heading="40192" respawnDelay="82" />
		<npc id="20652" x="190795" y="60582" z="-4983" heading="6177" respawnDelay="82" />
		<npc id="20652" x="191664" y="62659" z="-4983" heading="9001" respawnDelay="82" />
		<npc id="20652" x="191982" y="60511" z="-4979" heading="46340" respawnDelay="82" />
		<npc id="20652" x="190341" y="59802" z="-4979" heading="15253" respawnDelay="82" />
		<npc id="20652" x="191037" y="59242" z="-4979" heading="52062" respawnDelay="82" />
		<npc id="20652" x="189914" y="59433" z="-4992" heading="0" respawnDelay="82" />
		<npc id="20652" x="193471" y="59118" z="-4979" heading="39179" respawnDelay="82" />
		<npc id="20652" x="193395" y="58705" z="-4992" heading="0" respawnDelay="82" />
		<npc id="20652" x="188158" y="62518" z="-4982" heading="35587" respawnDelay="82" />
		<npc id="20652" x="185822" y="61707" z="-5016" heading="0" respawnDelay="82" />
		<npc id="20652" x="186627" y="62063" z="-5016" heading="0" respawnDelay="82" />
		<npc id="20652" x="186840" y="59639" z="-5012" heading="0" respawnDelay="82" />
		<npc id="20652" x="187948" y="61183" z="-4982" heading="53036" respawnDelay="82" />
		<npc id="20652" x="187544" y="61194" z="-4986" heading="31399" respawnDelay="82" />
		<npc id="20652" x="192548" y="61435" z="-6104" heading="33225" respawnDelay="82" />
		<npc id="20652" x="192800" y="62471" z="-6102" heading="25753" respawnDelay="82" />
		<npc id="20652" x="193530" y="60742" z="-6156" heading="0" respawnDelay="82" />
		<npc id="20652" x="193609" y="61551" z="-6099" heading="16796" respawnDelay="82" />
		<npc id="20652" x="193344" y="62060" z="-6102" heading="14048" respawnDelay="82" />
		<npc id="20652" x="190261" y="61365" z="-6099" heading="51870" respawnDelay="82" />
		<npc id="20652" x="190382" y="61469" z="-6144" heading="0" respawnDelay="82" />
		<npc id="20652" x="190684" y="61291" z="-6144" heading="0" respawnDelay="82" />
		<npc id="20652" x="190483" y="61647" z="-6144" heading="0" respawnDelay="82" />
		<npc id="20652" x="191441" y="62070" z="-6099" heading="11481" respawnDelay="82" />
		<npc id="20652" x="185778" y="57263" z="-4573" heading="32190" respawnDelay="82" />
		<npc id="20652" x="186133" y="55159" z="-4573" heading="38160" respawnDelay="82" />
		<npc id="20652" x="186089" y="55723" z="-4602" heading="0" respawnDelay="82" />
		<npc id="20652" x="186692" y="55011" z="-4602" heading="0" respawnDelay="82" />
		<npc id="20652" x="185384" y="55901" z="-4602" heading="0" respawnDelay="82" />
		<npc id="20652" x="185787" y="54477" z="-4602" heading="0" respawnDelay="82" />
		<npc id="20652" x="188144" y="56563" z="-4573" heading="62633" respawnDelay="82" />
		<npc id="20652" x="187294" y="55606" z="-4576" heading="25880" respawnDelay="82" />
		<npc id="20652" x="185284" y="55367" z="-4602" heading="0" respawnDelay="82" />
		<npc id="20652" x="187545" y="54991" z="-4569" heading="33172" respawnDelay="82" />
		<npc id="20652" x="184286" y="60922" z="-3989" heading="53030" respawnDelay="82" />
		<npc id="20652" x="184160" y="61731" z="-3989" heading="56419" respawnDelay="82" />
		<npc id="20652" x="183829" y="60753" z="-3993" heading="16331" respawnDelay="82" />
		<npc id="20652" x="183580" y="60374" z="-4025" heading="0" respawnDelay="82" />
		<npc id="20652" x="183681" y="61264" z="-4025" heading="0" respawnDelay="82" />
		<npc id="20652" x="183784" y="62419" z="-3993" heading="28286" respawnDelay="82" />
		<npc id="20652" x="183839" y="58480" z="-3989" heading="8497" respawnDelay="82" />
		<npc id="20652" x="183806" y="58884" z="-3989" heading="46581" respawnDelay="82" />
		<npc id="20652" x="183583" y="58375" z="-4026" heading="0" respawnDelay="82" />
		<npc id="20652" x="183924" y="59349" z="-3989" heading="39707" respawnDelay="82" />
		<npc id="20652" x="184262" y="59619" z="-3989" heading="12148" respawnDelay="82" />
		<npc id="20652" x="183976" y="58797" z="-3989" heading="25675" respawnDelay="82" />
		<npc id="20654" x="191673" y="61333" z="-4982" heading="58731" respawnDelay="82" />
		<npc id="20654" x="189601" y="62606" z="-4980" heading="27724" respawnDelay="82" />
		<npc id="20654" x="191540" y="62016" z="-4982" heading="3458" respawnDelay="82" />
		<npc id="20654" x="191440" y="61514" z="-4982" heading="45330" respawnDelay="82" />
		<npc id="20654" x="191901" y="59466" z="-4992" heading="0" respawnDelay="82" />
		<npc id="20654" x="193642" y="60620" z="-4979" heading="2169" respawnDelay="82" />
		<npc id="20654" x="193313" y="61994" z="-4980" heading="11495" respawnDelay="82" />
		<npc id="20654" x="192725" y="61539" z="-4982" heading="11361" respawnDelay="82" />
		<npc id="20654" x="191092" y="61298" z="-4982" heading="13829" respawnDelay="82" />
		<npc id="20654" x="190321" y="59126" z="-4979" heading="27537" respawnDelay="82" />
		<npc id="20654" x="190649" y="59099" z="-4979" heading="3120" respawnDelay="82" />
		<npc id="20654" x="193069" y="59408" z="-4979" heading="60699" respawnDelay="82" />
		<npc id="20654" x="193806" y="61663" z="-4983" heading="17963" respawnDelay="82" />
		<npc id="20654" x="193680" y="59833" z="-4979" heading="14125" respawnDelay="82" />
		<npc id="20654" x="185673" y="62570" z="-4979" heading="32079" respawnDelay="82" />
		<npc id="20654" x="187398" y="62584" z="-4979" heading="3104" respawnDelay="82" />
		<npc id="20654" x="188923" y="62486" z="-4979" heading="1317" respawnDelay="82" />
		<npc id="20654" x="186224" y="62063" z="-5016" heading="0" respawnDelay="82" />
		<npc id="20654" x="187515" y="61816" z="-4983" heading="17787" respawnDelay="82" />
		<npc id="20654" x="186840" y="60351" z="-5012" heading="0" respawnDelay="82" />
		<npc id="20654" x="187344" y="60529" z="-5012" heading="0" respawnDelay="82" />
		<npc id="20654" x="187257" y="61208" z="-4986" heading="28014" respawnDelay="82" />
		<npc id="20654" x="193128" y="61098" z="-6156" heading="0" respawnDelay="82" />
		<npc id="20654" x="192620" y="61065" z="-6102" heading="58393" respawnDelay="82" />
		<npc id="20654" x="192605" y="62529" z="-6102" heading="30369" respawnDelay="82" />
		<npc id="20654" x="193538" y="60504" z="-6099" heading="590" respawnDelay="82" />
		<npc id="20654" x="193153" y="61809" z="-6102" heading="48008" respawnDelay="82" />
		<npc id="20654" x="191263" y="61627" z="-6106" heading="62117" respawnDelay="82" />
		<npc id="20654" x="190382" y="61825" z="-6144" heading="0" respawnDelay="82" />
		<npc id="20654" x="190399" y="61174" z="-6103" heading="33175" respawnDelay="82" />
		<npc id="20654" x="191085" y="60935" z="-6144" heading="0" respawnDelay="82" />
		<npc id="20654" x="192307" y="62638" z="-6103" heading="15163" respawnDelay="82" />
		<npc id="20654" x="186189" y="54833" z="-4602" heading="0" respawnDelay="82" />
		<npc id="20654" x="185896" y="57807" z="-4569" heading="45222" respawnDelay="82" />
		<npc id="20654" x="187596" y="57322" z="-4569" heading="64211" respawnDelay="82" />
		<npc id="20654" x="186994" y="54477" z="-4602" heading="0" respawnDelay="82" />
		<npc id="20654" x="186414" y="57376" z="-4569" heading="13224" respawnDelay="82" />
		<npc id="20654" x="188017" y="55133" z="-4569" heading="52894" respawnDelay="82" />
		<npc id="20654" x="186491" y="54299" z="-4602" heading="0" respawnDelay="82" />
		<npc id="20654" x="185813" y="61486" z="-4155" heading="33907" respawnDelay="82" />
		<npc id="20654" x="186289" y="54299" z="-4602" heading="0" respawnDelay="82" />
		<npc id="20654" x="187929" y="55797" z="-4573" heading="45725" respawnDelay="82" />
		<npc id="20654" x="184263" y="61350" z="-3989" heading="17101" respawnDelay="82" />
		<npc id="20654" x="183390" y="62502" z="-3993" heading="25238" respawnDelay="82" />
		<npc id="20654" x="182874" y="60908" z="-4025" heading="0" respawnDelay="82" />
		<npc id="20654" x="184205" y="62257" z="-3993" heading="5616" respawnDelay="82" />
		<npc id="20654" x="183410" y="61185" z="-3993" heading="25616" respawnDelay="82" />
		<npc id="20654" x="183517" y="60746" z="-3993" heading="33001" respawnDelay="82" />
		<npc id="20654" x="183568" y="59381" z="-3993" heading="40627" respawnDelay="82" />
		<npc id="20654" x="184171" y="59184" z="-3989" heading="17137" respawnDelay="82" />
		<npc id="20654" x="183372" y="58870" z="-3989" heading="20627" respawnDelay="82" />
		<npc id="20654" x="184287" y="57841" z="-4026" heading="0" respawnDelay="82" />
		<npc id="20654" x="184345" y="58337" z="-3989" heading="43678" respawnDelay="82" />
		<npc id="20654" x="183785" y="58731" z="-4026" heading="0" respawnDelay="82" />
		<npc id="20655" x="189636" y="61573" z="-6100" heading="6530" respawnDelay="82" />
		<npc id="20655" x="188913" y="61399" z="-6106" heading="39639" respawnDelay="82" />
		<npc id="20655" x="184739" y="59992" z="-7235" heading="27530" respawnDelay="82" />
		<npc id="20655" x="187463" y="60645" z="-7235" heading="57175" respawnDelay="82" />
		<npc id="20655" x="187173" y="62268" z="-7235" heading="47636" respawnDelay="82" />
		<npc id="20655" x="187049" y="61320" z="-7235" heading="11874" respawnDelay="82" />
		<npc id="20655" x="187516" y="61218" z="-7239" heading="54067" respawnDelay="82" />
		<npc id="20655" x="187984" y="60073" z="-7235" heading="51650" respawnDelay="82" />
		<npc id="20655" x="183040" y="60007" z="-7234" heading="1771" respawnDelay="82" />
		<npc id="20655" x="183028" y="60926" z="-7276" heading="0" respawnDelay="82" />
		<npc id="20655" x="182725" y="59324" z="-7276" heading="0" respawnDelay="82" />
		<npc id="20655" x="182841" y="60733" z="-7235" heading="60914" respawnDelay="82" />
		<npc id="20655" x="183897" y="59933" z="-7235" heading="64077" respawnDelay="82" />
		<npc id="20655" x="185531" y="58762" z="-7235" heading="65420" respawnDelay="82" />
		<npc id="20655" x="185638" y="58971" z="-7235" heading="56940" respawnDelay="82" />
		<npc id="20655" x="184201" y="58617" z="-7235" heading="4100" respawnDelay="82" />
		<npc id="20655" x="184544" y="58774" z="-7235" heading="53485" respawnDelay="82" />
		<npc id="20655" x="183218" y="58726" z="-7235" heading="36924" respawnDelay="82" />
		<npc id="20655" x="183246" y="59177" z="-7276" heading="0" respawnDelay="82" />
		<npc id="20655" x="182374" y="60822" z="-7235" heading="49595" respawnDelay="82" />
		<npc id="20655" x="182372" y="61093" z="-7235" heading="48302" respawnDelay="82" />
		<npc id="20655" x="183923" y="61158" z="-7235" heading="8263" respawnDelay="82" />
		<npc id="20655" x="184861" y="60932" z="-7235" heading="46656" respawnDelay="82" />
		<npc id="20655" x="185264" y="60898" z="-7276" heading="0" respawnDelay="82" />
		<npc id="20655" x="185783" y="60544" z="-7276" heading="0" respawnDelay="82" />
		<npc id="20655" x="186202" y="61021" z="-7235" heading="29734" respawnDelay="82" />
		<npc id="20655" x="191443" y="61922" z="-7235" heading="14660" respawnDelay="82" />
		<npc id="20655" x="190191" y="61765" z="-7235" heading="15976" respawnDelay="82" />
		<npc id="20655" x="190892" y="58602" z="-7280" heading="0" respawnDelay="82" />
		<npc id="20655" x="192274" y="61402" z="-7235" heading="9882" respawnDelay="82" />
		<npc id="20655" x="190882" y="61498" z="-7242" heading="32857" respawnDelay="82" />
		<npc id="20655" x="191697" y="60026" z="-7280" heading="0" respawnDelay="82" />
		<npc id="20655" x="192759" y="59893" z="-7235" heading="31518" respawnDelay="82" />
		<npc id="20655" x="190200" y="61082" z="-7235" heading="50072" respawnDelay="82" />
		<npc id="20655" x="191294" y="59670" z="-7280" heading="0" respawnDelay="82" />
		<npc id="20655" x="191294" y="59314" z="-7280" heading="0" respawnDelay="82" />
		<npc id="20655" x="185480" y="55917" z="-7239" heading="49613" respawnDelay="82" />
		<npc id="20655" x="188163" y="57030" z="-7239" heading="53760" respawnDelay="82" />
		<npc id="20655" x="188223" y="56283" z="-7239" heading="29697" respawnDelay="82" />
		<npc id="20655" x="186818" y="55231" z="-7271" heading="0" respawnDelay="82" />
		<npc id="20655" x="186214" y="55587" z="-7271" heading="0" respawnDelay="82" />
		<npc id="20655" x="186717" y="55053" z="-7271" heading="0" respawnDelay="82" />
		<npc id="20655" x="186407" y="57478" z="-7239" heading="32728" respawnDelay="82" />
		<npc id="20655" x="187121" y="53985" z="-7271" heading="0" respawnDelay="82" />
		<npc id="20655" x="191701" y="56239" z="-7626" heading="64426" respawnDelay="82" />
		<npc id="20655" x="187192" y="57480" z="-7239" heading="22368" respawnDelay="82" />
		<npc id="20656" x="191052" y="61794" z="-4982" heading="19880" respawnDelay="82" />
		<npc id="20656" x="191800" y="59644" z="-4992" heading="0" respawnDelay="82" />
		<npc id="20656" x="191062" y="62696" z="-4979" heading="14768" respawnDelay="82" />
		<npc id="20656" x="192738" y="60810" z="-4979" heading="4645" respawnDelay="82" />
		<npc id="20656" x="190460" y="61893" z="-4979" heading="57204" respawnDelay="82" />
		<npc id="20656" x="190793" y="59644" z="-4992" heading="0" respawnDelay="82" />
		<npc id="20656" x="193373" y="61346" z="-4979" heading="50717" respawnDelay="82" />
		<npc id="20656" x="192500" y="62015" z="-4982" heading="12912" respawnDelay="82" />
		<npc id="20656" x="192535" y="62551" z="-4979" heading="15972" respawnDelay="82" />
		<npc id="20656" x="190921" y="59433" z="-4992" heading="0" respawnDelay="82" />
		<npc id="20656" x="191017" y="59790" z="-4979" heading="4285" respawnDelay="82" />
		<npc id="20656" x="190619" y="59255" z="-4992" heading="0" respawnDelay="82" />
		<npc id="20656" x="193250" y="59490" z="-4979" heading="30006" respawnDelay="82" />
		<npc id="20656" x="193596" y="59417" z="-4992" heading="0" respawnDelay="82" />
		<npc id="20656" x="193750" y="59270" z="-4979" heading="50595" respawnDelay="82" />
		<npc id="20656" x="185922" y="62953" z="-5016" heading="0" respawnDelay="82" />
		<npc id="20656" x="186526" y="62597" z="-5016" heading="0" respawnDelay="82" />
		<npc id="20656" x="190180" y="62700" z="-4983" heading="28608" respawnDelay="82" />
		<npc id="20656" x="186124" y="61885" z="-5016" heading="0" respawnDelay="82" />
		<npc id="20656" x="187139" y="60812" z="-4986" heading="33437" respawnDelay="82" />
		<npc id="20656" x="187999" y="60690" z="-4982" heading="55702" respawnDelay="82" />
		<npc id="20656" x="187891" y="61466" z="-4979" heading="15230" respawnDelay="82" />
		<npc id="20656" x="187466" y="60195" z="-4979" heading="37509" respawnDelay="82" />
		<npc id="20656" x="192311" y="61795" z="-6099" heading="61840" respawnDelay="82" />
		<npc id="20656" x="193275" y="61523" z="-6099" heading="5762" respawnDelay="82" />
		<npc id="20656" x="191412" y="61304" z="-6099" heading="51394" respawnDelay="82" />
		<npc id="20656" x="192442" y="60498" z="-6103" heading="24" respawnDelay="82" />
		<npc id="20656" x="193188" y="62560" z="-6102" heading="14260" respawnDelay="82" />
		<npc id="20656" x="190568" y="62140" z="-6102" heading="34817" respawnDelay="82" />
		<npc id="20656" x="190784" y="61469" z="-6144" heading="0" respawnDelay="82" />
		<npc id="20656" x="187635" y="62538" z="-7239" heading="34465" respawnDelay="82" />
		<npc id="20656" x="190785" y="61825" z="-6144" heading="0" respawnDelay="82" />
		<npc id="20656" x="191192" y="61772" z="-6102" heading="12986" respawnDelay="82" />
		<npc id="20656" x="186957" y="54873" z="-4569" heading="31320" respawnDelay="82" />
		<npc id="20656" x="187196" y="55189" z="-4602" heading="0" respawnDelay="82" />
		<npc id="20656" x="185679" y="55059" z="-4569" heading="45947" respawnDelay="82" />
		<npc id="20656" x="186894" y="57371" z="-4569" heading="1734" respawnDelay="82" />
		<npc id="20656" x="187824" y="56404" z="-4569" heading="64300" respawnDelay="82" />
		<npc id="20656" x="186306" y="61362" z="-4151" heading="14340" respawnDelay="82" />
		<npc id="20656" x="187296" y="54299" z="-4602" heading="0" respawnDelay="82" />
		<npc id="20656" x="185927" y="60843" z="-4151" heading="30312" respawnDelay="82" />
		<npc id="20656" x="186466" y="56546" z="-4579" heading="24422" respawnDelay="82" />
		<npc id="20656" x="185757" y="55719" z="-4573" heading="35165" respawnDelay="82" />
		<npc id="20656" x="182572" y="61447" z="-3993" heading="49511" respawnDelay="82" />
		<npc id="20656" x="184341" y="60879" z="-3989" heading="40411" respawnDelay="82" />
		<npc id="20656" x="183854" y="59401" z="-3993" heading="35891" respawnDelay="82" />
		<npc id="20656" x="183831" y="60847" z="-3989" heading="30400" respawnDelay="82" />
		<npc id="20656" x="182547" y="62172" z="-3993" heading="60419" respawnDelay="82" />
		<npc id="20656" x="183540" y="61789" z="-3993" heading="12690" respawnDelay="82" />
		<npc id="20656" x="183884" y="57841" z="-4026" heading="0" respawnDelay="82" />
		<npc id="20656" x="184992" y="58375" z="-4026" heading="0" respawnDelay="82" />
		<npc id="20656" x="184130" y="58461" z="-3989" heading="22367" respawnDelay="82" />
		<npc id="20656" x="184296" y="59006" z="-3993" heading="19461" respawnDelay="82" />
		<npc id="20656" x="184287" y="58705" z="-3989" heading="51197" respawnDelay="82" />
		<npc id="20656" x="183794" y="58339" z="-3989" heading="48922" respawnDelay="82" />
		<npc id="20657" x="189321" y="61569" z="-6102" heading="1617" respawnDelay="82" />
		<npc id="20657" x="189515" y="61147" z="-6100" heading="57603" respawnDelay="82" />
		<npc id="20657" x="189347" y="61994" z="-6102" heading="64653" respawnDelay="82" />
		<npc id="20657" x="187223" y="60944" z="-7235" heading="41365" respawnDelay="82" />
		<npc id="20657" x="186616" y="59990" z="-7236" heading="47909" respawnDelay="82" />
		<npc id="20657" x="186959" y="59901" z="-7235" heading="27932" respawnDelay="82" />
		<npc id="20657" x="187899" y="60566" z="-7235" heading="61757" respawnDelay="82" />
		<npc id="20657" x="187831" y="61620" z="-7235" heading="51658" respawnDelay="82" />
		<npc id="20657" x="187519" y="61673" z="-7235" heading="18487" respawnDelay="82" />
		<npc id="20657" x="183128" y="60748" z="-7276" heading="0" respawnDelay="82" />
		<npc id="20657" x="183228" y="59502" z="-7276" heading="0" respawnDelay="82" />
		<npc id="20657" x="183631" y="60911" z="-7235" heading="12267" respawnDelay="82" />
		<npc id="20657" x="182523" y="59324" z="-7276" heading="0" respawnDelay="82" />
		<npc id="20657" x="183394" y="58836" z="-7235" heading="61266" respawnDelay="82" />
		<npc id="20657" x="185747" y="58730" z="-7235" heading="52432" respawnDelay="82" />
		<npc id="20657" x="183981" y="59175" z="-7276" heading="0" respawnDelay="82" />
		<npc id="20657" x="183494" y="58769" z="-7235" heading="50162" respawnDelay="82" />
		<npc id="20657" x="182798" y="61203" z="-7235" heading="28006" respawnDelay="82" />
		<npc id="20657" x="183897" y="61252" z="-7276" heading="0" respawnDelay="82" />
		<npc id="20657" x="183779" y="60832" z="-7235" heading="52769" respawnDelay="82" />
		<npc id="20657" x="184982" y="60832" z="-7235" heading="16030" respawnDelay="82" />
		<npc id="20657" x="186185" y="60544" z="-7276" heading="0" respawnDelay="82" />
		<npc id="20657" x="190589" y="59136" z="-7280" heading="0" respawnDelay="82" />
		<npc id="20657" x="193557" y="59810" z="-7235" heading="49260" respawnDelay="82" />
		<npc id="20657" x="190685" y="59752" z="-7239" heading="31849" respawnDelay="82" />
		<npc id="20657" x="191414" y="60323" z="-7235" heading="18865" respawnDelay="82" />
		<npc id="20657" x="190798" y="60212" z="-7235" heading="45485" respawnDelay="82" />
		<npc id="20657" x="190992" y="58780" z="-7280" heading="0" respawnDelay="82" />
		<npc id="20657" x="192133" y="60517" z="-7235" heading="12886" respawnDelay="82" />
		<npc id="20657" x="192400" y="58780" z="-7280" heading="0" respawnDelay="82" />
		<npc id="20657" x="191294" y="58958" z="-7280" heading="0" respawnDelay="82" />
		<npc id="20657" x="191612" y="61333" z="-7265" heading="57024" respawnDelay="82" />
		<npc id="20657" x="192246" y="61949" z="-7235" heading="7904" respawnDelay="82" />
		<npc id="20657" x="187426" y="55532" z="-7239" heading="16533" respawnDelay="82" />
		<npc id="20657" x="188304" y="55647" z="-7239" heading="3400" respawnDelay="82" />
		<npc id="20657" x="191391" y="56476" z="-7623" heading="2923" respawnDelay="82" />
		<npc id="20657" x="185810" y="55231" z="-7271" heading="0" respawnDelay="82" />
		<npc id="20657" x="186297" y="56255" z="-7239" heading="19582" respawnDelay="82" />
		<npc id="20657" x="185472" y="57237" z="-7239" heading="20120" respawnDelay="82" />
		<npc id="20657" x="186807" y="55680" z="-7239" heading="31639" respawnDelay="82" />
		<npc id="20657" x="188342" y="55150" z="-7239" heading="49947" respawnDelay="82" />
		<npc id="20657" x="187804" y="56670" z="-7239" heading="32811" respawnDelay="82" />
		<npc id="20657" x="187691" y="57222" z="-7239" heading="24527" respawnDelay="82" />
		<npc id="20658" x="189041" y="61303" z="-6102" heading="2487" respawnDelay="82" />
		<npc id="20658" x="188931" y="61819" z="-6102" heading="9268" respawnDelay="82" />
		<npc id="20658" x="188941" y="61538" z="-6102" heading="49523" respawnDelay="82" />
		<npc id="20658" x="187993" y="62805" z="-7235" heading="5889" respawnDelay="82" />
		<npc id="20658" x="185516" y="59968" z="-7235" heading="32105" respawnDelay="82" />
		<npc id="20658" x="187347" y="62729" z="-7235" heading="33301" respawnDelay="82" />
		<npc id="20658" x="187576" y="60235" z="-7235" heading="52959" respawnDelay="82" />
		<npc id="20658" x="187701" y="62136" z="-7235" heading="62881" respawnDelay="82" />
		<npc id="20658" x="186172" y="59937" z="-7235" heading="31972" respawnDelay="82" />
		<npc id="20658" x="184709" y="59872" z="-7235" heading="62855" respawnDelay="82" />
		<npc id="20658" x="182664" y="60048" z="-7235" heading="2405" respawnDelay="82" />
		<npc id="20658" x="183940" y="60903" z="-7235" heading="20962" respawnDelay="82" />
		<npc id="20658" x="183329" y="60748" z="-7276" heading="0" respawnDelay="82" />
		<npc id="20658" x="182637" y="61063" z="-7235" heading="5316" respawnDelay="82" />
		<npc id="20658" x="185427" y="59199" z="-7235" heading="40191" respawnDelay="82" />
		<npc id="20658" x="185438" y="58995" z="-7276" heading="0" respawnDelay="82" />
		<npc id="20658" x="184507" y="59096" z="-7235" heading="56780" respawnDelay="82" />
		<npc id="20658" x="184384" y="58819" z="-7276" heading="0" respawnDelay="82" />
		<npc id="20658" x="183053" y="59015" z="-7235" heading="6154" respawnDelay="82" />
		<npc id="20658" x="183354" y="59059" z="-7235" heading="6863" respawnDelay="82" />
		<npc id="20658" x="182384" y="61240" z="-7235" heading="32955" respawnDelay="82" />
		<npc id="20658" x="182605" y="60845" z="-7235" heading="41580" respawnDelay="82" />
		<npc id="20658" x="184199" y="60718" z="-7276" heading="0" respawnDelay="82" />
		<npc id="20658" x="183676" y="61117" z="-7235" heading="13655" respawnDelay="82" />
		<npc id="20658" x="185018" y="61285" z="-7235" heading="6164" respawnDelay="82" />
		<npc id="20658" x="185232" y="61199" z="-7235" heading="10236" respawnDelay="82" />
		<npc id="20658" x="186190" y="60702" z="-7235" heading="17535" respawnDelay="82" />
		<npc id="20658" x="186379" y="60968" z="-7235" heading="9941" respawnDelay="82" />
		<npc id="20658" x="192022" y="56980" z="-7623" heading="50174" respawnDelay="82" />
		<npc id="20658" x="192537" y="56603" z="-7623" heading="58392" respawnDelay="82" />
		<npc id="20658" x="193178" y="61886" z="-7235" heading="15864" respawnDelay="82" />
		<npc id="20658" x="190690" y="58958" z="-7280" heading="0" respawnDelay="82" />
		<npc id="20658" x="193598" y="60735" z="-7235" heading="53187" respawnDelay="82" />
		<npc id="20658" x="191894" y="59442" z="-7235" heading="60425" respawnDelay="82" />
		<npc id="20658" x="193144" y="59506" z="-7239" heading="62359" respawnDelay="82" />
		<npc id="20658" x="190174" y="60286" z="-7235" heading="49010" respawnDelay="82" />
		<npc id="20658" x="192781" y="60411" z="-7239" heading="3747" respawnDelay="82" />
		<npc id="20658" x="190590" y="59492" z="-7280" heading="0" respawnDelay="82" />
		<npc id="20658" x="192234" y="56299" z="-7626" heading="20181" respawnDelay="82" />
		<npc id="20658" x="185789" y="56434" z="-7239" heading="20897" respawnDelay="82" />
		<npc id="20658" x="187163" y="56951" z="-7239" heading="26205" respawnDelay="82" />
		<npc id="20658" x="187018" y="54875" z="-7271" heading="0" respawnDelay="82" />
		<npc id="20658" x="186315" y="55053" z="-7271" heading="0" respawnDelay="82" />
		<npc id="20658" x="187972" y="54907" z="-7239" heading="38829" respawnDelay="82" />
		<npc id="20658" x="186416" y="55231" z="-7271" heading="0" respawnDelay="82" />
		<npc id="20658" x="186131" y="57063" z="-7239" heading="33134" respawnDelay="82" />
		<npc id="20658" x="187716" y="55394" z="-7239" heading="6409" respawnDelay="82" />
		<npc id="20658" x="187437" y="56238" z="-7241" heading="0" respawnDelay="82" />
		<npc id="20658" x="192514" y="55564" z="-7623" heading="62286" respawnDelay="82" />
		<npc id="20771" x="187887" y="60373" z="-4982" heading="45609" respawnDelay="150" />
		<npc id="20771" x="193601" y="62361" z="-6099" heading="15622" respawnDelay="150" />
		<npc id="20771" x="187134" y="60258" z="-7235" heading="3288" respawnDelay="150" />
		<npc id="20771" x="182773" y="59978" z="-7235" heading="34333" respawnDelay="150" />
		<npc id="20771" x="192931" y="61027" z="-7238" heading="5341" respawnDelay="150" />
		<npc id="20771" x="191761" y="60932" z="-7235" heading="6692" respawnDelay="150" />
		<npc id="20771" x="190999" y="61018" z="-7238" heading="7976" respawnDelay="150" />
		<npc id="20771" x="186916" y="56263" z="-7242" heading="56679" respawnDelay="150" />
		<npc id="20771" x="192737" y="56333" z="-7623" heading="65183" respawnDelay="150" />
		<npc id="20771" x="191780" y="55593" z="-7623" heading="59001" respawnDelay="150" />
		<npc id="20771" x="185748" y="56416" z="-4569" heading="47757" respawnDelay="150" />
		<npc id="20771" x="186296" y="61146" z="-4155" heading="58794" respawnDelay="150" />
		<npc id="20771" x="187981" y="57186" z="-4569" heading="16599" respawnDelay="150" />
		<npc id="20771" x="183404" y="59910" z="-3989" heading="58871" respawnDelay="150" />
		<npc id="20771" x="183343" y="57850" z="-3989" heading="42634" respawnDelay="150" />
		<npc id="21058" x="173525" y="55129" z="-4354" heading="13475" respawnDelay="150" />
		<npc id="21058" x="173903" y="62711" z="-4366" heading="65397" respawnDelay="150" />
		<npc id="21058" x="182235" y="61878" z="-3989" heading="50359" respawnDelay="150" />
		<npc id="21058" x="181684" y="59340" z="-3996" heading="62087" respawnDelay="150" />
		<npc id="21058" x="177777" y="54721" z="-3967" heading="12935" respawnDelay="150" />
		<npc id="21058" x="185156" y="48580" z="-4344" heading="21015" respawnDelay="150" />
		<npc id="21058" x="191542" y="49840" z="-4366" heading="14862" respawnDelay="150" />
		<npc id="21058" x="189896" y="53012" z="-4366" heading="28849" respawnDelay="150" />
		<npc id="21058" x="192024" y="52272" z="-4369" heading="14868" respawnDelay="150" />
		<npc id="21058" x="192426" y="52422" z="-4369" heading="26806" respawnDelay="150" />
		<npc id="21656" x="175361" y="-112289" z="-5521" heading="44934" respawnDelay="110" />
		<npc id="21656" x="175512" y="-111857" z="-5521" heading="29677" respawnDelay="110" />
		<npc id="21656" x="174668" y="-112173" z="-5501" heading="33054" respawnDelay="110" />
		<npc id="21656" x="178806" y="-113105" z="-5804" heading="58611" respawnDelay="110" />
		<npc id="21656" x="178051" y="-112955" z="-5834" heading="54978" respawnDelay="110" />
		<npc id="21656" x="178525" y="-113620" z="-5834" heading="18285" respawnDelay="110" />
		<npc id="21656" x="180270" y="-116964" z="-6170" heading="0" respawnDelay="110" />
		<npc id="21656" x="180371" y="-116786" z="-6170" heading="0" respawnDelay="110" />
		<npc id="21656" x="179968" y="-116430" z="-6170" heading="0" respawnDelay="110" />
		<npc id="21657" x="178242" y="-109055" z="-5886" heading="0" respawnDelay="110" />
		<npc id="21657" x="179216" y="-107717" z="-5834" heading="6763" respawnDelay="110" />
		<npc id="21657" x="178392" y="-108652" z="-5834" heading="52395" respawnDelay="110" />
		<npc id="21657" x="178793" y="-109557" z="-5834" heading="50754" respawnDelay="110" />
		<npc id="21657" x="178255" y="-110440" z="-5893" heading="0" respawnDelay="110" />
		<npc id="21657" x="178556" y="-109906" z="-5893" heading="0" respawnDelay="110" />
		<npc id="21657" x="182130" y="-106489" z="-6101" heading="0" respawnDelay="110" />
		<npc id="21657" x="181928" y="-106489" z="-6101" heading="0" respawnDelay="110" />
		<npc id="21657" x="181525" y="-107201" z="-6101" heading="0" respawnDelay="110" />
		<npc id="21657" x="185355" y="-109112" z="-5888" heading="35885" respawnDelay="110" />
		<npc id="21657" x="186846" y="-108788" z="-5888" heading="44506" respawnDelay="110" />
		<npc id="21657" x="187665" y="-110658" z="-5888" heading="40265" respawnDelay="110" />
		<npc id="21657" x="186833" y="-110797" z="-5888" heading="25874" respawnDelay="110" />
	</spawn>
</list>
