<?xml version="1.0" encoding="UTF-8"?>
<list enabled="true" xmlns:xsi="http://www.w3.org/2001/XMLSchema-instance" xsi:noNamespaceSchemaLocation="../xsd/spawns.xsd">
	<spawn name="MithrilMines">
		<npc id="20338" x="172618" y="-173812" z="3489" heading="25315" respawnDelay="40" />
		<npc id="20338" x="173933" y="-173363" z="3489" heading="48870" respawnDelay="40" />
		<npc id="20338" x="174575" y="-172730" z="3276" heading="0" respawnDelay="40" />
		<npc id="20338" x="175688" y="-172905" z="3152" heading="0" respawnDelay="40" />
		<npc id="20338" x="176327" y="-172842" z="3185" heading="26241" respawnDelay="40" />
		<npc id="20338" x="176808" y="-172936" z="3185" heading="18640" respawnDelay="40" />
		<npc id="20338" x="177151" y="-174006" z="3185" heading="30710" respawnDelay="40" />
		<npc id="20338" x="176807" y="-174325" z="3036" heading="0" respawnDelay="40" />
		<npc id="20338" x="176856" y="-175495" z="2848" heading="0" respawnDelay="40" />
		<npc id="20338" x="176212" y="-176219" z="2891" heading="3016" respawnDelay="40" />
		<npc id="20338" x="175358" y="-176665" z="2885" heading="42938" respawnDelay="40" />
		<npc id="20338" x="173692" y="-177276" z="2276" heading="0" respawnDelay="40" />
		<npc id="20338" x="173649" y="-176004" z="2329" heading="42372" respawnDelay="40" />
		<npc id="20338" x="174196" y="-177454" z="2276" heading="0" respawnDelay="40" />
		<npc id="20338" x="173692" y="-176564" z="2276" heading="0" respawnDelay="40" />
		<npc id="20338" x="174044" y="-177252" z="2329" heading="51245" respawnDelay="40" />
		<npc id="20338" x="174189" y="-177674" z="2132" heading="0" respawnDelay="40" />
		<npc id="20338" x="174204" y="-178841" z="1995" heading="21059" respawnDelay="40" />
		<npc id="20338" x="174440" y="-179401" z="2025" heading="40662" respawnDelay="40" />
		<npc id="20338" x="179271" y="-182992" z="-320" heading="0" respawnDelay="40" />
		<npc id="20338" x="179493" y="-182114" z="-100" heading="0" respawnDelay="40" />
		<npc id="20338" x="179205" y="-181222" z="193" heading="35660" respawnDelay="40" />
		<npc id="20338" x="178279" y="-179818" z="196" heading="0" respawnDelay="40" />
		<npc id="20338" x="179688" y="-180530" z="196" heading="0" respawnDelay="40" />
		<npc id="20338" x="179777" y="-178515" z="255" heading="15159" respawnDelay="40" />
		<npc id="20338" x="178984" y="-180352" z="196" heading="0" respawnDelay="40" />
		<npc id="20338" x="179185" y="-180352" z="196" heading="0" respawnDelay="40" />
		<npc id="20420" x="173078" y="-173814" z="3489" heading="32156" respawnDelay="40" />
		<npc id="20420" x="174521" y="-172866" z="3452" heading="34834" respawnDelay="40" />
		<npc id="20420" x="174676" y="-172908" z="3276" heading="0" respawnDelay="40" />
		<npc id="20420" x="175446" y="-172756" z="3261" heading="35084" respawnDelay="40" />
		<npc id="20420" x="176667" y="-173611" z="3144" heading="0" respawnDelay="40" />
		<npc id="20420" x="176969" y="-173433" z="3144" heading="0" respawnDelay="40" />
		<npc id="20420" x="176062" y="-173255" z="3144" heading="0" respawnDelay="40" />
		<npc id="20420" x="177231" y="-175823" z="2909" heading="51229" respawnDelay="40" />
		<npc id="20420" x="176957" y="-175317" z="2848" heading="0" respawnDelay="40" />
		<npc id="20420" x="176941" y="-176317" z="2881" heading="33774" respawnDelay="40" />
		<npc id="20420" x="175475" y="-176048" z="2885" heading="9298" respawnDelay="40" />
		<npc id="20420" x="175654" y="-176219" z="2885" heading="57582" respawnDelay="40" />
		<npc id="20420" x="174783" y="-176808" z="2329" heading="62564" respawnDelay="40" />
		<npc id="20420" x="173592" y="-177098" z="2276" heading="0" respawnDelay="40" />
		<npc id="20420" x="173342" y="-176132" z="2329" heading="12217" respawnDelay="40" />
		<npc id="20420" x="174239" y="-176854" z="2329" heading="62180" respawnDelay="40" />
		<npc id="20420" x="174909" y="-176456" z="2329" heading="12058" respawnDelay="40" />
		<npc id="20420" x="173988" y="-178030" z="2132" heading="0" respawnDelay="40" />
		<npc id="20420" x="174398" y="-179345" z="2025" heading="42461" respawnDelay="40" />
		<npc id="20420" x="174784" y="-179488" z="1972" heading="0" respawnDelay="40" />
		<npc id="20420" x="178969" y="-182458" z="-320" heading="0" respawnDelay="40" />
		<npc id="20420" x="179091" y="-181758" z="-100" heading="0" respawnDelay="40" />
		<npc id="20420" x="179389" y="-181187" z="112" heading="0" respawnDelay="40" />
		<npc id="20420" x="179339" y="-180107" z="255" heading="47594" respawnDelay="40" />
		<npc id="20420" x="179441" y="-178601" z="225" heading="16768" respawnDelay="40" />
		<npc id="20420" x="179441" y="-179450" z="255" heading="15625" respawnDelay="40" />
		<npc id="20420" x="179185" y="-180708" z="196" heading="0" respawnDelay="40" />
		<npc id="20420" x="179689" y="-179818" z="196" heading="0" respawnDelay="40" />
		<npc id="20421" x="175541" y="-180068" z="1984" heading="0" respawnDelay="40" />
		<npc id="20421" x="177449" y="-179818" z="2025" heading="21400" respawnDelay="40" />
		<npc id="20421" x="176346" y="-180424" z="1984" heading="0" respawnDelay="40" />
		<npc id="20421" x="176199" y="-179608" z="2025" heading="33934" respawnDelay="40" />
		<npc id="20421" x="176674" y="-178741" z="1824" heading="0" respawnDelay="40" />
		<npc id="20421" x="176746" y="-177731" z="1684" heading="0" respawnDelay="40" />
		<npc id="20421" x="176922" y="-176536" z="1618" heading="51215" respawnDelay="40" />
		<npc id="20421" x="177012" y="-176060" z="1484" heading="12873" respawnDelay="40" />
		<npc id="20421" x="177447" y="-174752" z="1354" heading="16845" respawnDelay="40" />
		<npc id="20421" x="177819" y="-178691" z="1050" heading="48568" respawnDelay="40" />
		<npc id="20421" x="177750" y="-179110" z="1050" heading="3819" respawnDelay="40" />
		<npc id="20421" x="176227" y="-179346" z="1050" heading="652" respawnDelay="40" />
		<npc id="20421" x="173943" y="-179493" z="1050" heading="31288" respawnDelay="40" />
		<npc id="20421" x="175669" y="-179376" z="1051" heading="60468" respawnDelay="40" />
		<npc id="20421" x="174624" y="-180422" z="988" heading="0" respawnDelay="40" />
		<npc id="20421" x="174121" y="-180244" z="988" heading="0" respawnDelay="40" />
		<npc id="20421" x="174750" y="-179136" z="1050" heading="27358" respawnDelay="40" />
		<npc id="20421" x="173963" y="-178387" z="820" heading="0" respawnDelay="40" />
		<npc id="20421" x="173837" y="-177533" z="704" heading="0" respawnDelay="40" />
		<npc id="20421" x="174042" y="-176759" z="716" heading="57112" respawnDelay="40" />
		<npc id="20421" x="174638" y="-176355" z="592" heading="0" respawnDelay="40" />
		<npc id="20421" x="175522" y="-176336" z="396" heading="0" respawnDelay="40" />
		<npc id="20421" x="179979" y="-174025" z="-235" heading="39148" respawnDelay="40" />
		<npc id="20421" x="179720" y="-176168" z="396" heading="0" respawnDelay="40" />
		<npc id="20421" x="178992" y="-174164" z="-288" heading="0" respawnDelay="40" />
		<npc id="20421" x="178635" y="-173682" z="-235" heading="33713" respawnDelay="40" />
		<npc id="20421" x="179093" y="-173986" z="-288" heading="0" respawnDelay="40" />
		<npc id="20421" x="179494" y="-173274" z="-288" heading="0" respawnDelay="40" />
		<npc id="20421" x="179395" y="-174520" z="-288" heading="0" respawnDelay="40" />
		<npc id="20421" x="177081" y="-173727" z="-265" heading="23447" respawnDelay="40" />
		<npc id="20421" x="178166" y="-173654" z="-235" heading="2984" respawnDelay="40" />
		<npc id="20421" x="174614" y="-174310" z="-320" heading="0" respawnDelay="40" />
		<npc id="20421" x="175720" y="-173420" z="-320" heading="0" respawnDelay="40" />
		<npc id="20421" x="175549" y="-173792" z="-235" heading="17431" respawnDelay="40" />
		<npc id="20421" x="176168" y="-173833" z="-235" heading="50720" respawnDelay="40" />
		<npc id="20421" x="175848" y="-175528" z="-235" heading="50668" respawnDelay="40" />
		<npc id="20421" x="175189" y="-178500" z="-564" heading="0" respawnDelay="40" />
		<npc id="20421" x="175592" y="-178856" z="-564" heading="0" respawnDelay="40" />
		<npc id="20421" x="175632" y="-177695" z="-515" heading="45740" respawnDelay="40" />
		<npc id="20424" x="172969" y="-174553" z="3444" heading="0" respawnDelay="40" />
		<npc id="20424" x="173830" y="-173867" z="3489" heading="45538" respawnDelay="40" />
		<npc id="20424" x="174170" y="-172973" z="3489" heading="9569" respawnDelay="40" />
		<npc id="20424" x="174575" y="-173086" z="3276" heading="0" respawnDelay="40" />
		<npc id="20424" x="175185" y="-173083" z="3152" heading="0" respawnDelay="40" />
		<npc id="20424" x="176566" y="-173789" z="3144" heading="0" respawnDelay="40" />
		<npc id="20424" x="176364" y="-173077" z="3144" heading="0" respawnDelay="40" />
		<npc id="20424" x="177136" y="-174903" z="3068" heading="15684" respawnDelay="40" />
		<npc id="20424" x="177108" y="-175891" z="2881" heading="64800" respawnDelay="40" />
		<npc id="20424" x="176626" y="-176323" z="2881" heading="64484" respawnDelay="40" />
		<npc id="20424" x="175520" y="-176426" z="2885" heading="45851" respawnDelay="40" />
		<npc id="20424" x="175366" y="-176307" z="2885" heading="12512" respawnDelay="40" />
		<npc id="20424" x="173449" y="-176290" z="2329" heading="17350" respawnDelay="40" />
		<npc id="20424" x="174196" y="-177098" z="2276" heading="0" respawnDelay="40" />
		<npc id="20424" x="174196" y="-176386" z="2276" heading="0" respawnDelay="40" />
		<npc id="20424" x="174888" y="-176139" z="2329" heading="12686" respawnDelay="40" />
		<npc id="20424" x="174170" y="-178265" z="2160" heading="13794" respawnDelay="40" />
		<npc id="20424" x="174082" y="-179170" z="2025" heading="44846" respawnDelay="40" />
		<npc id="20424" x="174904" y="-179625" z="2025" heading="12161" respawnDelay="40" />
		<npc id="20424" x="179070" y="-182992" z="-320" heading="0" respawnDelay="40" />
		<npc id="20424" x="179091" y="-182114" z="-100" heading="0" respawnDelay="40" />
		<npc id="20424" x="179087" y="-181365" z="112" heading="0" respawnDelay="40" />
		<npc id="20424" x="178984" y="-180708" z="196" heading="0" respawnDelay="40" />
		<npc id="20424" x="180191" y="-180352" z="196" heading="0" respawnDelay="40" />
		<npc id="20424" x="179809" y="-179154" z="255" heading="35289" respawnDelay="40" />
		<npc id="20424" x="179185" y="-179284" z="196" heading="0" respawnDelay="40" />
		<npc id="20424" x="178379" y="-179640" z="196" heading="0" respawnDelay="40" />
		<npc id="21132" x="177613" y="-179436" z="2025" heading="57865" respawnDelay="40" />
		<npc id="21132" x="176245" y="-180246" z="1984" heading="0" respawnDelay="40" />
		<npc id="21132" x="176548" y="-179712" z="1984" heading="0" respawnDelay="40" />
		<npc id="21132" x="176808" y="-179008" z="2025" heading="50779" respawnDelay="40" />
		<npc id="21132" x="175931" y="-179722" z="2025" heading="42455" respawnDelay="40" />
		<npc id="21132" x="177177" y="-178563" z="1824" heading="0" respawnDelay="40" />
		<npc id="21132" x="176961" y="-177705" z="1818" heading="50777" respawnDelay="40" />
		<npc id="21132" x="177215" y="-175444" z="1354" heading="15339" respawnDelay="40" />
		<npc id="21132" x="177247" y="-174659" z="1354" heading="25061" respawnDelay="40" />
		<npc id="21132" x="177761" y="-176067" z="1354" heading="50082" respawnDelay="40" />
		<npc id="21132" x="177821" y="-177610" z="1104" heading="0" respawnDelay="40" />
		<npc id="21132" x="177662" y="-179275" z="1000" heading="0" respawnDelay="40" />
		<npc id="21132" x="176722" y="-179521" z="1004" heading="0" respawnDelay="40" />
		<npc id="21132" x="174054" y="-179034" z="1050" heading="40195" respawnDelay="40" />
		<npc id="21132" x="175127" y="-180244" z="988" heading="0" respawnDelay="40" />
		<npc id="21132" x="174523" y="-180600" z="988" heading="0" respawnDelay="40" />
		<npc id="21132" x="174825" y="-180066" z="988" heading="0" respawnDelay="40" />
		<npc id="21132" x="174404" y="-179427" z="1050" heading="56592" respawnDelay="40" />
		<npc id="21132" x="174926" y="-180600" z="988" heading="0" respawnDelay="40" />
		<npc id="21132" x="173761" y="-178031" z="820" heading="0" respawnDelay="40" />
		<npc id="21132" x="174030" y="-177164" z="791" heading="48843" respawnDelay="40" />
		<npc id="21132" x="174632" y="-176238" z="724" heading="34110" respawnDelay="40" />
		<npc id="21132" x="175261" y="-176148" z="640" heading="34852" respawnDelay="40" />
		<npc id="21132" x="175925" y="-175980" z="396" heading="0" respawnDelay="40" />
		<npc id="21132" x="175753" y="-175992" z="533" heading="25214" respawnDelay="40" />
		<npc id="21132" x="180052" y="-177522" z="204" heading="0" respawnDelay="40" />
		<npc id="21132" x="179899" y="-175020" z="564" heading="50133" respawnDelay="40" />
		<npc id="21132" x="178992" y="-172740" z="-288" heading="0" respawnDelay="40" />
		<npc id="21132" x="179898" y="-173630" z="-288" heading="0" respawnDelay="40" />
		<npc id="21132" x="179023" y="-173707" z="-235" heading="38679" respawnDelay="40" />
		<npc id="21132" x="179495" y="-174342" z="-288" heading="0" respawnDelay="40" />
		<npc id="21132" x="180290" y="-173246" z="-235" heading="31117" respawnDelay="40" />
		<npc id="21132" x="180317" y="-172916" z="-235" heading="6260" respawnDelay="40" />
		<npc id="21132" x="178213" y="-173264" z="-288" heading="0" respawnDelay="40" />
		<npc id="21132" x="178012" y="-173264" z="-288" heading="0" respawnDelay="40" />
		<npc id="21132" x="175519" y="-173420" z="-320" heading="0" respawnDelay="40" />
		<npc id="21132" x="175620" y="-173954" z="-320" heading="0" respawnDelay="40" />
		<npc id="21132" x="174715" y="-174132" z="-320" heading="0" respawnDelay="40" />
		<npc id="21132" x="175721" y="-174488" z="-320" heading="0" respawnDelay="40" />
		<npc id="21132" x="175319" y="-173776" z="-320" heading="0" respawnDelay="40" />
		<npc id="21132" x="175698" y="-175228" z="-320" heading="0" respawnDelay="40" />
		<npc id="21132" x="176101" y="-175584" z="-320" heading="0" respawnDelay="40" />
		<npc id="21132" x="176574" y="-178138" z="-515" heading="60950" respawnDelay="40" />
		<npc id="21132" x="175592" y="-178500" z="-564" heading="0" respawnDelay="40" />
		<npc id="21132" x="175793" y="-178144" z="-564" heading="0" respawnDelay="40" />
		<npc id="21133" x="177054" y="-176086" z="442" heading="6134" respawnDelay="40" />
		<npc id="21133" x="177139" y="-177212" z="342" heading="16113" respawnDelay="40" />
		<npc id="21133" x="176932" y="-178833" z="64" heading="0" respawnDelay="40" />
		<npc id="21133" x="177103" y="-179378" z="138" heading="14662" respawnDelay="40" />
		<npc id="21133" x="173507" y="-184185" z="-1896" heading="43198" respawnDelay="40" />
		<npc id="21133" x="173586" y="-183321" z="-1896" heading="17909" respawnDelay="40" />
		<npc id="21133" x="175822" y="-185100" z="-1896" heading="64521" respawnDelay="40" />
		<npc id="21133" x="177954" y="-184099" z="-1896" heading="52122" respawnDelay="40" />
		<npc id="21133" x="178273" y="-182570" z="-1896" heading="54809" respawnDelay="40" />
		<npc id="21133" x="178135" y="-183446" z="-1896" heading="49677" respawnDelay="40" />
		<npc id="21133" x="177623" y="-183287" z="-1972" heading="0" respawnDelay="40" />
		<npc id="21133" x="178153" y="-181673" z="-1896" heading="51713" respawnDelay="40" />
		<npc id="21133" x="177593" y="-180157" z="-1992" heading="0" respawnDelay="40" />
		<npc id="21133" x="177324" y="-179096" z="-2128" heading="0" respawnDelay="40" />
		<npc id="21133" x="177088" y="-178100" z="-2288" heading="0" respawnDelay="40" />
		<npc id="21133" x="177296" y="-176916" z="-2488" heading="0" respawnDelay="40" />
		<npc id="21133" x="178162" y="-174932" z="-2418" heading="35121" respawnDelay="40" />
		<npc id="21133" x="178306" y="-178493" z="-716" heading="0" respawnDelay="40" />
		<npc id="21133" x="179595" y="-178410" z="-920" heading="0" respawnDelay="40" />
		<npc id="21133" x="180299" y="-178232" z="-920" heading="0" respawnDelay="40" />
		<npc id="21133" x="181946" y="-178633" z="-832" heading="0" respawnDelay="40" />
		<npc id="21133" x="182441" y="-179329" z="-848" heading="50179" respawnDelay="40" />
		<npc id="21133" x="182471" y="-180435" z="-1087" heading="49434" respawnDelay="40" />
		<npc id="21133" x="183387" y="-181395" z="-1653" heading="3944" respawnDelay="40" />
		<npc id="21133" x="182320" y="-181606" z="-1692" heading="0" respawnDelay="40" />
		<npc id="21133" x="183381" y="-183183" z="-1653" heading="38281" respawnDelay="40" />
		<npc id="21133" x="182081" y="-183130" z="-1653" heading="31074" respawnDelay="40" />
		<npc id="21133" x="182818" y="-183145" z="-1653" heading="37996" respawnDelay="40" />
		<npc id="21133" x="179962" y="-184431" z="-1896" heading="48648" respawnDelay="40" />
		<npc id="21133" x="180715" y="-184086" z="-1882" heading="54559" respawnDelay="40" />
		<npc id="21133" x="180183" y="-183223" z="-1944" heading="0" respawnDelay="40" />
		<npc id="21133" x="179578" y="-183935" z="-1944" heading="0" respawnDelay="40" />
		<npc id="21133" x="180683" y="-182022" z="-1940" heading="0" respawnDelay="40" />
		<npc id="21133" x="178986" y="-180846" z="-1896" heading="30011" respawnDelay="40" />
		<npc id="21133" x="178805" y="-180489" z="-1948" heading="0" respawnDelay="40" />
		<npc id="21133" x="179208" y="-180845" z="-1948" heading="0" respawnDelay="40" />
		<npc id="21133" x="180374" y="-180120" z="-1926" heading="64257" respawnDelay="40" />
		<npc id="21133" x="180553" y="-178964" z="-1940" heading="0" respawnDelay="40" />
		<npc id="21134" x="176752" y="-176359" z="364" heading="0" respawnDelay="40" />
		<npc id="21134" x="177038" y="-176553" z="442" heading="57105" respawnDelay="40" />
		<npc id="21134" x="177148" y="-178525" z="138" heading="17852" respawnDelay="40" />
		<npc id="21134" x="176895" y="-179666" z="92" heading="0" respawnDelay="40" />
		<npc id="21134" x="174177" y="-184106" z="-1988" heading="0" respawnDelay="40" />
		<npc id="21134" x="173837" y="-184794" z="-1932" heading="0" respawnDelay="40" />
		<npc id="21134" x="176764" y="-185040" z="-1896" heading="64272" respawnDelay="40" />
		<npc id="21134" x="178629" y="-183999" z="-1972" heading="0" respawnDelay="40" />
		<npc id="21134" x="178630" y="-183643" z="-1972" heading="0" respawnDelay="40" />
		<npc id="21134" x="178552" y="-182952" z="-1896" heading="58877" respawnDelay="40" />
		<npc id="21134" x="177815" y="-183535" z="-1896" heading="28528" respawnDelay="40" />
		<npc id="21134" x="178119" y="-180713" z="-1944" heading="0" respawnDelay="40" />
		<npc id="21134" x="177732" y="-179731" z="-1896" heading="52552" respawnDelay="40" />
		<npc id="21134" x="178097" y="-179623" z="-1992" heading="0" respawnDelay="40" />
		<npc id="21134" x="177223" y="-178918" z="-2128" heading="0" respawnDelay="40" />
		<npc id="21134" x="176887" y="-177744" z="-2288" heading="0" respawnDelay="40" />
		<npc id="21134" x="177397" y="-176738" z="-2488" heading="0" respawnDelay="40" />
		<npc id="21134" x="178486" y="-174858" z="-2418" heading="2343" respawnDelay="40" />
		<npc id="21134" x="178602" y="-174985" z="-2418" heading="1316" respawnDelay="40" />
		<npc id="21134" x="178507" y="-178137" z="-716" heading="0" respawnDelay="40" />
		<npc id="21134" x="179998" y="-178054" z="-920" heading="0" respawnDelay="40" />
		<npc id="21134" x="179696" y="-178588" z="-920" heading="0" respawnDelay="40" />
		<npc id="21134" x="181351" y="-178163" z="-783" heading="46905" respawnDelay="40" />
		<npc id="21134" x="182183" y="-178193" z="-783" heading="63467" respawnDelay="40" />
		<npc id="21134" x="182497" y="-178883" z="-940" heading="0" respawnDelay="40" />
		<npc id="21134" x="182082" y="-180265" z="-1144" heading="0" respawnDelay="40" />
		<npc id="21134" x="182752" y="-181307" z="-1653" heading="1593" respawnDelay="40" />
		<npc id="21134" x="183731" y="-181945" z="-1653" heading="1025" respawnDelay="40" />
		<npc id="21134" x="182906" y="-181597" z="-1653" heading="28297" respawnDelay="40" />
		<npc id="21134" x="183682" y="-182911" z="-1653" heading="47192" respawnDelay="40" />
		<npc id="21134" x="182755" y="-183556" z="-1692" heading="0" respawnDelay="40" />
		<npc id="21134" x="182352" y="-183556" z="-1692" heading="0" respawnDelay="40" />
		<npc id="21134" x="180475" y="-184266" z="-1896" heading="52485" respawnDelay="40" />
		<npc id="21134" x="179796" y="-182827" z="-1896" heading="26207" respawnDelay="40" />
		<npc id="21134" x="180004" y="-183673" z="-1896" heading="46556" respawnDelay="40" />
		<npc id="21134" x="180158" y="-182704" z="-1896" heading="6062" respawnDelay="40" />
		<npc id="21134" x="180818" y="-182404" z="-1896" heading="12300" respawnDelay="40" />
		<npc id="21134" x="180683" y="-181310" z="-1940" heading="0" respawnDelay="40" />
		<npc id="21134" x="180819" y="-181822" z="-1896" heading="43040" respawnDelay="40" />
		<npc id="21134" x="179529" y="-180945" z="-1896" heading="36853" respawnDelay="40" />
		<npc id="21134" x="179108" y="-179955" z="-1948" heading="0" respawnDelay="40" />
		<npc id="21134" x="179376" y="-180206" z="-1896" heading="5405" respawnDelay="40" />
		<npc id="21134" x="180653" y="-178786" z="-1940" heading="0" respawnDelay="40" />
		<npc id="21134" x="181110" y="-178457" z="-1896" heading="14288" respawnDelay="40" />
		<npc id="21135" x="176853" y="-176181" z="364" heading="0" respawnDelay="40" />
		<npc id="21135" x="176954" y="-175647" z="364" heading="0" respawnDelay="40" />
		<npc id="21135" x="177014" y="-176762" z="304" heading="0" respawnDelay="40" />
		<npc id="21135" x="176831" y="-178655" z="64" heading="0" respawnDelay="40" />
		<npc id="21135" x="177119" y="-179678" z="138" heading="42812" respawnDelay="40" />
		<npc id="21135" x="176382" y="-179709" z="138" heading="25430" respawnDelay="40" />
		<npc id="21135" x="173774" y="-184462" z="-1988" heading="0" respawnDelay="40" />
		<npc id="21135" x="173975" y="-184106" z="-1988" heading="0" respawnDelay="40" />
		<npc id="21135" x="174542" y="-184972" z="-1932" heading="0" respawnDelay="40" />
		<npc id="21135" x="174049" y="-185008" z="-1896" heading="54309" respawnDelay="40" />
		<npc id="21135" x="175555" y="-184955" z="-1944" heading="0" respawnDelay="40" />
		<npc id="21135" x="175185" y="-184939" z="-1896" heading="6753" respawnDelay="40" />
		<npc id="21135" x="178126" y="-183109" z="-1972" heading="0" respawnDelay="40" />
		<npc id="21135" x="178328" y="-183821" z="-1972" heading="0" respawnDelay="40" />
		<npc id="21135" x="177523" y="-183465" z="-1972" heading="0" respawnDelay="40" />
		<npc id="21135" x="178026" y="-183643" z="-1972" heading="0" respawnDelay="40" />
		<npc id="21135" x="178730" y="-183821" z="-1972" heading="0" respawnDelay="40" />
		<npc id="21135" x="178103" y="-180222" z="-1896" heading="16738" respawnDelay="40" />
		<npc id="21135" x="177895" y="-179979" z="-1992" heading="0" respawnDelay="40" />
		<npc id="21135" x="177626" y="-178918" z="-2128" heading="0" respawnDelay="40" />
		<npc id="21135" x="177189" y="-177566" z="-2288" heading="0" respawnDelay="40" />
		<npc id="21135" x="177497" y="-176916" z="-2488" heading="0" respawnDelay="40" />
		<npc id="21135" x="178253" y="-175274" z="-2488" heading="0" respawnDelay="40" />
		<npc id="21135" x="178608" y="-178315" z="-716" heading="0" respawnDelay="40" />
		<npc id="21135" x="178910" y="-178137" z="-716" heading="0" respawnDelay="40" />
		<npc id="21135" x="180501" y="-178944" z="-920" heading="0" respawnDelay="40" />
		<npc id="21135" x="180099" y="-178588" z="-920" heading="0" respawnDelay="40" />
		<npc id="21135" x="182390" y="-178813" z="-783" heading="52253" respawnDelay="40" />
		<npc id="21135" x="182396" y="-179061" z="-940" heading="0" respawnDelay="40" />
		<npc id="21135" x="182475" y="-179810" z="-963" heading="15459" respawnDelay="40" />
		<npc id="21135" x="182723" y="-182318" z="-1692" heading="0" respawnDelay="40" />
		<npc id="21135" x="182924" y="-182318" z="-1692" heading="0" respawnDelay="40" />
		<npc id="21135" x="182723" y="-181962" z="-1692" heading="0" respawnDelay="40" />
		<npc id="21135" x="183755" y="-182527" z="-1653" heading="49713" respawnDelay="40" />
		<npc id="21135" x="182856" y="-183734" z="-1692" heading="0" respawnDelay="40" />
		<npc id="21135" x="182554" y="-183556" z="-1692" heading="0" respawnDelay="40" />
		<npc id="21135" x="180540" y="-182607" z="-1896" heading="12588" respawnDelay="40" />
		<npc id="21135" x="179825" y="-183477" z="-1896" heading="36514" respawnDelay="40" />
		<npc id="21135" x="180294" y="-183699" z="-1896" heading="45922" respawnDelay="40" />
		<npc id="21135" x="180283" y="-184469" z="-1944" heading="0" respawnDelay="40" />
		<npc id="21135" x="179754" y="-184142" z="-1896" heading="43682" respawnDelay="40" />
		<npc id="21135" x="180582" y="-181488" z="-1940" heading="0" respawnDelay="40" />
		<npc id="21135" x="179869" y="-181081" z="-1896" heading="30226" respawnDelay="40" />
		<npc id="21135" x="180155" y="-181064" z="-1944" heading="0" respawnDelay="40" />
		<npc id="21135" x="179457" y="-181020" z="-1896" heading="60827" respawnDelay="40" />
		<npc id="21135" x="179309" y="-181023" z="-1948" heading="0" respawnDelay="40" />
		<npc id="21135" x="181157" y="-179676" z="-1940" heading="0" respawnDelay="40" />
		<npc id="21135" x="181089" y="-179015" z="-1896" heading="14441" respawnDelay="40" />
		<npc id="21136" x="180602" y="-174607" z="-3567" heading="17372" respawnDelay="40" />
		<npc id="21136" x="181811" y="-175579" z="-3620" heading="0" respawnDelay="40" />
		<npc id="21136" x="181057" y="-175002" z="-3567" heading="58578" respawnDelay="40" />
		<npc id="21136" x="180602" y="-175579" z="-3620" heading="0" respawnDelay="40" />
		<npc id="21136" x="181111" y="-172840" z="-2801" heading="41045" respawnDelay="40" />
		<npc id="21136" x="182198" y="-172772" z="-3180" heading="0" respawnDelay="40" />
		<npc id="21136" x="182784" y="-172797" z="-3300" heading="0" respawnDelay="40" />
		<npc id="21136" x="184268" y="-172518" z="-3527" heading="4392" respawnDelay="40" />
		<npc id="21136" x="184848" y="-172939" z="-3567" heading="54211" respawnDelay="40" />
		<npc id="21136" x="184698" y="-174770" z="-3567" heading="48072" respawnDelay="40" />
		<npc id="21136" x="181797" y="-175127" z="-3567" heading="34656" respawnDelay="40" />
		<npc id="21136" x="186044" y="-172766" z="-3932" heading="0" respawnDelay="40" />
		<npc id="21136" x="186996" y="-176038" z="-3928" heading="0" respawnDelay="40" />
		<npc id="21136" x="186283" y="-174946" z="-3871" heading="22273" respawnDelay="40" />
		<npc id="21136" x="187445" y="-175423" z="-3928" heading="0" respawnDelay="40" />
		<npc id="21136" x="187181" y="-177078" z="-3567" heading="63834" respawnDelay="40" />
		<npc id="21136" x="187511" y="-176031" z="-3636" heading="0" respawnDelay="40" />
		<npc id="21136" x="186312" y="-176817" z="-3632" heading="0" respawnDelay="40" />
		<npc id="21136" x="185867" y="-175607" z="-3593" heading="46476" respawnDelay="40" />
		<npc id="21136" x="186942" y="-178778" z="-3652" heading="0" respawnDelay="40" />
		<npc id="21136" x="186740" y="-178066" z="-3652" heading="0" respawnDelay="40" />
		<npc id="21136" x="184600" y="-179907" z="-3692" heading="0" respawnDelay="40" />
		<npc id="21136" x="187079" y="-182166" z="-3297" heading="55172" respawnDelay="40" />
		<npc id="21136" x="185856" y="-180595" z="-3601" heading="51499" respawnDelay="40" />
		<npc id="21136" x="186345" y="-181330" z="-3418" heading="55636" respawnDelay="40" />
		<npc id="21136" x="184576" y="-181890" z="-3812" heading="0" respawnDelay="40" />
		<npc id="21136" x="184475" y="-181000" z="-3812" heading="0" respawnDelay="40" />
		<npc id="21136" x="185855" y="-182178" z="-3692" heading="0" respawnDelay="40" />
		<npc id="21136" x="187063" y="-182178" z="-3692" heading="0" respawnDelay="40" />
		<npc id="21136" x="186057" y="-181110" z="-3692" heading="0" respawnDelay="40" />
		<npc id="21136" x="186963" y="-182000" z="-3692" heading="0" respawnDelay="40" />
		<npc id="21136" x="186183" y="-185475" z="-3309" heading="17301" respawnDelay="40" />
		<npc id="21136" x="185835" y="-184512" z="-3309" heading="26944" respawnDelay="40" />
		<npc id="21136" x="186250" y="-182614" z="-3257" heading="12762" respawnDelay="40" />
		<npc id="21136" x="185485" y="-183747" z="-3376" heading="0" respawnDelay="40" />
		<npc id="21136" x="184653" y="-184277" z="-3309" heading="31595" respawnDelay="40" />
		<npc id="21136" x="186757" y="-184876" z="-3309" heading="2621" respawnDelay="40" />
		<npc id="21136" x="186189" y="-187090" z="-3420" heading="0" respawnDelay="40" />
		<npc id="21136" x="186189" y="-186378" z="-3420" heading="0" respawnDelay="40" />
		<npc id="21136" x="186793" y="-187090" z="-3420" heading="0" respawnDelay="40" />
		<npc id="21136" x="181078" y="-184741" z="-3507" heading="25861" respawnDelay="40" />
		<npc id="21136" x="181157" y="-186592" z="-3584" heading="0" respawnDelay="40" />
		<npc id="21136" x="181056" y="-185702" z="-3584" heading="0" respawnDelay="40" />
		<npc id="21136" x="181359" y="-185880" z="-3584" heading="0" respawnDelay="40" />
		<npc id="21136" x="182139" y="-185058" z="-3507" heading="54441" respawnDelay="40" />
		<npc id="21136" x="177863" y="-185082" z="-3721" heading="34726" respawnDelay="40" />
		<npc id="21136" x="176052" y="-186806" z="-3796" heading="0" respawnDelay="40" />
		<npc id="21136" x="175448" y="-186450" z="-3796" heading="0" respawnDelay="40" />
		<npc id="21136" x="175146" y="-186272" z="-3796" heading="0" respawnDelay="40" />
		<npc id="21136" x="176354" y="-185916" z="-3796" heading="0" respawnDelay="40" />
		<npc id="21136" x="175850" y="-186094" z="-3796" heading="0" respawnDelay="40" />
		<npc id="21137" x="183427" y="-174950" z="-3567" heading="31981" respawnDelay="40" />
		<npc id="21137" x="182014" y="-174867" z="-3620" heading="0" respawnDelay="40" />
		<npc id="21137" x="180905" y="-174689" z="-3620" heading="0" respawnDelay="40" />
		<npc id="21137" x="181503" y="-175710" z="-3567" heading="64381" respawnDelay="40" />
		<npc id="21137" x="180826" y="-175380" z="-3567" heading="52329" respawnDelay="40" />
		<npc id="21137" x="181027" y="-172791" z="-2844" heading="0" respawnDelay="40" />
		<npc id="21137" x="181496" y="-172782" z="-2988" heading="0" respawnDelay="40" />
		<npc id="21137" x="182733" y="-172484" z="-2994" heading="62737" respawnDelay="40" />
		<npc id="21137" x="183300" y="-172793" z="-3464" heading="0" respawnDelay="40" />
		<npc id="21137" x="184723" y="-172579" z="-3567" heading="706" respawnDelay="40" />
		<npc id="21137" x="185298" y="-174467" z="-3608" heading="0" respawnDelay="40" />
		<npc id="21137" x="182510" y="-175077" z="-3620" heading="0" respawnDelay="40" />
		<npc id="21137" x="186781" y="-172674" z="-3871" heading="12104" respawnDelay="40" />
		<npc id="21137" x="186895" y="-175860" z="-3928" heading="0" respawnDelay="40" />
		<npc id="21137" x="186454" y="-175072" z="-3871" heading="50941" respawnDelay="40" />
		<npc id="21137" x="187344" y="-174889" z="-3928" heading="0" respawnDelay="40" />
		<npc id="21137" x="187052" y="-176508" z="-3562" heading="40543" respawnDelay="40" />
		<npc id="21137" x="186312" y="-176461" z="-3632" heading="0" respawnDelay="40" />
		<npc id="21137" x="186627" y="-176379" z="-3567" heading="59172" respawnDelay="40" />
		<npc id="21137" x="186185" y="-176070" z="-3562" heading="53632" respawnDelay="40" />
		<npc id="21137" x="186841" y="-178244" z="-3652" heading="0" respawnDelay="40" />
		<npc id="21137" x="186337" y="-178066" z="-3652" heading="0" respawnDelay="40" />
		<npc id="21137" x="185104" y="-180441" z="-3692" heading="0" respawnDelay="40" />
		<npc id="21137" x="185003" y="-179195" z="-3692" heading="0" respawnDelay="40" />
		<npc id="21137" x="185103" y="-179729" z="-3692" heading="0" respawnDelay="40" />
		<npc id="21137" x="184701" y="-180085" z="-3692" heading="0" respawnDelay="40" />
		<npc id="21137" x="185003" y="-180263" z="-3692" heading="0" respawnDelay="40" />
		<npc id="21137" x="184274" y="-181000" z="-3812" heading="0" respawnDelay="40" />
		<npc id="21137" x="184073" y="-181000" z="-3812" heading="0" respawnDelay="40" />
		<npc id="21137" x="184778" y="-180466" z="-3812" heading="0" respawnDelay="40" />
		<npc id="21137" x="185453" y="-181110" z="-3692" heading="0" respawnDelay="40" />
		<npc id="21137" x="186258" y="-181466" z="-3692" heading="0" respawnDelay="40" />
		<npc id="21137" x="186762" y="-182356" z="-3692" heading="0" respawnDelay="40" />
		<npc id="21137" x="186057" y="-181466" z="-3692" heading="0" respawnDelay="40" />
		<npc id="21137" x="186057" y="-181822" z="-3692" heading="0" respawnDelay="40" />
		<npc id="21137" x="185757" y="-185902" z="-3309" heading="46043" respawnDelay="40" />
		<npc id="21137" x="187047" y="-183374" z="-3270" heading="54171" respawnDelay="40" />
		<npc id="21137" x="184820" y="-183790" z="-3309" heading="36089" respawnDelay="40" />
		<npc id="21137" x="186720" y="-182644" z="-3273" heading="41910" respawnDelay="40" />
		<npc id="21137" x="185786" y="-184993" z="-3376" heading="0" respawnDelay="40" />
		<npc id="21137" x="187077" y="-184030" z="-3309" heading="49628" respawnDelay="40" />
		<npc id="21137" x="186592" y="-186378" z="-3420" heading="0" respawnDelay="40" />
		<npc id="21137" x="185786" y="-186734" z="-3420" heading="0" respawnDelay="40" />
		<npc id="21137" x="186592" y="-186734" z="-3420" heading="0" respawnDelay="40" />
		<npc id="21137" x="186390" y="-186378" z="-3420" heading="0" respawnDelay="40" />
		<npc id="21137" x="183356" y="-184513" z="-3381" heading="38122" respawnDelay="40" />
		<npc id="21137" x="182637" y="-184878" z="-3473" heading="34826" respawnDelay="40" />
		<npc id="21137" x="181699" y="-185203" z="-3507" heading="35007" respawnDelay="40" />
		<npc id="21137" x="181872" y="-185873" z="-3507" heading="57810" respawnDelay="40" />
		<npc id="21137" x="181353" y="-185362" z="-3507" heading="33078" respawnDelay="40" />
		<npc id="21137" x="180762" y="-185152" z="-3507" heading="26993" respawnDelay="40" />
		<npc id="21137" x="179692" y="-185089" z="-3517" heading="32132" respawnDelay="40" />
		<npc id="21137" x="175749" y="-186272" z="-3796" heading="0" respawnDelay="40" />
		<npc id="21137" x="176455" y="-185738" z="-3796" heading="0" respawnDelay="40" />
		<npc id="21137" x="176048" y="-184653" z="-3720" heading="13369" respawnDelay="40" />
		<npc id="21137" x="175649" y="-185738" z="-3796" heading="0" respawnDelay="40" />
		<npc id="21137" x="176852" y="-184683" z="-3720" heading="63894" respawnDelay="40" />
		<npc id="21137" x="175247" y="-186450" z="-3796" heading="0" respawnDelay="40" />
		<npc id="21138" x="181106" y="-175401" z="-3620" heading="0" respawnDelay="40" />
		<npc id="21138" x="181563" y="-174493" z="-3567" heading="64122" respawnDelay="40" />
		<npc id="21138" x="180773" y="-174895" z="-3567" heading="30875" respawnDelay="40" />
		<npc id="21138" x="181163" y="-175736" z="-3597" heading="50574" respawnDelay="40" />
		<npc id="21138" x="181409" y="-174867" z="-3620" heading="0" respawnDelay="40" />
		<npc id="21138" x="181194" y="-173052" z="-2801" heading="36123" respawnDelay="40" />
		<npc id="21138" x="181463" y="-172476" z="-2801" heading="7988" respawnDelay="40" />
		<npc id="21138" x="181799" y="-172248" z="-2988" heading="0" respawnDelay="40" />
		<npc id="21138" x="182399" y="-172772" z="-3180" heading="0" respawnDelay="40" />
		<npc id="21138" x="183602" y="-172615" z="-3464" heading="0" respawnDelay="40" />
		<npc id="21138" x="183615" y="-172498" z="-3348" heading="28337" respawnDelay="40" />
		<npc id="21138" x="184810" y="-173738" z="-3567" heading="49883" respawnDelay="40" />
		<npc id="21138" x="185298" y="-174111" z="-3608" heading="0" respawnDelay="40" />
		<npc id="21138" x="182984" y="-175004" z="-3567" heading="31747" respawnDelay="40" />
		<npc id="21138" x="186102" y="-172586" z="-3775" heading="25005" respawnDelay="40" />
		<npc id="21138" x="186570" y="-175266" z="-3871" heading="54772" respawnDelay="40" />
		<npc id="21138" x="186895" y="-175504" z="-3928" heading="0" respawnDelay="40" />
		<npc id="21138" x="186410" y="-174818" z="-3871" heading="56945" respawnDelay="40" />
		<npc id="21138" x="187244" y="-175067" z="-3928" heading="0" respawnDelay="40" />
		<npc id="21138" x="187668" y="-176221" z="-3567" heading="6997" respawnDelay="40" />
		<npc id="21138" x="187216" y="-176701" z="-3567" heading="17289" respawnDelay="40" />
		<npc id="21138" x="186944" y="-177039" z="-3567" heading="52991" respawnDelay="40" />
		<npc id="21138" x="186614" y="-176639" z="-3632" heading="0" respawnDelay="40" />
		<npc id="21138" x="186740" y="-178422" z="-3652" heading="0" respawnDelay="40" />
		<npc id="21138" x="187244" y="-178600" z="-3652" heading="0" respawnDelay="40" />
		<npc id="21138" x="187042" y="-178244" z="-3652" heading="0" respawnDelay="40" />
		<npc id="21138" x="185506" y="-179373" z="-3692" heading="0" respawnDelay="40" />
		<npc id="21138" x="185104" y="-179017" z="-3692" heading="0" respawnDelay="40" />
		<npc id="21138" x="184903" y="-180441" z="-3692" heading="0" respawnDelay="40" />
		<npc id="21138" x="185607" y="-179195" z="-3692" heading="0" respawnDelay="40" />
		<npc id="21138" x="184295" y="-181780" z="-3759" heading="46685" respawnDelay="40" />
		<npc id="21138" x="184878" y="-181712" z="-3812" heading="0" respawnDelay="40" />
		<npc id="21138" x="184677" y="-181356" z="-3812" heading="0" respawnDelay="40" />
		<npc id="21138" x="184475" y="-180644" z="-3812" heading="0" respawnDelay="40" />
		<npc id="21138" x="186661" y="-182178" z="-3692" heading="0" respawnDelay="40" />
		<npc id="21138" x="185956" y="-181644" z="-3692" heading="0" respawnDelay="40" />
		<npc id="21138" x="185653" y="-181822" z="-3692" heading="0" respawnDelay="40" />
		<npc id="21138" x="186459" y="-181822" z="-3692" heading="0" respawnDelay="40" />
		<npc id="21138" x="186276" y="-186085" z="-3309" heading="47671" respawnDelay="40" />
		<npc id="21138" x="186280" y="-184790" z="-3309" heading="42512" respawnDelay="40" />
		<npc id="21138" x="186363" y="-184093" z="-3309" heading="1881" respawnDelay="40" />
		<npc id="21138" x="185787" y="-183925" z="-3376" heading="0" respawnDelay="40" />
		<npc id="21138" x="185545" y="-184313" z="-3309" heading="62954" respawnDelay="40" />
		<npc id="21138" x="186794" y="-186022" z="-3420" heading="0" respawnDelay="40" />
		<npc id="21138" x="185987" y="-186022" z="-3420" heading="0" respawnDelay="40" />
		<npc id="21138" x="186189" y="-186734" z="-3420" heading="0" respawnDelay="40" />
		<npc id="21138" x="186400" y="-185653" z="-3309" heading="45082" respawnDelay="40" />
		<npc id="21138" x="178909" y="-185129" z="-3609" heading="31702" respawnDelay="40" />
		<npc id="21138" x="180886" y="-185741" z="-3507" heading="1345" respawnDelay="40" />
		<npc id="21138" x="180552" y="-186236" z="-3584" heading="0" respawnDelay="40" />
		<npc id="21138" x="181962" y="-186236" z="-3584" heading="0" respawnDelay="40" />
		<npc id="21138" x="178055" y="-184774" z="-3804" heading="0" respawnDelay="40" />
		<npc id="21138" x="175623" y="-185081" z="-3720" heading="8120" respawnDelay="40" />
		<npc id="21138" x="176510" y="-184940" z="-3720" heading="37278" respawnDelay="40" />
		<npc id="21138" x="175650" y="-186094" z="-3796" heading="0" respawnDelay="40" />
		<npc id="21138" x="176995" y="-184363" z="-3720" heading="16090" respawnDelay="40" />
		<npc id="21138" x="177199" y="-185343" z="-3720" heading="52132" respawnDelay="40" />
		<npc id="21256" x="179891" y="-176492" z="255" heading="14353" respawnDelay="40" />
		<npc id="21256" x="177524" y="-179246" z="2025" heading="62103" respawnDelay="40" />
		<npc id="21256" x="176448" y="-179178" z="1984" heading="0" respawnDelay="40" />
		<npc id="21256" x="176648" y="-179890" z="1984" heading="0" respawnDelay="40" />
		<npc id="21256" x="175559" y="-179616" z="2025" heading="31975" respawnDelay="40" />
		<npc id="21256" x="176573" y="-178563" z="1824" heading="0" respawnDelay="40" />
		<npc id="21256" x="176947" y="-177731" z="1684" heading="0" respawnDelay="40" />
		<npc id="21256" x="177069" y="-175070" z="1354" heading="49203" respawnDelay="40" />
		<npc id="21256" x="177555" y="-174987" z="1354" heading="17883" respawnDelay="40" />
		<npc id="21256" x="177006" y="-174474" z="1354" heading="23858" respawnDelay="40" />
		<npc id="21256" x="177929" y="-176648" z="1296" heading="0" respawnDelay="40" />
		<npc id="21256" x="177746" y="-175654" z="1354" heading="16645" respawnDelay="40" />
		<npc id="21256" x="177874" y="-177577" z="1264" heading="35323" respawnDelay="40" />
		<npc id="21256" x="177663" y="-178919" z="1000" heading="0" respawnDelay="40" />
		<npc id="21256" x="177787" y="-178258" z="1050" heading="15941" respawnDelay="40" />
		<npc id="21256" x="176924" y="-179165" z="1004" heading="0" respawnDelay="40" />
		<npc id="21256" x="177090" y="-179398" z="1050" heading="589" respawnDelay="40" />
		<npc id="21256" x="174141" y="-178542" z="1050" heading="47506" respawnDelay="40" />
		<npc id="21256" x="174222" y="-180422" z="988" heading="0" respawnDelay="40" />
		<npc id="21256" x="174523" y="-180244" z="988" heading="0" respawnDelay="40" />
		<npc id="21256" x="175092" y="-179102" z="1050" heading="4251" respawnDelay="40" />
		<npc id="21256" x="174265" y="-178209" z="820" heading="0" respawnDelay="40" />
		<npc id="21256" x="174039" y="-177177" z="704" heading="0" respawnDelay="40" />
		<npc id="21256" x="173861" y="-176260" z="746" heading="32768" respawnDelay="40" />
		<npc id="21256" x="174324" y="-176205" z="746" heading="30664" respawnDelay="40" />
		<npc id="21256" x="175427" y="-175988" z="631" heading="32641" respawnDelay="40" />
		<npc id="21256" x="175935" y="-176153" z="507" heading="26150" respawnDelay="40" />
		<npc id="21256" x="179678" y="-177791" z="255" heading="14578" respawnDelay="40" />
		<npc id="21256" x="179549" y="-176988" z="204" heading="0" respawnDelay="40" />
		<npc id="21256" x="179971" y="-175481" z="448" heading="35193" respawnDelay="40" />
		<npc id="21256" x="179518" y="-175812" z="396" heading="0" respawnDelay="40" />
		<npc id="21256" x="179797" y="-173452" z="-288" heading="0" respawnDelay="40" />
		<npc id="21256" x="179507" y="-173624" z="-235" heading="42397" respawnDelay="40" />
		<npc id="21256" x="179896" y="-172918" z="-288" heading="0" respawnDelay="40" />
		<npc id="21256" x="179595" y="-173918" z="-235" heading="61436" respawnDelay="40" />
		<npc id="21256" x="179194" y="-173452" z="-288" heading="0" respawnDelay="40" />
		<npc id="21256" x="180180" y="-173884" z="-235" heading="48332" respawnDelay="40" />
		<npc id="21256" x="178111" y="-173798" z="-288" heading="0" respawnDelay="40" />
		<npc id="21256" x="177709" y="-173442" z="-288" heading="0" respawnDelay="40" />
		<npc id="21256" x="174916" y="-174488" z="-320" heading="0" respawnDelay="40" />
		<npc id="21256" x="175520" y="-174488" z="-320" heading="0" respawnDelay="40" />
		<npc id="21256" x="175117" y="-173064" z="-320" heading="0" respawnDelay="40" />
		<npc id="21256" x="175420" y="-174666" z="-320" heading="0" respawnDelay="40" />
		<npc id="21256" x="175419" y="-173598" z="-320" heading="0" respawnDelay="40" />
		<npc id="21256" x="176302" y="-175584" z="-320" heading="0" respawnDelay="40" />
		<npc id="21256" x="175894" y="-177966" z="-564" heading="0" respawnDelay="40" />
		<npc id="21256" x="175823" y="-177091" z="-515" heading="58824" respawnDelay="40" />
		<npc id="21256" x="175390" y="-178856" z="-564" heading="0" respawnDelay="40" />
		<npc id="21656" x="175361" y="-112289" z="-5521" heading="44934" respawnDelay="110" />
		<npc id="21656" x="175512" y="-111857" z="-5521" heading="29677" respawnDelay="110" />
		<npc id="21656" x="174668" y="-112173" z="-5501" heading="33054" respawnDelay="110" />
		<npc id="21656" x="178806" y="-113105" z="-5804" heading="58611" respawnDelay="110" />
		<npc id="21656" x="178051" y="-112955" z="-5834" heading="54978" respawnDelay="110" />
		<npc id="21656" x="178525" y="-113620" z="-5834" heading="18285" respawnDelay="110" />
		<npc id="21656" x="180270" y="-116964" z="-6170" heading="0" respawnDelay="110" />
		<npc id="21656" x="180371" y="-116786" z="-6170" heading="0" respawnDelay="110" />
		<npc id="21656" x="179968" y="-116430" z="-6170" heading="0" respawnDelay="110" />
		<npc id="21657" x="178242" y="-109055" z="-5886" heading="0" respawnDelay="110" />
		<npc id="21657" x="179216" y="-107717" z="-5834" heading="6763" respawnDelay="110" />
		<npc id="21657" x="178392" y="-108652" z="-5834" heading="52395" respawnDelay="110" />
		<npc id="21657" x="178793" y="-109557" z="-5834" heading="50754" respawnDelay="110" />
		<npc id="21657" x="178255" y="-110440" z="-5893" heading="0" respawnDelay="110" />
		<npc id="21657" x="178556" y="-109906" z="-5893" heading="0" respawnDelay="110" />
		<npc id="21657" x="182130" y="-106489" z="-6101" heading="0" respawnDelay="110" />
		<npc id="21657" x="181928" y="-106489" z="-6101" heading="0" respawnDelay="110" />
		<npc id="21657" x="181525" y="-107201" z="-6101" heading="0" respawnDelay="110" />
		<npc id="21657" x="185355" y="-109112" z="-5888" heading="35885" respawnDelay="110" />
		<npc id="21657" x="186846" y="-108788" z="-5888" heading="44506" respawnDelay="110" />
		<npc id="21657" x="187665" y="-110658" z="-5888" heading="40265" respawnDelay="110" />
		<npc id="21657" x="186833" y="-110797" z="-5888" heading="25874" respawnDelay="110" />
	</spawn>
</list>
