<?xml version="1.0" encoding="UTF-8"?>
<list enabled="true" xmlns:xsi="http://www.w3.org/2001/XMLSchema-instance" xsi:noNamespaceSchemaLocation="../xsd/spawns.xsd">
	<spawn name="MonasteryOfSilence">
		<npc id="22123" x="118821" y="-75971" z="-3402" heading="58941" respawnDelay="60" />
		<npc id="22123" x="116667" y="-77335" z="-3402" heading="28467" respawnDelay="60" />
		<npc id="22123" x="117093" y="-77821" z="-3402" heading="53328" respawnDelay="60" />
		<npc id="22123" x="115290" y="-81400" z="-3402" heading="18986" respawnDelay="60" />
		<npc id="22123" x="116054" y="-80679" z="-3402" heading="21356" respawnDelay="60" />
		<npc id="22123" x="115593" y="-84950" z="-3402" heading="12330" respawnDelay="60" />
		<npc id="22123" x="115911" y="-83979" z="-3402" heading="12369" respawnDelay="60" />
		<npc id="22123" x="112841" y="-84893" z="-3402" heading="13404" respawnDelay="60" />
		<npc id="22123" x="109841" y="-80150" z="-3530" heading="42413" respawnDelay="60" />
		<npc id="22123" x="111386" y="-80525" z="-3530" heading="37033" respawnDelay="60" />
		<npc id="22123" x="111022" y="-85467" z="-3402" heading="45101" respawnDelay="60" />
		<npc id="22123" x="118590" y="-83295" z="-3098" heading="52729" respawnDelay="60" />
		<npc id="22123" x="116597" y="-79462" z="-2250" heading="43544" respawnDelay="60" />
		<npc id="22123" x="116722" y="-79940" z="-2250" heading="53636" respawnDelay="60" />
		<npc id="22124" x="119234" y="-76816" z="-3402" heading="27368" respawnDelay="60" />
		<npc id="22124" x="118882" y="-76797" z="-3402" heading="52140" respawnDelay="60" />
		<npc id="22124" x="119161" y="-76095" z="-3402" heading="9480" respawnDelay="60" />
		<npc id="22124" x="119244" y="-78626" z="-3530" heading="54606" respawnDelay="60" />
		<npc id="22124" x="118653" y="-78593" z="-3530" heading="4004" respawnDelay="60" />
		<npc id="22124" x="116903" y="-78128" z="-3402" heading="9490" respawnDelay="60" />
		<npc id="22124" x="116178" y="-77813" z="-3402" heading="5271" respawnDelay="60" />
		<npc id="22124" x="116362" y="-77187" z="-3402" heading="26719" respawnDelay="60" />
		<npc id="22124" x="115441" y="-78446" z="-3402" heading="53129" respawnDelay="60" />
		<npc id="22124" x="115400" y="-78837" z="-3402" heading="1334" respawnDelay="60" />
		<npc id="22124" x="116364" y="-80784" z="-3402" heading="62670" respawnDelay="60" />
		<npc id="22124" x="116326" y="-81981" z="-3423" heading="43029" respawnDelay="60" />
		<npc id="22124" x="115602" y="-81806" z="-3402" heading="15201" respawnDelay="60" />
		<npc id="22124" x="116265" y="-84212" z="-3402" heading="56884" respawnDelay="60" />
		<npc id="22124" x="116029" y="-85544" z="-3423" heading="43229" respawnDelay="60" />
		<npc id="22124" x="115593" y="-84950" z="-3402" heading="12330" respawnDelay="60" />
		<npc id="22124" x="113423" y="-87519" z="-3402" heading="49524" respawnDelay="60" />
		<npc id="22124" x="113383" y="-87040" z="-3402" heading="50306" respawnDelay="60" />
		<npc id="22124" x="112784" y="-85275" z="-3402" heading="24864" respawnDelay="60" />
		<npc id="22124" x="112131" y="-83087" z="-3402" heading="3869" respawnDelay="60" />
		<npc id="22124" x="112583" y="-82803" z="-3402" heading="65014" respawnDelay="60" />
		<npc id="22124" x="110289" y="-81726" z="-3402" heading="60778" respawnDelay="60" />
		<npc id="22124" x="110176" y="-80512" z="-3530" heading="48340" respawnDelay="60" />
		<npc id="22124" x="109391" y="-80182" z="-3530" heading="19077" respawnDelay="60" />
		<npc id="22124" x="109656" y="-79928" z="-3530" heading="62123" respawnDelay="60" />
		<npc id="22124" x="109766" y="-82160" z="-3402" heading="49615" respawnDelay="60" />
		<npc id="22124" x="109703" y="-82706" z="-3402" heading="47953" respawnDelay="60" />
		<npc id="22124" x="109757" y="-83082" z="-3402" heading="14070" respawnDelay="60" />
		<npc id="22124" x="110135" y="-84347" z="-3402" heading="35188" respawnDelay="60" />
		<npc id="22124" x="109835" y="-84185" z="-3402" heading="22825" respawnDelay="60" />
		<npc id="22124" x="110032" y="-84042" z="-3402" heading="42627" respawnDelay="60" />
		<npc id="22124" x="110269" y="-85482" z="-3402" heading="25022" respawnDelay="60" />
		<npc id="22124" x="110036" y="-85164" z="-3402" heading="9790" respawnDelay="60" />
		<npc id="22124" x="110544" y="-84983" z="-3402" heading="1436" respawnDelay="60" />
		<npc id="22124" x="111263" y="-84945" z="-3402" heading="41881" respawnDelay="60" />
		<npc id="22124" x="119012" y="-83733" z="-3098" heading="37308" respawnDelay="60" />
		<npc id="22124" x="119085" y="-82982" z="-3098" heading="22922" respawnDelay="60" />
		<npc id="22125" x="115636" y="-80814" z="-3402" heading="29442" respawnDelay="60" />
		<npc id="22125" x="115908" y="-81569" z="-3402" heading="53974" respawnDelay="60" />
		<npc id="22125" x="116077" y="-82334" z="-3402" heading="18940" respawnDelay="60" />
		<npc id="22125" x="116020" y="-84426" z="-3402" heading="54617" respawnDelay="60" />
		<npc id="22125" x="116452" y="-85281" z="-3402" heading="55645" respawnDelay="60" />
		<npc id="22125" x="115644" y="-85186" z="-3402" heading="31450" respawnDelay="60" />
		<npc id="22125" x="117450" y="-87779" z="-3551" heading="54290" respawnDelay="60" />
		<npc id="22125" x="117106" y="-87558" z="-3530" heading="29675" respawnDelay="60" />
		<npc id="22125" x="116458" y="-88334" z="-3498" heading="43551" respawnDelay="60" />
		<npc id="22125" x="115999" y="-88369" z="-3498" heading="61015" respawnDelay="60" />
		<npc id="22125" x="115255" y="-88346" z="-3498" heading="42781" respawnDelay="60" />
		<npc id="22125" x="114735" y="-88336" z="-3498" heading="54383" respawnDelay="60" />
		<npc id="22125" x="112576" y="-84607" z="-3402" heading="24540" respawnDelay="60" />
		<npc id="22125" x="111982" y="-84448" z="-3402" heading="801" respawnDelay="60" />
		<npc id="22125" x="111897" y="-84033" z="-3402" heading="11245" respawnDelay="60" />
		<npc id="22125" x="113082" y="-81734" z="-3402" heading="40960" respawnDelay="60" />
		<npc id="22125" x="112711" y="-81763" z="-3402" heading="33581" respawnDelay="60" />
		<npc id="22125" x="109776" y="-80374" z="-3530" heading="34230" respawnDelay="60" />
		<npc id="22125" x="109271" y="-79857" z="-3530" heading="56597" respawnDelay="60" />
		<npc id="22125" x="109982" y="-79963" z="-3530" heading="56333" respawnDelay="60" />
		<npc id="22125" x="111562" y="-80306" z="-3530" heading="42569" respawnDelay="60" />
		<npc id="22125" x="111310" y="-80034" z="-3530" heading="58555" respawnDelay="60" />
		<npc id="22125" x="111067" y="-80226" z="-3530" heading="2976" respawnDelay="60" />
		<npc id="22125" x="116576" y="-80078" z="-2271" heading="18562" respawnDelay="60" />
		<npc id="22125" x="116578" y="-79052" z="-2250" heading="17011" respawnDelay="60" />
		<npc id="22126" x="119022" y="-75854" z="-3402" heading="53038" respawnDelay="60" />
		<npc id="22126" x="118624" y="-76327" z="-3402" heading="41840" respawnDelay="60" />
		<npc id="22126" x="119319" y="-76369" z="-3402" heading="2830" respawnDelay="60" />
		<npc id="22126" x="118932" y="-78245" z="-3530" heading="15816" respawnDelay="60" />
		<npc id="22126" x="118904" y="-78929" z="-3530" heading="17682" respawnDelay="60" />
		<npc id="22126" x="117309" y="-77807" z="-3400" heading="1391" respawnDelay="60" />
		<npc id="22126" x="115533" y="-78694" z="-3402" heading="51405" respawnDelay="60" />
		<npc id="22126" x="115880" y="-80115" z="-3402" heading="16529" respawnDelay="60" />
		<npc id="22126" x="116614" y="-81326" z="-3402" heading="53042" respawnDelay="60" />
		<npc id="22126" x="115833" y="-82220" z="-3402" heading="43515" respawnDelay="60" />
		<npc id="22126" x="115931" y="-83579" z="-3402" heading="15265" respawnDelay="60" />
		<npc id="22126" x="116426" y="-84871" z="-3400" heading="51737" respawnDelay="60" />
		<npc id="22126" x="115537" y="-85424" z="-3402" heading="61153" respawnDelay="60" />
		<npc id="22126" x="117297" y="-87494" z="-3528" heading="387" respawnDelay="60" />
		<npc id="22126" x="114395" y="-89298" z="-3498" heading="18107" respawnDelay="60" />
		<npc id="22126" x="115361" y="-89350" z="-3498" heading="27132" respawnDelay="60" />
		<npc id="22126" x="116255" y="-89348" z="-3496" heading="7225" respawnDelay="60" />
		<npc id="22126" x="113599" y="-87208" z="-3402" heading="22186" respawnDelay="60" />
		<npc id="22126" x="113201" y="-85540" z="-3402" heading="63581" respawnDelay="60" />
		<npc id="22126" x="111715" y="-84372" z="-3402" heading="9522" respawnDelay="60" />
		<npc id="22126" x="111953" y="-83528" z="-3402" heading="45114" respawnDelay="60" />
		<npc id="22126" x="113019" y="-82764" z="-3423" heading="12692" respawnDelay="60" />
		<npc id="22126" x="113038" y="-82050" z="-3402" heading="51860" respawnDelay="60" />
		<npc id="22126" x="111421" y="-81725" z="-3402" heading="38643" respawnDelay="60" />
		<npc id="22126" x="111385" y="-80756" z="-3530" heading="49152" respawnDelay="60" />
		<npc id="22126" x="111615" y="-80005" z="-3530" heading="40024" respawnDelay="60" />
		<npc id="22126" x="111103" y="-80513" z="-3530" heading="50453" respawnDelay="60" />
		<npc id="22126" x="109780" y="-83438" z="-3402" heading="51294" respawnDelay="60" />
		<npc id="22126" x="109787" y="-83967" z="-3402" heading="11153" respawnDelay="60" />
		<npc id="22126" x="110043" y="-84485" z="-3402" heading="54201" respawnDelay="60" />
		<npc id="22126" x="110136" y="-84949" z="-3402" heading="49913" respawnDelay="60" />
		<npc id="22126" x="110876" y="-85186" z="-3402" heading="62026" respawnDelay="60" />
		<npc id="22126" x="110574" y="-85762" z="-3423" heading="44581" respawnDelay="60" />
		<npc id="22126" x="118769" y="-84380" z="-3098" heading="48448" respawnDelay="60" />
		<npc id="22126" x="116881" y="-80463" z="-2250" heading="57723" respawnDelay="60" />
		<npc id="22127" x="112945" y="-83082" z="-3402" heading="15954" respawnDelay="60" />
		<npc id="22128" x="118670" y="-76774" z="-3402" heading="11759" respawnDelay="60" />
		<npc id="22128" x="117155" y="-77329" z="-3402" heading="29587" respawnDelay="60" />
		<npc id="22128" x="116163" y="-81894" z="-3402" heading="10635" respawnDelay="60" />
		<npc id="22128" x="116066" y="-81258" z="-3423" heading="20109" respawnDelay="60" />
		<npc id="22128" x="115109" y="-84975" z="-3402" heading="5325" respawnDelay="60" />
		<npc id="22128" x="115868" y="-86287" z="-3402" heading="51798" respawnDelay="60" />
		<npc id="22128" x="112632" y="-85027" z="-3402" heading="12389" respawnDelay="60" />
		<npc id="22128" x="112495" y="-83267" z="-3402" heading="29559" respawnDelay="60" />
		<npc id="22128" x="118797" y="-82675" z="-3098" heading="20247" respawnDelay="60" />
		<npc id="22128" x="116504" y="-79711" z="-2250" heading="14993" respawnDelay="60" />
		<npc id="22129" x="115242" y="-81131" z="-1610" heading="62721" respawnDelay="60" />
		<npc id="22129" x="115190" y="-79888" z="-1610" heading="41636" respawnDelay="60" />
		<npc id="22129" x="113532" y="-81016" z="-1642" heading="63852" respawnDelay="60" />
		<npc id="22129" x="112836" y="-80687" z="-1638" heading="27333" respawnDelay="60" />
		<npc id="22129" x="111850" y="-80917" z="-1642" heading="36405" respawnDelay="60" />
		<npc id="22129" x="110913" y="-81274" z="-1618" heading="36502" respawnDelay="60" />
		<npc id="22129" x="112031" y="-79330" z="-1612" heading="512" respawnDelay="60" />
		<npc id="22129" x="113452" y="-79338" z="-1616" heading="1585" respawnDelay="60" />
		<npc id="22129" x="113654" y="-79988" z="-1620" heading="273" respawnDelay="60" />
		<npc id="22129" x="111055" y="-79836" z="-1663" heading="30694" respawnDelay="60" />
		<npc id="22129" x="108145" y="-78861" z="-1090" heading="49276" respawnDelay="60" />
		<npc id="22129" x="108864" y="-78894" z="-1090" heading="18571" respawnDelay="60" />
		<npc id="22129" x="109678" y="-78413" z="-1090" heading="19532" respawnDelay="60" />
		<npc id="22129" x="108550" y="-77104" z="-1143" heading="45989" respawnDelay="60" />
		<npc id="22129" x="108312" y="-76583" z="-1122" heading="43175" respawnDelay="60" />
		<npc id="22129" x="108483" y="-75547" z="-1122" heading="15094" respawnDelay="60" />
		<npc id="22129" x="108136" y="-74651" z="-1132" heading="17885" respawnDelay="60" />
		<npc id="22129" x="109736" y="-77200" z="-1122" heading="50583" respawnDelay="60" />
		<npc id="22129" x="109802" y="-75968" z="-1122" heading="13841" respawnDelay="60" />
		<npc id="22129" x="109476" y="-75195" z="-1122" heading="21128" respawnDelay="60" />
		<npc id="22129" x="110025" y="-75085" z="-1092" heading="52025" respawnDelay="60" />
		<npc id="22129" x="110904" y="-72092" z="-570" heading="61049" respawnDelay="60" />
		<npc id="22129" x="110278" y="-73382" z="-570" heading="47871" respawnDelay="60" />
		<npc id="22129" x="110926" y="-72741" z="-591" heading="12588" respawnDelay="60" />
		<npc id="22129" x="114779" y="-71815" z="-575" heading="28406" respawnDelay="60" />
		<npc id="22129" x="114071" y="-72109" z="-602" heading="45954" respawnDelay="60" />
		<npc id="22129" x="113454" y="-72359" z="-583" heading="36469" respawnDelay="60" />
		<npc id="22129" x="112593" y="-71737" z="-576" heading="27030" respawnDelay="60" />
		<npc id="22129" x="112305" y="-73166" z="-602" heading="34452" respawnDelay="60" />
		<npc id="22129" x="112335" y="-73569" z="-596" heading="39869" respawnDelay="60" />
		<npc id="22129" x="114252" y="-73624" z="-585" heading="31901" respawnDelay="60" />
		<npc id="22129" x="114554" y="-73025" z="-578" heading="20353" respawnDelay="60" />
		<npc id="22129" x="117180" y="-74614" z="-50" heading="36462" respawnDelay="60" />
		<npc id="22129" x="116058" y="-74064" z="-50" heading="33646" respawnDelay="60" />
		<npc id="22129" x="115817" y="-74352" z="-50" heading="41889" respawnDelay="60" />
		<npc id="22129" x="117296" y="-77894" z="-82" heading="35022" respawnDelay="60" />
		<npc id="22129" x="117496" y="-78420" z="-77" heading="50323" respawnDelay="60" />
		<npc id="22129" x="117640" y="-76542" z="-53" heading="12074" respawnDelay="60" />
		<npc id="22129" x="116949" y="-75669" z="-72" heading="23767" respawnDelay="60" />
		<npc id="22129" x="116156" y="-78431" z="-70" heading="49579" respawnDelay="60" />
		<npc id="22129" x="115660" y="-78446" z="-55" heading="43707" respawnDelay="60" />
		<npc id="22129" x="116167" y="-75728" z="-82" heading="16703" respawnDelay="60" />
		<npc id="22129" x="115743" y="-75456" z="-76" heading="57419" respawnDelay="60" />
		<npc id="22129" x="115888" y="-81208" z="-50" heading="7247" respawnDelay="60" />
		<npc id="22129" x="116471" y="-80885" z="-50" heading="55305" respawnDelay="60" />
		<npc id="22129" x="114967" y="-79964" z="-1610" heading="51432" respawnDelay="60" />
		<npc id="22129" x="117469" y="-80765" z="-50" heading="14212" respawnDelay="60" />
		<npc id="22129" x="115020" y="-80101" z="-50" heading="64133" respawnDelay="60" />
		<npc id="22129" x="114368" y="-79824" z="-50" heading="38356" respawnDelay="60" />
		<npc id="22132" x="114793" y="-80955" z="-1610" heading="28158" respawnDelay="60" />
		<npc id="22132" x="115258" y="-79516" z="-1610" heading="36935" respawnDelay="60" />
		<npc id="22132" x="114704" y="-80346" z="-1610" heading="44542" respawnDelay="60" />
		<npc id="22132" x="110815" y="-80948" z="-1621" heading="51085" respawnDelay="60" />
		<npc id="22132" x="111843" y="-80615" z="-1617" heading="1830" respawnDelay="60" />
		<npc id="22132" x="112876" y="-81036" z="-1642" heading="58842" respawnDelay="60" />
		<npc id="22132" x="112749" y="-79439" z="-1631" heading="62297" respawnDelay="60" />
		<npc id="22132" x="112813" y="-79809" z="-1642" heading="64938" respawnDelay="60" />
		<npc id="22132" x="111818" y="-80072" z="-1612" heading="33101" respawnDelay="60" />
		<npc id="22132" x="108266" y="-78463" z="-1090" heading="14440" respawnDelay="60" />
		<npc id="22132" x="109389" y="-78993" z="-1090" heading="17924" respawnDelay="60" />
		<npc id="22132" x="109298" y="-78479" z="-1090" heading="34561" respawnDelay="60" />
		<npc id="22132" x="108104" y="-77264" z="-1112" heading="42841" respawnDelay="60" />
		<npc id="22132" x="108188" y="-75798" z="-1143" heading="62512" respawnDelay="60" />
		<npc id="22132" x="108469" y="-74554" z="-1106" heading="5013" respawnDelay="60" />
		<npc id="22132" x="109334" y="-77107" z="-1102" heading="48284" respawnDelay="60" />
		<npc id="22132" x="109574" y="-76583" z="-1122" heading="43774" respawnDelay="60" />
		<npc id="22132" x="109700" y="-74650" z="-1122" heading="19318" respawnDelay="60" />
		<npc id="22132" x="110688" y="-71826" z="-591" heading="56005" respawnDelay="60" />
		<npc id="22132" x="110384" y="-72812" z="-570" heading="40459" respawnDelay="60" />
		<npc id="22132" x="110876" y="-73226" z="-570" heading="10265" respawnDelay="60" />
		<npc id="22132" x="117446" y="-74015" z="-50" heading="1723" respawnDelay="60" />
		<npc id="22132" x="116437" y="-74032" z="-71" heading="29689" respawnDelay="60" />
		<npc id="22132" x="115946" y="-74648" z="-50" heading="59524" respawnDelay="60" />
		<npc id="22132" x="115852" y="-80946" z="-50" heading="21324" respawnDelay="60" />
		<npc id="22132" x="116880" y="-81198" z="-50" heading="63777" respawnDelay="60" />
		<npc id="22132" x="117084" y="-80777" z="-50" heading="1982" respawnDelay="60" />
		<npc id="22133" x="113204" y="-81223" z="-1629" heading="60543" respawnDelay="60" />
		<npc id="22133" x="112051" y="-80954" z="-1627" heading="39391" respawnDelay="60" />
		<npc id="22133" x="113447" y="-79692" z="-1642" heading="302" respawnDelay="60" />
		<npc id="22133" x="111547" y="-79669" z="-1642" heading="31574" respawnDelay="60" />
		<npc id="22133" x="108339" y="-77013" z="-1122" heading="49341" respawnDelay="60" />
		<npc id="22133" x="108346" y="-75004" z="-1122" heading="12116" respawnDelay="60" />
		<npc id="22133" x="109589" y="-74960" z="-1122" heading="54460" respawnDelay="60" />
		<npc id="22133" x="109664" y="-76409" z="-1122" heading="53231" respawnDelay="60" />
		<npc id="22133" x="112686" y="-71964" z="-602" heading="6417" respawnDelay="60" />
		<npc id="22133" x="113144" y="-72197" z="-602" heading="61500" respawnDelay="60" />
		<npc id="22133" x="113484" y="-73352" z="-602" heading="44160" respawnDelay="60" />
		<npc id="22133" x="112451" y="-73434" z="-602" heading="22064" respawnDelay="60" />
		<npc id="22133" x="117037" y="-76652" z="-103" heading="41502" respawnDelay="60" />
		<npc id="22133" x="116856" y="-77539" z="-52" heading="47652" respawnDelay="60" />
		<npc id="22133" x="115968" y="-76314" z="-103" heading="54281" respawnDelay="60" />
		<npc id="22133" x="115936" y="-77242" z="-82" heading="64496" respawnDelay="60" />
		<npc id="22133" x="114751" y="-79345" z="-50" heading="50316" respawnDelay="60" />
		<npc id="22133" x="114865" y="-80703" z="-50" heading="53312" respawnDelay="60" />
		<npc id="22134" x="115019" y="-80412" z="-1610" heading="7441" respawnDelay="60" />
		<npc id="22134" x="114792" y="-79556" z="-1610" heading="36597" respawnDelay="60" />
		<npc id="22134" x="115061" y="-80670" z="-1610" heading="57020" respawnDelay="60" />
		<npc id="22134" x="108508" y="-78741" z="-1090" heading="56855" respawnDelay="60" />
		<npc id="22134" x="109778" y="-78753" z="-1090" heading="9438" respawnDelay="60" />
		<npc id="22134" x="108784" y="-78368" z="-1091" heading="32929" respawnDelay="60" />
		<npc id="22134" x="110270" y="-71879" z="-570" heading="33065" respawnDelay="60" />
		<npc id="22134" x="110736" y="-72441" z="-591" heading="41614" respawnDelay="60" />
		<npc id="22134" x="110646" y="-73572" z="-570" heading="56777" respawnDelay="60" />
		<npc id="22134" x="114237" y="-71655" z="-572" heading="28454" respawnDelay="60" />
		<npc id="22134" x="113253" y="-71798" z="-588" heading="30213" respawnDelay="60" />
		<npc id="22134" x="112030" y="-72167" z="-602" heading="38782" respawnDelay="60" />
		<npc id="22134" x="111915" y="-73311" z="-602" heading="33121" respawnDelay="60" />
		<npc id="22134" x="114465" y="-73361" z="-602" heading="18940" respawnDelay="60" />
		<npc id="22134" x="117418" y="-74526" z="-71" heading="44972" respawnDelay="60" />
		<npc id="22134" x="116876" y="-74334" z="-71" heading="25228" respawnDelay="60" />
		<npc id="22134" x="116506" y="-74622" z="-50" heading="1344" respawnDelay="60" />
		<npc id="22134" x="116939" y="-77486" z="-59" heading="55090" respawnDelay="60" />
		<npc id="22134" x="117377" y="-77029" z="-82" heading="6144" respawnDelay="60" />
		<npc id="22134" x="117275" y="-76050" z="-103" heading="18578" respawnDelay="60" />
		<npc id="22134" x="115951" y="-78063" z="-82" heading="50347" respawnDelay="60" />
		<npc id="22134" x="115635" y="-77119" z="-78" heading="19373" respawnDelay="60" />
		<npc id="22134" x="116067" y="-76343" z="-82" heading="10273" respawnDelay="60" />
		<npc id="22134" x="116311" y="-80646" z="-71" heading="4976" respawnDelay="60" />
		<npc id="22134" x="117368" y="-81243" z="-50" heading="2352" respawnDelay="60" />
		<npc id="22134" x="116671" y="-80982" z="-50" heading="8630" respawnDelay="60" />
		<npc id="22134" x="114913" y="-79607" z="-50" heading="30085" respawnDelay="60" />
		<npc id="22134" x="114664" y="-80136" z="-50" heading="53468" respawnDelay="60" />
		<npc id="22135" x="113643" y="-80781" z="-1639" heading="5651" respawnDelay="60" />
		<npc id="22135" x="113079" y="-80627" z="-1615" heading="35554" respawnDelay="60" />
		<npc id="22135" x="111470" y="-81135" z="-1663" heading="35051" respawnDelay="60" />
		<npc id="22135" x="111018" y="-80643" z="-1618" heading="54377" respawnDelay="60" />
		<npc id="22135" x="112940" y="-79928" z="-1642" heading="41970" respawnDelay="60" />
		<npc id="22135" x="112175" y="-79845" z="-1642" heading="29356" respawnDelay="60" />
		<npc id="22135" x="110869" y="-79668" z="-1630" heading="32575" respawnDelay="60" />
		<npc id="22135" x="111766" y="-79343" z="-1614" heading="481" respawnDelay="60" />
		<npc id="22135" x="108055" y="-76428" z="-1102" heading="51993" respawnDelay="60" />
		<npc id="22135" x="108011" y="-75550" z="-1093" heading="11548" respawnDelay="60" />
		<npc id="22135" x="108671" y="-75441" z="-1097" heading="37340" respawnDelay="60" />
		<npc id="22135" x="108765" y="-76367" z="-1092" heading="19777" respawnDelay="60" />
		<npc id="22135" x="109855" y="-75442" z="-1122" heading="54411" respawnDelay="60" />
		<npc id="22135" x="109376" y="-75932" z="-1110" heading="37751" respawnDelay="60" />
		<npc id="22135" x="109832" y="-76842" z="-1122" heading="52958" respawnDelay="60" />
		<npc id="22135" x="109448" y="-77350" z="-1122" heading="41197" respawnDelay="60" />
		<npc id="22135" x="111753" y="-72075" z="-577" heading="33813" respawnDelay="60" />
		<npc id="22135" x="112298" y="-72181" z="-602" heading="61327" respawnDelay="60" />
		<npc id="22135" x="113739" y="-72192" z="-623" heading="899" respawnDelay="60" />
		<npc id="22135" x="114551" y="-72070" z="-602" heading="33227" respawnDelay="60" />
		<npc id="22135" x="114787" y="-73353" z="-581" heading="55676" respawnDelay="60" />
		<npc id="22135" x="113993" y="-73003" z="-574" heading="29744" respawnDelay="60" />
		<npc id="22135" x="113033" y="-73352" z="-602" heading="32436" respawnDelay="60" />
		<npc id="22135" x="112025" y="-73086" z="-590" heading="27900" respawnDelay="60" />
		<npc id="22135" x="117271" y="-75638" z="-82" heading="16145" respawnDelay="60" />
		<npc id="22135" x="117542" y="-76142" z="-63" heading="16384" respawnDelay="60" />
		<npc id="22135" x="117209" y="-78258" z="-82" heading="53216" respawnDelay="60" />
		<npc id="22135" x="117551" y="-77838" z="-61" heading="14152" respawnDelay="60" />
		<npc id="22135" x="115735" y="-75879" z="-97" heading="48954" respawnDelay="60" />
		<npc id="22135" x="116218" y="-76965" z="-93" heading="50534" respawnDelay="60" />
		<npc id="22135" x="115642" y="-77661" z="-57" heading="44784" respawnDelay="60" />
		<npc id="22135" x="116264" y="-78164" z="-82" heading="57460" respawnDelay="60" />
		<npc id="22135" x="114360" y="-79545" z="-50" heading="43967" respawnDelay="60" />
		<npc id="22135" x="114482" y="-80787" z="-50" heading="33991" respawnDelay="60" />
	</spawn>
</list>
