<?xml version="1.0" encoding="UTF-8"?>
<list enabled="true" xmlns:xsi="http://www.w3.org/2001/XMLSchema-instance" xsi:noNamespaceSchemaLocation="../xsd/spawns.xsd">
	<spawn name="PavelArchaic">
		<npc id="22051" x="89098" y="-124602" z="-3842" heading="2635" respawnDelay="60" />
		<npc id="22051" x="88544" y="-124762" z="-3777" heading="35700" respawnDelay="60" />
		<npc id="22051" x="87830" y="-125027" z="-3742" heading="34447" respawnDelay="60" />
		<npc id="22051" x="87005" y="-125372" z="-3757" heading="38003" respawnDelay="60" />
		<npc id="22051" x="86709" y="-125763" z="-3779" heading="44841" respawnDelay="60" />
		<npc id="22051" x="87609" y="-125909" z="-3820" heading="61137" respawnDelay="60" />
		<npc id="22051" x="87238" y="-126346" z="-3833" heading="56116" respawnDelay="60" />
		<npc id="22051" x="91842" y="-128029" z="-4267" heading="6604" respawnDelay="60" />
		<npc id="22051" x="92263" y="-128775" z="-4220" heading="42569" respawnDelay="60" />
		<npc id="22051" x="91021" y="-128385" z="-4280" heading="64561" respawnDelay="60" />
		<npc id="22051" x="91968" y="-127135" z="-4284" heading="12066" respawnDelay="60" />
		<npc id="22051" x="91598" y="-126345" z="-4252" heading="14946" respawnDelay="60" />
		<npc id="22051" x="85577" y="-121148" z="-4389" heading="41620" respawnDelay="60" />
		<npc id="22051" x="85153" y="-122148" z="-4397" heading="44902" respawnDelay="60" />
		<npc id="22051" x="85978" y="-122457" z="-4393" heading="62424" respawnDelay="60" />
		<npc id="22051" x="86680" y="-122273" z="-4396" heading="2665" respawnDelay="60" />
		<npc id="22051" x="87250" y="-121741" z="-4390" heading="8706" respawnDelay="60" />
		<npc id="22052" x="90340" y="-126932" z="-4280" heading="58930" respawnDelay="60" />
		<npc id="22052" x="91504" y="-127738" z="-4275" heading="58352" respawnDelay="60" />
		<npc id="22052" x="91601" y="-128482" z="-4268" heading="48186" respawnDelay="60" />
		<npc id="22052" x="91009" y="-128536" z="-4281" heading="23822" respawnDelay="60" />
		<npc id="22052" x="92828" y="-127179" z="-4256" heading="4867" respawnDelay="60" />
		<npc id="22052" x="86193" y="-123026" z="-4397" heading="11548" respawnDelay="60" />
		<npc id="22052" x="86624" y="-121908" z="-4360" heading="11476" respawnDelay="60" />
		<npc id="22052" x="86623" y="-120805" z="-4389" heading="17598" respawnDelay="60" />
		<npc id="22052" x="85905" y="-120259" z="-4377" heading="34904" respawnDelay="60" />
		<npc id="22053" x="93647" y="-122619" z="-4536" heading="2945" respawnDelay="60" />
		<npc id="22053" x="85133" y="-120617" z="-4388" heading="40426" respawnDelay="60" />
		<npc id="22053" x="85990" y="-122087" z="-4397" heading="61518" respawnDelay="60" />
		<npc id="22053" x="86442" y="-120206" z="-4373" heading="57995" respawnDelay="60" />
		<npc id="22053" x="84729" y="-106465" z="-3327" heading="49252" respawnDelay="60" />
		<npc id="22053" x="85816" y="-106863" z="-3327" heading="64818" respawnDelay="60" />
		<npc id="22053" x="87007" y="-106305" z="-3327" heading="8612" respawnDelay="60" />
		<npc id="22053" x="86317" y="-105108" z="-3327" heading="30984" respawnDelay="60" />
		<npc id="22053" x="89813" y="-109850" z="-3331" heading="330" respawnDelay="60" />
		<npc id="22053" x="90750" y="-110136" z="-3331" heading="60340" respawnDelay="60" />
		<npc id="22053" x="89576" y="-109972" z="-3331" heading="17888" respawnDelay="60" />
		<npc id="22053" x="90362" y="-109654" z="-3331" heading="4333" respawnDelay="60" />
		<npc id="22053" x="91151" y="-110521" z="-3373" heading="13589" respawnDelay="60" />
		<npc id="22053" x="91362" y="-109884" z="-3372" heading="6850" respawnDelay="60" />
		<npc id="22053" x="90898" y="-110295" z="-3332" heading="44845" respawnDelay="60" />
		<npc id="22054" x="94931" y="-122130" z="-4545" heading="1810" respawnDelay="60" />
		<npc id="22054" x="92775" y="-128041" z="-4285" heading="1889" respawnDelay="60" />
		<npc id="22054" x="92289" y="-127149" z="-4284" heading="23858" respawnDelay="60" />
		<npc id="22054" x="91203" y="-126897" z="-4265" heading="47350" respawnDelay="60" />
		<npc id="22054" x="91521" y="-128084" z="-4283" heading="51210" respawnDelay="60" />
		<npc id="22054" x="87241" y="-122114" z="-4402" heading="2585" respawnDelay="60" />
		<npc id="22054" x="87383" y="-121247" z="-4349" heading="19162" respawnDelay="60" />
		<npc id="22054" x="91072" y="-111073" z="-3367" heading="47559" respawnDelay="60" />
		<npc id="22055" x="94936" y="-121543" z="-4547" heading="65086" respawnDelay="60" />
		<npc id="22055" x="93783" y="-122327" z="-4537" heading="39639" respawnDelay="60" />
		<npc id="22055" x="93049" y="-121132" z="-4555" heading="26464" respawnDelay="60" />
		<npc id="22055" x="93908" y="-120652" z="-4533" heading="6353" respawnDelay="60" />
		<npc id="22055" x="94959" y="-119866" z="-4541" heading="2236" respawnDelay="60" />
		<npc id="22055" x="91626" y="-114631" z="-3354" heading="62965" respawnDelay="60" />
		<npc id="22055" x="90792" y="-113992" z="-3333" heading="20294" respawnDelay="60" />
		<npc id="22055" x="89528" y="-113677" z="-3402" heading="27794" respawnDelay="60" />
		<npc id="22055" x="89784" y="-112870" z="-3341" heading="5637" respawnDelay="60" />
		<npc id="22055" x="88238" y="-114239" z="-3261" heading="23250" respawnDelay="60" />
		<npc id="22055" x="86744" y="-113789" z="-3041" heading="28110" respawnDelay="60" />
		<npc id="22055" x="88443" y="-112403" z="-3302" heading="65472" respawnDelay="60" />
		<npc id="22055" x="87801" y="-111895" z="-3121" heading="23378" respawnDelay="60" />
		<npc id="22055" x="87925" y="-111169" z="-3305" heading="1135" respawnDelay="60" />
		<npc id="22055" x="85808" y="-112705" z="-2768" heading="48324" respawnDelay="60" />
		<npc id="22055" x="87431" y="-117037" z="-3473" heading="55336" respawnDelay="60" />
		<npc id="22056" x="94127" y="-120161" z="-4547" heading="16828" respawnDelay="60" />
		<npc id="22056" x="94224" y="-122202" z="-4533" heading="58977" respawnDelay="60" />
		<npc id="22056" x="95291" y="-122440" z="-4550" heading="60246" respawnDelay="60" />
		<npc id="22056" x="95623" y="-121397" z="-4566" heading="8432" respawnDelay="60" />
		<npc id="22056" x="87067" y="-120977" z="-4354" heading="21013" respawnDelay="60" />
		<npc id="22056" x="85486" y="-120699" z="-4363" heading="32463" respawnDelay="60" />
		<npc id="22056" x="85313" y="-121732" z="-4389" heading="49465" respawnDelay="60" />
		<npc id="22056" x="85643" y="-122505" z="-4386" heading="54777" respawnDelay="60" />
		<npc id="22056" x="86862" y="-122530" z="-4395" heading="64717" respawnDelay="60" />
		<npc id="22056" x="91460" y="-113203" z="-3310" heading="58716" respawnDelay="60" />
		<npc id="22056" x="91647" y="-113923" z="-3304" heading="49185" respawnDelay="60" />
		<npc id="22056" x="90864" y="-114175" z="-3337" heading="30446" respawnDelay="60" />
		<npc id="22056" x="90812" y="-113027" z="-3342" heading="20204" respawnDelay="60" />
		<npc id="22056" x="88331" y="-114433" z="-3306" heading="21333" respawnDelay="60" />
		<npc id="22056" x="87553" y="-114205" z="-3115" heading="54477" respawnDelay="60" />
		<npc id="22056" x="86624" y="-113027" z="-2968" heading="44438" respawnDelay="60" />
		<npc id="22056" x="87813" y="-112754" z="-3218" heading="62070" respawnDelay="60" />
		<npc id="22056" x="87553" y="-111705" z="-3046" heading="13326" respawnDelay="60" />
		<npc id="22056" x="87581" y="-110215" z="-3314" heading="18865" respawnDelay="60" />
		<npc id="22056" x="87214" y="-109748" z="-3311" heading="20795" respawnDelay="60" />
		<npc id="22056" x="86132" y="-111924" z="-2830" heading="41700" respawnDelay="60" />
		<npc id="22056" x="85747" y="-113330" z="-2774" heading="49493" respawnDelay="60" />
		<npc id="22056" x="86809" y="-116278" z="-3441" heading="53385" respawnDelay="60" />
		<npc id="22057" x="89525" y="-118184" z="-3811" heading="34914" respawnDelay="60" />
		<npc id="22057" x="89304" y="-118703" z="-3805" heading="47343" respawnDelay="60" />
		<npc id="22057" x="89098" y="-119321" z="-3640" heading="43266" respawnDelay="60" />
		<npc id="22057" x="89134" y="-119261" z="-3655" heading="10748" respawnDelay="60" />
		<npc id="22057" x="88758" y="-118231" z="-3658" heading="21017" respawnDelay="60" />
		<npc id="22057" x="88252" y="-118830" z="-3683" heading="42368" respawnDelay="60" />
		<npc id="22057" x="87606" y="-118489" z="-3556" heading="21921" respawnDelay="60" />
		<npc id="22057" x="88524" y="-117667" z="-3395" heading="3545" respawnDelay="60" />
		<npc id="22057" x="89034" y="-117575" z="-3443" heading="10646" respawnDelay="60" />
		<npc id="22057" x="95100" y="-121560" z="-4552" heading="34616" respawnDelay="60" />
		<npc id="22057" x="94301" y="-119962" z="-4555" heading="15288" respawnDelay="60" />
		<npc id="22057" x="93625" y="-120729" z="-4555" heading="47733" respawnDelay="60" />
		<npc id="22057" x="93968" y="-121829" z="-4549" heading="54996" respawnDelay="60" />
		<npc id="22057" x="89984" y="-112526" z="-3359" heading="12248" respawnDelay="60" />
		<npc id="22057" x="88439" y="-113759" z="-3256" heading="38814" respawnDelay="60" />
		<npc id="22057" x="87152" y="-113733" z="-3103" heading="43430" respawnDelay="60" />
		<npc id="22057" x="87132" y="-112668" z="-3012" heading="4568" respawnDelay="60" />
		<npc id="22057" x="87224" y="-111848" z="-2986" heading="34904" respawnDelay="60" />
		<npc id="22057" x="86925" y="-109517" z="-3314" heading="25922" respawnDelay="60" />
		<npc id="22057" x="86277" y="-115679" z="-3434" heading="51434" respawnDelay="60" />
		<npc id="22057" x="87704" y="-116621" z="-3467" heading="15720" respawnDelay="60" />
		<npc id="22060" x="94491" y="-120274" z="-4555" heading="12066" respawnDelay="60" />
		<npc id="22060" x="93576" y="-120023" z="-4553" heading="30480" respawnDelay="60" />
		<npc id="22060" x="94089" y="-121836" z="-4550" heading="52113" respawnDelay="60" />
		<npc id="22060" x="87046" y="-105250" z="-3327" heading="56549" respawnDelay="60" />
		<npc id="22060" x="86522" y="-106203" z="-3327" heading="28597" respawnDelay="60" />
		<npc id="22060" x="85608" y="-106276" z="-3327" heading="31668" respawnDelay="60" />
		<npc id="22060" x="85276" y="-105649" z="-3327" heading="15811" respawnDelay="60" />
		<npc id="22060" x="85481" y="-104858" z="-3327" heading="7650" respawnDelay="60" />
		<npc id="22062" x="87600" y="-107713" z="-3327" heading="37604" respawnDelay="60" />
		<npc id="22062" x="87879" y="-107653" z="-3327" heading="44409" respawnDelay="60" />
		<npc id="22062" x="87008" y="-105771" z="-3327" heading="29026" respawnDelay="60" />
		<npc id="22062" x="85539" y="-105278" z="-3327" heading="30266" respawnDelay="60" />
		<npc id="22062" x="84770" y="-105694" z="-3327" heading="44290" respawnDelay="60" />
		<npc id="22062" x="86088" y="-106496" z="-3327" heading="59307" respawnDelay="60" />
		<npc id="22062" x="87170" y="-105836" z="-3327" heading="9618" respawnDelay="60" />
		<npc id="22062" x="86390" y="-104851" z="-3327" heading="28084" respawnDelay="60" />
		<npc id="22062" x="89944" y="-110264" z="-3331" heading="30071" respawnDelay="60" />
		<npc id="22062" x="89765" y="-109756" z="-3331" heading="20015" respawnDelay="60" />
		<npc id="22062" x="90546" y="-110464" z="-3331" heading="9915" respawnDelay="60" />
		<npc id="22062" x="91040" y="-109997" z="-3337" heading="14487" respawnDelay="60" />
		<npc id="22062" x="87898" y="-104504" z="-3327" heading="6624" respawnDelay="60" />
		<npc id="22062" x="87576" y="-104041" z="-3327" heading="24226" respawnDelay="60" />
		<npc id="22062" x="92526" y="-107716" z="-3327" heading="57105" respawnDelay="60" />
		<npc id="22062" x="92197" y="-107545" z="-3327" heading="26148" respawnDelay="60" />
		<npc id="22062" x="92580" y="-104308" z="-3327" heading="47790" respawnDelay="60" />
		<npc id="22062" x="92020" y="-104450" z="-3327" heading="35393" respawnDelay="60" />
		<npc id="22062" x="95822" y="-104354" z="-3327" heading="33551" respawnDelay="60" />
		<npc id="22062" x="95768" y="-103938" z="-3327" heading="17731" respawnDelay="60" />
		<npc id="22062" x="95747" y="-107353" z="-3327" heading="15228" respawnDelay="60" />
		<npc id="22062" x="95442" y="-107720" z="-3327" heading="35064" respawnDelay="60" />
		<npc id="22062" x="88838" y="-109937" z="-3327" heading="38489" respawnDelay="60" />
		<npc id="22062" x="89046" y="-108984" z="-3327" heading="12491" respawnDelay="60" />
		<npc id="22063" x="94865" y="-106084" z="-3327" heading="54031" respawnDelay="60" />
		<npc id="22063" x="94124" y="-106374" z="-3327" heading="34271" respawnDelay="60" />
		<npc id="22063" x="94013" y="-107008" z="-3327" heading="7485" respawnDelay="60" />
		<npc id="22063" x="94783" y="-106599" z="-3327" heading="4933" respawnDelay="60" />
		<npc id="22063" x="95291" y="-105599" z="-3327" heading="13322" respawnDelay="60" />
		<npc id="22065" x="93796" y="-105517" z="-3327" heading="13208" respawnDelay="60" />
		<npc id="22065" x="94625" y="-105476" z="-3327" heading="0" respawnDelay="60" />
		<npc id="22065" x="94380" y="-106539" z="-3327" heading="55737" respawnDelay="60" />
		<npc id="22065" x="95008" y="-105313" z="-3327" heading="12745" respawnDelay="60" />
		<npc id="22072" x="92407" y="-107355" z="-3327" heading="50987" respawnDelay="60" />
		<npc id="22072" x="92921" y="-108094" z="-3327" heading="30908" respawnDelay="60" />
		<npc id="22072" x="92372" y="-104138" z="-3327" heading="8906" respawnDelay="60" />
		<npc id="22072" x="92389" y="-104458" z="-3327" heading="49705" respawnDelay="60" />
		<npc id="22072" x="95987" y="-104094" z="-3327" heading="62777" respawnDelay="60" />
		<npc id="22072" x="95575" y="-104126" z="-3327" heading="35911" respawnDelay="60" />
		<npc id="22072" x="96198" y="-107479" z="-3327" heading="9896" respawnDelay="60" />
		<npc id="22072" x="95660" y="-107528" z="-3327" heading="7532" respawnDelay="60" />
		<npc id="22072" x="88738" y="-109757" z="-3327" heading="11882" respawnDelay="60" />
		<npc id="22072" x="88943" y="-109247" z="-3327" heading="12398" respawnDelay="60" />
		<npc id="22074" x="87931" y="-107324" z="-3327" heading="62234" respawnDelay="60" />
		<npc id="22074" x="88184" y="-104735" z="-3327" heading="23744" respawnDelay="60" />
		<npc id="22074" x="87460" y="-104039" z="-3327" heading="21162" respawnDelay="60" />
		<npc id="22074" x="92061" y="-107138" z="-3327" heading="54253" respawnDelay="60" />
		<npc id="22074" x="92184" y="-107288" z="-3327" heading="16441" respawnDelay="60" />
		<npc id="22074" x="92234" y="-104599" z="-3327" heading="11105" respawnDelay="60" />
		<npc id="22074" x="92612" y="-104045" z="-3327" heading="8434" respawnDelay="60" />
		<npc id="22074" x="95482" y="-103919" z="-3327" heading="54408" respawnDelay="60" />
		<npc id="22074" x="96048" y="-104337" z="-3327" heading="58509" respawnDelay="60" />
		<npc id="22074" x="96313" y="-107130" z="-3327" heading="38213" respawnDelay="60" />
		<npc id="22074" x="95688" y="-107883" z="-3327" heading="41572" respawnDelay="60" />
		<npc id="22074" x="88971" y="-109543" z="-3327" heading="41929" respawnDelay="60" />
		<npc id="22074" x="88574" y="-110113" z="-3327" heading="41174" respawnDelay="60" />
		<npc id="22076" x="94675" y="-106114" z="-3327" heading="46749" respawnDelay="60" />
		<npc id="22076" x="93721" y="-106283" z="-3327" heading="32918" respawnDelay="60" />
		<npc id="22076" x="94505" y="-105159" z="-3327" heading="29609" respawnDelay="60" />
		<npc id="22076" x="93310" y="-106210" z="-3327" heading="42285" respawnDelay="60" />
		<npc id="22077" x="93195" y="-105836" z="-3327" heading="3821" respawnDelay="60" />
		<npc id="22077" x="94375" y="-105617" z="-3327" heading="65310" respawnDelay="60" />
		<npc id="22077" x="94166" y="-105164" z="-3327" heading="11009" respawnDelay="60" />
		<npc id="22077" x="93935" y="-106327" z="-3327" heading="48011" respawnDelay="60" />
	</spawn>
</list>
