<?xml version="1.0" encoding="UTF-8"?>
<list enabled="true" xmlns:xsi="http://www.w3.org/2001/XMLSchema-instance" xsi:noNamespaceSchemaLocation="../xsd/spawns.xsd">
	<spawn name="PlainsOfTheLizardmen">
		<npc id="20577" x="80084" y="84272" z="-3532" heading="25377" respawnDelay="30" />
		<npc id="20577" x="80813" y="94054" z="-3588" heading="32565" respawnDelay="30" />
		<npc id="20577" x="82199" y="91233" z="-3541" heading="17865" respawnDelay="30" />
		<npc id="20577" x="83391" y="91409" z="-3538" heading="5607" respawnDelay="30" />
		<npc id="20577" x="83394" y="92680" z="-3496" heading="0" respawnDelay="30" />
		<npc id="20577" x="83860" y="93868" z="-3463" heading="46186" respawnDelay="30" />
		<npc id="20577" x="85691" y="94096" z="-3462" heading="53514" respawnDelay="30" />
		<npc id="20577" x="84756" y="93944" z="-3462" heading="1286" respawnDelay="30" />
		<npc id="20577" x="87533" y="91753" z="-3355" heading="1148" respawnDelay="30" />
		<npc id="20577" x="87141" y="91079" z="-3355" heading="48263" respawnDelay="30" />
		<npc id="20577" x="92201" y="92048" z="-3364" heading="1394" respawnDelay="30" />
		<npc id="20577" x="89828" y="90437" z="-3321" heading="59313" respawnDelay="30" />
		<npc id="20577" x="91319" y="90964" z="-3370" heading="34278" respawnDelay="30" />
		<npc id="20577" x="89884" y="93200" z="-3353" heading="16802" respawnDelay="30" />
		<npc id="20577" x="93921" y="87518" z="-3570" heading="5901" respawnDelay="30" />
		<npc id="20577" x="92906" y="88447" z="-3569" heading="53412" respawnDelay="30" />
		<npc id="20577" x="79644" y="85420" z="-3594" heading="49880" respawnDelay="30" />
		<npc id="20577" x="79343" y="86141" z="-3564" heading="28752" respawnDelay="30" />
		<npc id="20577" x="83429" y="87006" z="-3528" heading="0" respawnDelay="30" />
		<npc id="20578" x="84710" y="93291" z="-3462" heading="46765" respawnDelay="30" />
		<npc id="20578" x="86004" y="95070" z="-3459" heading="21331" respawnDelay="30" />
		<npc id="20578" x="88083" y="94410" z="-3468" heading="3056" respawnDelay="30" />
		<npc id="20578" x="86333" y="90241" z="-3300" heading="45108" respawnDelay="30" />
		<npc id="20578" x="89360" y="91486" z="-3355" heading="61418" respawnDelay="30" />
		<npc id="20578" x="90609" y="91253" z="-3356" heading="43043" respawnDelay="30" />
		<npc id="20578" x="91269" y="92468" z="-3355" heading="30748" respawnDelay="30" />
		<npc id="20578" x="93356" y="89355" z="-3569" heading="46706" respawnDelay="30" />
		<npc id="20578" x="93889" y="91012" z="-3528" heading="48703" respawnDelay="30" />
		<npc id="20578" x="95893" y="85636" z="-3728" heading="9274" respawnDelay="30" />
		<npc id="20578" x="95184" y="86363" z="-3709" heading="19084" respawnDelay="30" />
		<npc id="20578" x="92998" y="87435" z="-3569" heading="64776" respawnDelay="30" />
		<npc id="20578" x="93704" y="86566" z="-3572" heading="20481" respawnDelay="30" />
		<npc id="20578" x="92303" y="87605" z="-3569" heading="17456" respawnDelay="30" />
		<npc id="20578" x="95052" y="83766" z="-3732" heading="39127" respawnDelay="30" />
		<npc id="20578" x="95877" y="84669" z="-3733" heading="8438" respawnDelay="30" />
		<npc id="20578" x="92557" y="82911" z="-3691" heading="48128" respawnDelay="30" />
		<npc id="20578" x="95620" y="79796" z="-3686" heading="14897" respawnDelay="30" />
		<npc id="20578" x="95099" y="80881" z="-3678" heading="12803" respawnDelay="30" />
		<npc id="20578" x="97425" y="77720" z="-3666" heading="53382" respawnDelay="30" />
		<npc id="20578" x="98235" y="77271" z="-3677" heading="20453" respawnDelay="30" />
		<npc id="20578" x="84182" y="88154" z="-3373" heading="1497" respawnDelay="30" />
		<npc id="20579" x="88726" y="93469" z="-3352" heading="16743" respawnDelay="30" />
		<npc id="20579" x="88045" y="91190" z="-3355" heading="47729" respawnDelay="30" />
		<npc id="20579" x="92315" y="91217" z="-3405" heading="3564" respawnDelay="30" />
		<npc id="20579" x="91383" y="89488" z="-3568" heading="26790" respawnDelay="30" />
		<npc id="20579" x="92142" y="89665" z="-3569" heading="29660" respawnDelay="30" />
		<npc id="20579" x="92940" y="90255" z="-3491" heading="5054" respawnDelay="30" />
		<npc id="20579" x="95077" y="89293" z="-3709" heading="57149" respawnDelay="30" />
		<npc id="20579" x="95351" y="87910" z="-3709" heading="14925" respawnDelay="30" />
		<npc id="20579" x="95443" y="86916" z="-3709" heading="0" respawnDelay="30" />
		<npc id="20579" x="92196" y="88852" z="-3569" heading="61404" respawnDelay="30" />
		<npc id="20579" x="92004" y="86477" z="-3584" heading="39721" respawnDelay="30" />
		<npc id="20579" x="91977" y="87005" z="-3569" heading="44557" respawnDelay="30" />
		<npc id="20579" x="91699" y="87761" z="-3569" heading="19436" respawnDelay="30" />
		<npc id="20579" x="93378" y="82066" z="-3672" heading="4595" respawnDelay="30" />
		<npc id="20579" x="94699" y="82461" z="-3730" heading="2792" respawnDelay="30" />
		<npc id="20579" x="92666" y="83983" z="-3691" heading="62898" respawnDelay="30" />
		<npc id="20579" x="94058" y="77681" z="-3411" heading="8597" respawnDelay="30" />
		<npc id="20579" x="93879" y="80630" z="-3603" heading="22902" respawnDelay="30" />
		<npc id="20579" x="97601" y="79417" z="-3695" heading="22577" respawnDelay="30" />
		<npc id="20579" x="96228" y="78786" z="-3613" heading="61810" respawnDelay="30" />
		<npc id="20579" x="95480" y="73206" z="-3742" heading="24414" respawnDelay="30" />
		<npc id="20579" x="95201" y="76577" z="-3493" heading="39776" respawnDelay="30" />
		<npc id="20579" x="96646" y="76850" z="-3614" heading="1315" respawnDelay="30" />
		<npc id="20579" x="88224" y="71960" z="-3423" heading="0" respawnDelay="30" />
		<npc id="20579" x="87921" y="72138" z="-3416" heading="0" respawnDelay="30" />
		<npc id="20579" x="90307" y="72656" z="-3640" heading="0" respawnDelay="30" />
		<npc id="20579" x="86616" y="75797" z="-3630" heading="46374" respawnDelay="30" />
		<npc id="20579" x="91928" y="78022" z="-3655" heading="57056" respawnDelay="30" />
		<npc id="20579" x="86601" y="79568" z="-3456" heading="0" respawnDelay="30" />
		<npc id="20579" x="85595" y="80280" z="-3672" heading="0" respawnDelay="30" />
		<npc id="20579" x="87103" y="79746" z="-3414" heading="0" respawnDelay="30" />
		<npc id="20580" x="95527" y="82397" z="-3724" heading="8618" respawnDelay="30" />
		<npc id="20580" x="85995" y="81483" z="-3589" heading="22172" respawnDelay="30" />
		<npc id="20580" x="89993" y="81237" z="-3692" heading="32556" respawnDelay="30" />
		<npc id="20580" x="90292" y="82072" z="-3614" heading="15145" respawnDelay="30" />
		<npc id="20580" x="93037" y="76888" z="-3460" heading="46583" respawnDelay="30" />
		<npc id="20580" x="94305" y="79926" z="-3646" heading="41494" respawnDelay="30" />
		<npc id="20580" x="93208" y="81217" z="-3551" heading="22969" respawnDelay="30" />
		<npc id="20580" x="95273" y="77665" z="-3494" heading="45963" respawnDelay="30" />
		<npc id="20580" x="98111" y="78621" z="-3723" heading="12264" respawnDelay="30" />
		<npc id="20580" x="97850" y="74008" z="-3724" heading="4048" respawnDelay="30" />
		<npc id="20580" x="95879" y="75138" z="-3628" heading="39120" respawnDelay="30" />
		<npc id="20580" x="96899" y="72927" z="-3742" heading="40301" respawnDelay="30" />
		<npc id="20580" x="88312" y="70565" z="-3385" heading="5912" respawnDelay="30" />
		<npc id="20580" x="87736" y="68895" z="-3603" heading="41478" respawnDelay="30" />
		<npc id="20580" x="91742" y="69265" z="-3522" heading="60750" respawnDelay="30" />
		<npc id="20580" x="90206" y="72122" z="-3576" heading="0" respawnDelay="30" />
		<npc id="20580" x="90911" y="72656" z="-3680" heading="0" respawnDelay="30" />
		<npc id="20580" x="90609" y="72478" z="-3672" heading="0" respawnDelay="30" />
		<npc id="20580" x="90846" y="74704" z="-3676" heading="61695" respawnDelay="30" />
		<npc id="20580" x="88746" y="73969" z="-3646" heading="49431" respawnDelay="30" />
		<npc id="20580" x="87767" y="77490" z="-3501" heading="48711" respawnDelay="30" />
		<npc id="20580" x="85796" y="79924" z="-3603" heading="0" respawnDelay="30" />
		<npc id="20580" x="85997" y="79924" z="-3576" heading="0" respawnDelay="30" />
		<npc id="20580" x="86702" y="79390" z="-3432" heading="0" respawnDelay="30" />
		<npc id="20580" x="86500" y="80102" z="-3480" heading="0" respawnDelay="30" />
		<npc id="20580" x="89372" y="75671" z="-3686" heading="4051" respawnDelay="30" />
		<npc id="20580" x="84537" y="79986" z="-3716" heading="29398" respawnDelay="30" />
		<npc id="20580" x="84791" y="72746" z="-3068" heading="33747" respawnDelay="30" />
		<npc id="20580" x="81110" y="77057" z="-3659" heading="25240" respawnDelay="30" />
		<npc id="20580" x="82545" y="77397" z="-3729" heading="7800" respawnDelay="30" />
		<npc id="20580" x="81256" y="74134" z="-3454" heading="60897" respawnDelay="30" />
		<npc id="20580" x="82186" y="78140" z="-3720" heading="0" respawnDelay="30" />
		<npc id="20580" x="82388" y="78496" z="-3736" heading="0" respawnDelay="30" />
		<npc id="20580" x="81985" y="78852" z="-3728" heading="0" respawnDelay="30" />
		<npc id="20581" x="93844" y="76370" z="-3365" heading="17951" respawnDelay="30" />
		<npc id="20581" x="94625" y="75283" z="-3530" heading="17925" respawnDelay="30" />
		<npc id="20581" x="90219" y="70335" z="-3479" heading="62538" respawnDelay="30" />
		<npc id="20581" x="87544" y="70081" z="-3346" heading="37837" respawnDelay="30" />
		<npc id="20581" x="86909" y="68625" z="-3472" heading="45652" respawnDelay="30" />
		<npc id="20581" x="90810" y="72478" z="-3680" heading="0" respawnDelay="30" />
		<npc id="20581" x="84432" y="78544" z="-3678" heading="27311" respawnDelay="30" />
		<npc id="20581" x="86721" y="79950" z="-3432" heading="18281" respawnDelay="30" />
		<npc id="20581" x="90056" y="77750" z="-3704" heading="27486" respawnDelay="30" />
		<npc id="20581" x="86802" y="79568" z="-3416" heading="0" respawnDelay="30" />
		<npc id="20581" x="86198" y="79924" z="-3528" heading="0" respawnDelay="30" />
		<npc id="20581" x="86198" y="80280" z="-3544" heading="0" respawnDelay="30" />
		<npc id="20581" x="86461" y="73852" z="-3486" heading="26143" respawnDelay="30" />
		<npc id="20581" x="84463" y="75824" z="-3669" heading="10394" respawnDelay="30" />
		<npc id="20581" x="87639" y="74375" z="-3557" heading="28335" respawnDelay="30" />
		<npc id="20581" x="79523" y="74742" z="-3642" heading="33886" respawnDelay="30" />
		<npc id="20581" x="83228" y="73888" z="-3373" heading="62980" respawnDelay="30" />
		<npc id="20581" x="78807" y="74398" z="-3708" heading="0" respawnDelay="30" />
		<npc id="20581" x="79489" y="75839" z="-3649" heading="46555" respawnDelay="30" />
		<npc id="20581" x="79705" y="78468" z="-3555" heading="0" respawnDelay="30" />
		<npc id="20581" x="81884" y="78674" z="-3721" heading="0" respawnDelay="30" />
		<npc id="20581" x="81941" y="78346" z="-3716" heading="36957" respawnDelay="30" />
		<npc id="20581" x="83216" y="78826" z="-3728" heading="11521" respawnDelay="30" />
		<npc id="20581" x="83957" y="82725" z="-3448" heading="4560" respawnDelay="30" />
		<npc id="20581" x="83134" y="81058" z="-3630" heading="2513" respawnDelay="30" />
		<npc id="20581" x="83602" y="82926" z="-3392" heading="0" respawnDelay="30" />
		<npc id="20582" x="86097" y="74853" z="-3607" heading="38338" respawnDelay="30" />
		<npc id="20582" x="88362" y="73250" z="-3572" heading="7038" respawnDelay="30" />
		<npc id="20582" x="80160" y="75408" z="-3788" heading="0" respawnDelay="30" />
		<npc id="20582" x="84831" y="76914" z="-3637" heading="2843" respawnDelay="30" />
		<npc id="20582" x="85336" y="75663" z="-3667" heading="55692" respawnDelay="30" />
		<npc id="20582" x="83259" y="76857" z="-3734" heading="21354" respawnDelay="30" />
		<npc id="20582" x="79906" y="78112" z="-3529" heading="0" respawnDelay="30" />
		<npc id="20582" x="79805" y="78646" z="-3574" heading="0" respawnDelay="30" />
		<npc id="20582" x="80918" y="75996" z="-3650" heading="58000" respawnDelay="30" />
		<npc id="20582" x="85441" y="78868" z="-3568" heading="64248" respawnDelay="30" />
		<npc id="20582" x="81885" y="79386" z="-3680" heading="0" respawnDelay="30" />
		<npc id="20582" x="79274" y="79250" z="-3659" heading="28864" respawnDelay="30" />
		<npc id="20582" x="83401" y="82570" z="-3564" heading="0" respawnDelay="30" />
		<npc id="20763" x="90244" y="86737" z="-3282" heading="63181" respawnDelay="50" />
		<npc id="20763" x="94558" y="81672" z="-3686" heading="35995" respawnDelay="50" />
		<npc id="20763" x="92934" y="85136" z="-3690" heading="4388" respawnDelay="50" />
		<npc id="20763" x="92169" y="78984" z="-3673" heading="20559" respawnDelay="50" />
		<npc id="20763" x="96679" y="78258" z="-3613" heading="29268" respawnDelay="50" />
		<npc id="20763" x="88225" y="68525" z="-3657" heading="42553" respawnDelay="50" />
		<npc id="20763" x="88866" y="65890" z="-3706" heading="53977" respawnDelay="50" />
		<npc id="20763" x="93278" y="70298" z="-3598" heading="57806" respawnDelay="50" />
		<npc id="20763" x="86038" y="77084" z="-3639" heading="25637" respawnDelay="50" />
		<npc id="20763" x="85101" y="81039" z="-3663" heading="20715" respawnDelay="50" />
		<npc id="20763" x="86402" y="72989" z="-3336" heading="11419" respawnDelay="50" />
		<npc id="20763" x="79625" y="73490" z="-3443" heading="4747" respawnDelay="50" />
		<npc id="20763" x="79906" y="78112" z="-3764" heading="0" respawnDelay="50" />
		<npc id="20763" x="82409" y="78024" z="-3722" heading="25462" respawnDelay="50" />
		<npc id="20780" x="74523" y="91806" z="-3373" heading="24113" respawnDelay="30" />
		<npc id="20780" x="84550" y="90991" z="-3538" heading="574" respawnDelay="30" />
		<npc id="20780" x="84162" y="91989" z="-3538" heading="20786" respawnDelay="30" />
		<npc id="20780" x="83063" y="92089" z="-3538" heading="28662" respawnDelay="30" />
		<npc id="20780" x="83441" y="93405" z="-3463" heading="45903" respawnDelay="30" />
		<npc id="20780" x="81787" y="93934" z="-3539" heading="26508" respawnDelay="30" />
		<npc id="20780" x="83814" y="94520" z="-3461" heading="18723" respawnDelay="30" />
		<npc id="20780" x="86865" y="94100" z="-3462" heading="48496" respawnDelay="30" />
		<npc id="20780" x="84453" y="94853" z="-3447" heading="27575" respawnDelay="30" />
		<npc id="20780" x="86257" y="92523" z="-3355" heading="21144" respawnDelay="30" />
		<npc id="20780" x="86285" y="91625" z="-3355" heading="47577" respawnDelay="30" />
		<npc id="20780" x="87404" y="92510" z="-3355" heading="18821" respawnDelay="30" />
		<npc id="20780" x="79806" y="77287" z="-3490" heading="34728" respawnDelay="30" />
		<npc id="20780" x="78531" y="72947" z="-3493" heading="44092" respawnDelay="30" />
		<npc id="20780" x="78404" y="74754" z="-3708" heading="0" respawnDelay="30" />
		<npc id="20780" x="79906" y="78112" z="-3764" heading="0" respawnDelay="30" />
		<npc id="20780" x="79906" y="78824" z="-3764" heading="0" respawnDelay="30" />
		<npc id="20780" x="80108" y="78468" z="-3764" heading="0" respawnDelay="30" />
		<npc id="20780" x="80208" y="78290" z="-3764" heading="0" respawnDelay="30" />
		<npc id="20780" x="80510" y="78468" z="-3764" heading="0" respawnDelay="30" />
		<npc id="20780" x="83300" y="82392" z="-3564" heading="0" respawnDelay="30" />
		<npc id="20780" x="83197" y="86728" z="-3247" heading="49829" respawnDelay="30" />
		<npc id="20780" x="83328" y="86828" z="-3528" heading="0" respawnDelay="30" />
		<npc id="20780" x="84127" y="85787" z="-3118" heading="56084" respawnDelay="30" />
	</spawn>
</list>
