<?xml version="1.0" encoding="UTF-8"?>
<list enabled="true" xmlns:xsi="http://www.w3.org/2001/XMLSchema-instance" xsi:noNamespaceSchemaLocation="../xsd/spawns.xsd">
	<spawn name="SkyshadowMeadow">
		<npc id="20583" x="72116" y="77258" z="-3449" heading="45649" respawnDelay="40" />
		<npc id="20583" x="73807" y="80826" z="-3491" heading="8499" respawnDelay="40" />
		<npc id="20583" x="70457" y="80915" z="-3664" heading="14231" respawnDelay="40" />
		<npc id="20583" x="68282" y="78689" z="-3640" heading="41369" respawnDelay="40" />
		<npc id="20583" x="71181" y="79580" z="-3724" heading="0" respawnDelay="40" />
		<npc id="20583" x="68364" y="81538" z="-3616" heading="21293" respawnDelay="40" />
		<npc id="20583" x="70918" y="86099" z="-3304" heading="13205" respawnDelay="40" />
		<npc id="20583" x="68102" y="84628" z="-3553" heading="8692" respawnDelay="40" />
		<npc id="20583" x="71430" y="84638" z="-3640" heading="0" respawnDelay="40" />
		<npc id="20583" x="69687" y="88422" z="-3337" heading="26415" respawnDelay="40" />
		<npc id="20583" x="72753" y="82224" z="-3704" heading="0" respawnDelay="40" />
		<npc id="20583" x="73651" y="82836" z="-3562" heading="52215" respawnDelay="40" />
		<npc id="20583" x="70864" y="82007" z="-3574" heading="42231" respawnDelay="40" />
		<npc id="20583" x="73436" y="84107" z="-3557" heading="246" respawnDelay="40" />
		<npc id="20583" x="71445" y="82758" z="-3424" heading="0" respawnDelay="40" />
		<npc id="20583" x="71847" y="82758" z="-3472" heading="0" respawnDelay="40" />
		<npc id="20583" x="74691" y="88548" z="-3208" heading="0" respawnDelay="40" />
		<npc id="20583" x="76049" y="86209" z="-3468" heading="52023" respawnDelay="40" />
		<npc id="20584" x="73195" y="67710" z="-3703" heading="0" respawnDelay="40" />
		<npc id="20584" x="72994" y="67710" z="-3703" heading="0" respawnDelay="40" />
		<npc id="20584" x="74121" y="69758" z="-3615" heading="19646" respawnDelay="40" />
		<npc id="20584" x="74010" y="70439" z="-3656" heading="0" respawnDelay="40" />
		<npc id="20584" x="74399" y="71534" z="-3634" heading="0" respawnDelay="40" />
		<npc id="20584" x="73413" y="73008" z="-3427" heading="65480" respawnDelay="40" />
		<npc id="20584" x="73766" y="72093" z="-3567" heading="6696" respawnDelay="40" />
		<npc id="20584" x="65042" y="72974" z="-3723" heading="47831" respawnDelay="40" />
		<npc id="20584" x="68157" y="71810" z="-3619" heading="0" respawnDelay="40" />
		<npc id="20584" x="68559" y="71454" z="-3615" heading="0" respawnDelay="40" />
		<npc id="20584" x="70849" y="76961" z="-3633" heading="27590" respawnDelay="40" />
		<npc id="20584" x="71540" y="71408" z="-3665" heading="1327" respawnDelay="40" />
		<npc id="20584" x="72266" y="79576" z="-3704" heading="0" respawnDelay="40" />
		<npc id="20584" x="71706" y="81054" z="-3695" heading="18432" respawnDelay="40" />
		<npc id="20584" x="72165" y="79042" z="-3704" heading="0" respawnDelay="40" />
		<npc id="20584" x="69967" y="79836" z="-3620" heading="7388" respawnDelay="40" />
		<npc id="20584" x="67925" y="82982" z="-3708" heading="0" respawnDelay="40" />
		<npc id="20584" x="69534" y="83976" z="-3509" heading="61346" respawnDelay="40" />
		<npc id="20584" x="68669" y="86946" z="-3543" heading="24357" respawnDelay="40" />
		<npc id="20584" x="70478" y="88202" z="-3357" heading="13673" respawnDelay="40" />
		<npc id="20584" x="72948" y="83600" z="-3475" heading="28791" respawnDelay="40" />
		<npc id="20584" x="75151" y="83369" z="-3543" heading="4782" respawnDelay="40" />
		<npc id="20584" x="73680" y="86354" z="-3254" heading="10845" respawnDelay="40" />
		<npc id="20584" x="72419" y="82902" z="-3475" heading="42951" respawnDelay="40" />
		<npc id="20584" x="75794" y="87895" z="-3312" heading="55513" respawnDelay="40" />
		<npc id="20585" x="70229" y="60688" z="-3419" heading="49653" respawnDelay="40" />
		<npc id="20585" x="71318" y="59773" z="-3335" heading="19244" respawnDelay="40" />
		<npc id="20585" x="70063" y="62240" z="-3389" heading="15926" respawnDelay="40" />
		<npc id="20585" x="72386" y="62548" z="-3351" heading="0" respawnDelay="40" />
		<npc id="20585" x="72440" y="63522" z="-3451" heading="0" respawnDelay="40" />
		<npc id="20585" x="74290" y="57804" z="-2813" heading="0" respawnDelay="40" />
		<npc id="20585" x="74592" y="57982" z="-2801" heading="0" respawnDelay="40" />
		<npc id="20585" x="71829" y="65092" z="-3621" heading="449" respawnDelay="40" />
		<npc id="20585" x="67122" y="65284" z="-3684" heading="59201" respawnDelay="40" />
		<npc id="20585" x="68565" y="66732" z="-3666" heading="0" respawnDelay="40" />
		<npc id="20585" x="69044" y="64755" z="-3710" heading="28928" respawnDelay="40" />
		<npc id="20585" x="67746" y="64004" z="-3700" heading="45174" respawnDelay="40" />
		<npc id="20585" x="70087" y="65884" z="-3632" heading="7805" respawnDelay="40" />
		<npc id="20585" x="72692" y="67532" z="-3703" heading="0" respawnDelay="40" />
		<npc id="20585" x="72491" y="67888" z="-3703" heading="0" respawnDelay="40" />
		<npc id="20585" x="74168" y="70193" z="-3640" heading="0" respawnDelay="40" />
		<npc id="20585" x="74599" y="70466" z="-3691" heading="0" respawnDelay="40" />
		<npc id="20585" x="72651" y="69733" z="-3497" heading="40312" respawnDelay="40" />
		<npc id="20585" x="75520" y="71888" z="-3629" heading="4297" respawnDelay="40" />
		<npc id="20585" x="73802" y="70669" z="-3663" heading="40662" respawnDelay="40" />
		<npc id="20585" x="76356" y="71672" z="-3748" heading="60306" respawnDelay="40" />
		<npc id="20585" x="76539" y="72741" z="-3747" heading="5257" respawnDelay="40" />
		<npc id="20585" x="73341" y="74546" z="-3318" heading="26721" respawnDelay="40" />
		<npc id="20585" x="65494" y="69406" z="-3723" heading="39535" respawnDelay="40" />
		<npc id="20585" x="66365" y="70892" z="-3732" heading="45892" respawnDelay="40" />
		<npc id="20585" x="67281" y="71667" z="-3674" heading="6182" respawnDelay="40" />
		<npc id="20585" x="66617" y="71734" z="-3718" heading="1075" respawnDelay="40" />
		<npc id="20585" x="68112" y="70968" z="-3641" heading="0" respawnDelay="40" />
		<npc id="20585" x="67860" y="70879" z="-3645" heading="0" respawnDelay="40" />
		<npc id="20585" x="65849" y="72197" z="-3723" heading="25740" respawnDelay="40" />
		<npc id="20585" x="70227" y="75400" z="-3714" heading="58087" respawnDelay="40" />
		<npc id="20585" x="70959" y="71397" z="-3691" heading="48058" respawnDelay="40" />
		<npc id="20585" x="70792" y="72192" z="-3681" heading="15886" respawnDelay="40" />
		<npc id="20585" x="72266" y="78864" z="-3704" heading="0" respawnDelay="40" />
		<npc id="20585" x="72647" y="80130" z="-3467" heading="15168" respawnDelay="40" />
		<npc id="20585" x="71800" y="79615" z="-3550" heading="24932" respawnDelay="40" />
		<npc id="20585" x="73561" y="79751" z="-3379" heading="3548" respawnDelay="40" />
		<npc id="20585" x="69302" y="78491" z="-3660" heading="63000" respawnDelay="40" />
		<npc id="20585" x="69676" y="80171" z="-3611" heading="17926" respawnDelay="40" />
		<npc id="20585" x="69719" y="82399" z="-3574" heading="94" respawnDelay="40" />
		<npc id="20585" x="69379" y="84927" z="-3526" heading="39744" respawnDelay="40" />
		<npc id="20585" x="68231" y="82761" z="-3617" heading="50515" respawnDelay="40" />
		<npc id="20585" x="69111" y="87711" z="-3463" heading="20462" respawnDelay="40" />
		<npc id="20585" x="68558" y="85810" z="-3554" heading="25770" respawnDelay="40" />
		<npc id="20585" x="70048" y="87025" z="-3425" heading="5672" respawnDelay="40" />
		<npc id="20585" x="68879" y="84683" z="-3573" heading="29485" respawnDelay="40" />
		<npc id="20585" x="72836" y="84581" z="-3466" heading="46555" respawnDelay="40" />
		<npc id="20585" x="70608" y="83342" z="-3305" heading="56055" respawnDelay="40" />
		<npc id="20585" x="71312" y="83794" z="-3294" heading="19314" respawnDelay="40" />
		<npc id="20585" x="72946" y="82469" z="-3583" heading="38024" respawnDelay="40" />
		<npc id="20585" x="71762" y="81504" z="-3670" heading="45334" respawnDelay="40" />
		<npc id="20585" x="73741" y="87341" z="-3207" heading="49660" respawnDelay="40" />
		<npc id="20585" x="75116" y="89155" z="-3219" heading="18607" respawnDelay="40" />
		<npc id="20586" x="73122" y="36486" z="-3287" heading="62434" respawnDelay="40" />
		<npc id="20586" x="71054" y="36866" z="-3664" heading="0" respawnDelay="40" />
		<npc id="20586" x="66878" y="36742" z="-3672" heading="0" respawnDelay="40" />
		<npc id="20586" x="67769" y="37364" z="-3698" heading="0" respawnDelay="40" />
		<npc id="20586" x="64291" y="44057" z="-3704" heading="20127" respawnDelay="40" />
		<npc id="20586" x="66797" y="41284" z="-3728" heading="0" respawnDelay="40" />
		<npc id="20586" x="65784" y="45924" z="-3904" heading="0" respawnDelay="40" />
		<npc id="20586" x="68623" y="46274" z="-3244" heading="0" respawnDelay="40" />
		<npc id="20586" x="66603" y="48160" z="-3833" heading="0" respawnDelay="40" />
		<npc id="20586" x="69378" y="51795" z="-3455" heading="26274" respawnDelay="40" />
		<npc id="20586" x="69428" y="53273" z="-3625" heading="15703" respawnDelay="40" />
		<npc id="20586" x="71421" y="49839" z="-3516" heading="57772" respawnDelay="40" />
		<npc id="20586" x="68033" y="53211" z="-3648" heading="16116" respawnDelay="40" />
		<npc id="20586" x="71763" y="51296" z="-3513" heading="16268" respawnDelay="40" />
		<npc id="20586" x="69935" y="49598" z="-3760" heading="0" respawnDelay="40" />
		<npc id="20586" x="73379" y="45550" z="-3720" heading="0" respawnDelay="40" />
		<npc id="20586" x="75197" y="43485" z="-2897" heading="41917" respawnDelay="40" />
		<npc id="20586" x="77913" y="42546" z="-2924" heading="3365" respawnDelay="40" />
		<npc id="20586" x="68918" y="55740" z="-3578" heading="0" respawnDelay="40" />
		<npc id="20586" x="69220" y="55918" z="-3594" heading="0" respawnDelay="40" />
		<npc id="20586" x="68817" y="55918" z="-3576" heading="0" respawnDelay="40" />
		<npc id="20586" x="71361" y="60584" z="-3298" heading="0" respawnDelay="40" />
		<npc id="20586" x="70555" y="60228" z="-3441" heading="0" respawnDelay="40" />
		<npc id="20586" x="70876" y="58498" z="-3456" heading="46634" respawnDelay="40" />
		<npc id="20586" x="72789" y="62192" z="-3323" heading="0" respawnDelay="40" />
		<npc id="20586" x="73941" y="65712" z="-3661" heading="14047" respawnDelay="40" />
		<npc id="20586" x="74690" y="58903" z="-2664" heading="0" respawnDelay="40" />
		<npc id="20586" x="74693" y="58160" z="-2693" heading="0" respawnDelay="40" />
		<npc id="20586" x="74243" y="58205" z="-2690" heading="0" respawnDelay="40" />
		<npc id="20586" x="70537" y="64265" z="-3562" heading="57413" respawnDelay="40" />
		<npc id="20586" x="68652" y="63390" z="-3652" heading="47912" respawnDelay="40" />
		<npc id="20586" x="66001" y="66017" z="-3723" heading="27885" respawnDelay="40" />
		<npc id="20586" x="69676" y="63307" z="-3521" heading="52989" respawnDelay="40" />
		<npc id="20586" x="69550" y="65799" z="-3639" heading="17498" respawnDelay="40" />
		<npc id="20586" x="72692" y="67888" z="-3703" heading="0" respawnDelay="40" />
		<npc id="20586" x="73597" y="67710" z="-3703" heading="0" respawnDelay="40" />
		<npc id="20586" x="75294" y="69406" z="-3799" heading="26231" respawnDelay="40" />
		<npc id="20586" x="73337" y="71852" z="-3561" heading="59764" respawnDelay="40" />
		<npc id="20586" x="74853" y="68219" z="-3740" heading="32462" respawnDelay="40" />
		<npc id="20586" x="74197" y="70466" z="-3664" heading="0" respawnDelay="40" />
		<npc id="20586" x="75577" y="74012" z="-3596" heading="1640" respawnDelay="40" />
		<npc id="20586" x="72596" y="71188" z="-3576" heading="43079" respawnDelay="40" />
		<npc id="20586" x="74516" y="72748" z="-3487" heading="7479" respawnDelay="40" />
		<npc id="20586" x="65324" y="70222" z="-3713" heading="37652" respawnDelay="40" />
		<npc id="20586" x="67349" y="72323" z="-3670" heading="63426" respawnDelay="40" />
		<npc id="20586" x="69334" y="70972" z="-3648" heading="2018" respawnDelay="40" />
		<npc id="20586" x="65002" y="71201" z="-3691" heading="35518" respawnDelay="40" />
		<npc id="20586" x="65215" y="71997" z="-3717" heading="28802" respawnDelay="40" />
		<npc id="20586" x="66291" y="72648" z="-3726" heading="62770" respawnDelay="40" />
		<npc id="20586" x="70458" y="76111" z="-3725" heading="44440" respawnDelay="40" />
		<npc id="20586" x="71824" y="72255" z="-3630" heading="17814" respawnDelay="40" />
		<npc id="20587" x="70752" y="36332" z="-3664" heading="0" respawnDelay="40" />
		<npc id="20587" x="74268" y="34065" z="-3714" heading="55143" respawnDelay="40" />
		<npc id="20587" x="67703" y="36751" z="-3677" heading="0" respawnDelay="40" />
		<npc id="20587" x="67568" y="37364" z="-3690" heading="0" respawnDelay="40" />
		<npc id="20587" x="66194" y="41284" z="-3764" heading="0" respawnDelay="40" />
		<npc id="20587" x="65571" y="44078" z="-3712" heading="943" respawnDelay="40" />
		<npc id="20587" x="67516" y="45740" z="-3820" heading="0" respawnDelay="40" />
		<npc id="20587" x="68321" y="46096" z="-3351" heading="0" respawnDelay="40" />
		<npc id="20587" x="62520" y="47591" z="-3625" heading="30884" respawnDelay="40" />
		<npc id="20587" x="70888" y="50801" z="-3513" heading="3421" respawnDelay="40" />
		<npc id="20587" x="70008" y="52184" z="-3473" heading="9088" respawnDelay="40" />
		<npc id="20587" x="67756" y="51746" z="-3659" heading="46430" respawnDelay="40" />
		<npc id="20587" x="69632" y="48708" z="-3760" heading="0" respawnDelay="40" />
		<npc id="20587" x="72876" y="45372" z="-3720" heading="0" respawnDelay="40" />
		<npc id="20587" x="74952" y="42856" z="-3268" heading="0" respawnDelay="40" />
		<npc id="20587" x="74522" y="40508" z="-3220" heading="0" respawnDelay="40" />
		<npc id="20587" x="68314" y="56452" z="-3669" heading="0" respawnDelay="40" />
		<npc id="20587" x="68515" y="56452" z="-3648" heading="0" respawnDelay="40" />
		<npc id="20587" x="70656" y="59694" z="-3478" heading="0" respawnDelay="40" />
		<npc id="20587" x="70454" y="60406" z="-3431" heading="0" respawnDelay="40" />
		<npc id="20587" x="72688" y="63082" z="-3449" heading="0" respawnDelay="40" />
		<npc id="20587" x="74066" y="63679" z="-3542" heading="32471" respawnDelay="40" />
		<npc id="20587" x="75096" y="58516" z="-2673" heading="0" respawnDelay="40" />
		<npc id="20587" x="74893" y="57804" z="-2832" heading="0" respawnDelay="40" />
		<npc id="20587" x="67083" y="66978" z="-3687" heading="1775" respawnDelay="40" />
		<npc id="20587" x="67960" y="66376" z="-3643" heading="0" respawnDelay="40" />
		<npc id="20587" x="64788" y="66771" z="-3688" heading="7792" respawnDelay="40" />
		<npc id="20587" x="69942" y="67389" z="-3607" heading="11731" respawnDelay="40" />
		<npc id="20587" x="68162" y="66020" z="-3655" heading="0" respawnDelay="40" />
		<npc id="20588" x="72588" y="35178" z="-3573" heading="48923" respawnDelay="40" />
		<npc id="20588" x="73119" y="34079" z="-3701" heading="51999" respawnDelay="40" />
		<npc id="20588" x="65172" y="36969" z="-3776" heading="27861" respawnDelay="40" />
		<npc id="20588" x="72645" y="38567" z="-3280" heading="6790" respawnDelay="40" />
		<npc id="20588" x="67367" y="37720" z="-3700" heading="0" respawnDelay="40" />
		<npc id="20588" x="64644" y="39827" z="-3769" heading="44937" respawnDelay="40" />
		<npc id="20588" x="64506" y="41337" z="-3763" heading="40576" respawnDelay="40" />
		<npc id="20588" x="67840" y="47587" z="-3829" heading="0" respawnDelay="40" />
		<npc id="20588" x="65310" y="45068" z="-3800" heading="39237" respawnDelay="40" />
		<npc id="20588" x="65026" y="46937" z="-3835" heading="47604" respawnDelay="40" />
		<npc id="20588" x="66402" y="48872" z="-3724" heading="0" respawnDelay="40" />
		<npc id="20588" x="68939" y="50884" z="-3764" heading="0" respawnDelay="40" />
		<npc id="20588" x="67844" y="50506" z="-3590" heading="45874" respawnDelay="40" />
		<npc id="20588" x="67098" y="50945" z="-3524" heading="1243" respawnDelay="40" />
		<npc id="20588" x="68573" y="54368" z="-3594" heading="51338" respawnDelay="40" />
		<npc id="20588" x="69300" y="49027" z="-3657" heading="37939" respawnDelay="40" />
		<npc id="20588" x="73078" y="45728" z="-3720" heading="0" respawnDelay="40" />
		<npc id="20588" x="80045" y="42226" z="-3234" heading="556" respawnDelay="40" />
		<npc id="20588" x="74280" y="41349" z="-2880" heading="7614" respawnDelay="40" />
		<npc id="20588" x="67267" y="56367" z="-3710" heading="31350" respawnDelay="40" />
		<npc id="20588" x="69512" y="57287" z="-3656" heading="35003" respawnDelay="40" />
		<npc id="20767" x="71123" y="36354" z="-3187" heading="60566" respawnDelay="40" />
		<npc id="20767" x="71170" y="38508" z="-3355" heading="26099" respawnDelay="40" />
		<npc id="20767" x="69127" y="38435" z="-3574" heading="27762" respawnDelay="40" />
		<npc id="20767" x="67180" y="36564" z="-3638" heading="0" respawnDelay="40" />
		<npc id="20767" x="64513" y="36070" z="-3750" heading="45011" respawnDelay="40" />
		<npc id="20767" x="63654" y="39016" z="-3703" heading="30155" respawnDelay="40" />
		<npc id="20767" x="64883" y="37940" z="-3749" heading="50201" respawnDelay="40" />
		<npc id="20767" x="64787" y="42843" z="-3727" heading="40521" respawnDelay="40" />
		<npc id="20767" x="66395" y="41284" z="-3736" heading="0" respawnDelay="40" />
		<npc id="20767" x="68049" y="41006" z="-3686" heading="61624" respawnDelay="40" />
		<npc id="20767" x="67300" y="47847" z="-3819" heading="44707" respawnDelay="40" />
		<npc id="20767" x="66623" y="47009" z="-3911" heading="41353" respawnDelay="40" />
		<npc id="20767" x="66200" y="45164" z="-3804" heading="43055" respawnDelay="40" />
		<npc id="20767" x="66731" y="46414" z="-3907" heading="46860" respawnDelay="40" />
		<npc id="20767" x="68266" y="48494" z="-3706" heading="59487" respawnDelay="40" />
		<npc id="20767" x="65489" y="49565" z="-3663" heading="36047" respawnDelay="40" />
		<npc id="20767" x="65532" y="51221" z="-3563" heading="26096" respawnDelay="40" />
		<npc id="20767" x="69632" y="48708" z="-3760" heading="0" respawnDelay="40" />
		<npc id="20767" x="72150" y="48567" z="-3508" heading="60437" respawnDelay="40" />
		<npc id="20767" x="70872" y="49119" z="-3648" heading="65249" respawnDelay="40" />
		<npc id="20767" x="67161" y="50056" z="-3542" heading="28357" respawnDelay="40" />
		<npc id="20767" x="72876" y="45372" z="-3720" heading="0" respawnDelay="40" />
		<npc id="20767" x="72574" y="45550" z="-3720" heading="0" respawnDelay="40" />
		<npc id="20767" x="72674" y="45728" z="-3720" heading="0" respawnDelay="40" />
		<npc id="20767" x="80626" y="44690" z="-3169" heading="7067" respawnDelay="40" />
		<npc id="20767" x="76711" y="41696" z="-2997" heading="53883" respawnDelay="40" />
		<npc id="20767" x="75498" y="44841" z="-2896" heading="20144" respawnDelay="40" />
		<npc id="20767" x="74885" y="38449" z="-2997" heading="54089" respawnDelay="40" />
		<npc id="20767" x="73179" y="42342" z="-2653" heading="62749" respawnDelay="40" />
		<npc id="20767" x="74909" y="42453" z="-2910" heading="31434" respawnDelay="40" />
		<npc id="20767" x="63690" y="54464" z="-3707" heading="35110" respawnDelay="40" />
		<npc id="20767" x="65591" y="56340" z="-3524" heading="29843" respawnDelay="40" />
		<npc id="20767" x="70921" y="57560" z="-3424" heading="54121" respawnDelay="40" />
		<npc id="20767" x="69522" y="60748" z="-3521" heading="27695" respawnDelay="40" />
		<npc id="20767" x="70013" y="58739" z="-3625" heading="38227" respawnDelay="40" />
		<npc id="20767" x="71541" y="58990" z="-3322" heading="24718" respawnDelay="40" />
		<npc id="20767" x="72386" y="62548" z="-3384" heading="0" respawnDelay="40" />
		<npc id="20767" x="72303" y="63099" z="-3384" heading="0" respawnDelay="40" />
		<npc id="20767" x="72843" y="62873" z="-3443" heading="0" respawnDelay="40" />
		<npc id="20767" x="72487" y="62726" z="-3375" heading="0" respawnDelay="40" />
		<npc id="20767" x="72710" y="60536" z="-3110" heading="25052" respawnDelay="40" />
		<npc id="20767" x="73971" y="61230" z="-3008" heading="19183" respawnDelay="40" />
		<npc id="20767" x="73621" y="59585" z="-2853" heading="10170" respawnDelay="40" />
		<npc id="20767" x="72186" y="58075" z="-3075" heading="30488" respawnDelay="40" />
		<npc id="20767" x="64879" y="65564" z="-3681" heading="32730" respawnDelay="40" />
		<npc id="20767" x="66943" y="64289" z="-3700" heading="54998" respawnDelay="40" />
		<npc id="20767" x="66720" y="68207" z="-3709" heading="35595" respawnDelay="40" />
		<npc id="20767" x="74096" y="70288" z="-3608" heading="0" respawnDelay="40" />
		<npc id="20767" x="72044" y="73557" z="-3519" heading="61567" respawnDelay="40" />
		<npc id="20767" x="72934" y="68897" z="-3580" heading="31325" respawnDelay="40" />
		<npc id="20767" x="67647" y="70714" z="-3644" heading="53152" respawnDelay="40" />
		<npc id="20767" x="64248" y="70585" z="-3522" heading="36253" respawnDelay="40" />
		<npc id="20767" x="69570" y="69913" z="-3700" heading="51430" respawnDelay="40" />
		<npc id="20767" x="70673" y="74796" z="-3677" heading="59202" respawnDelay="40" />
		<npc id="20767" x="72485" y="78071" z="-3303" heading="29218" respawnDelay="40" />
		<npc id="20767" x="68322" y="74434" z="-3582" heading="41586" respawnDelay="40" />
		<npc id="20767" x="69818" y="76845" z="-3702" heading="48682" respawnDelay="40" />
		<npc id="20767" x="69325" y="81606" z="-3652" heading="52926" respawnDelay="40" />
		<npc id="20767" x="69484" y="83174" z="-3560" heading="32513" respawnDelay="40" />
		<npc id="20767" x="68670" y="79838" z="-3628" heading="49243" respawnDelay="40" />
		<npc id="20767" x="69893" y="85683" z="-3430" heading="63405" respawnDelay="40" />
		<npc id="20767" x="70752" y="84620" z="-3357" heading="18769" respawnDelay="40" />
		<npc id="20767" x="73734" y="81756" z="-3542" heading="61345" respawnDelay="40" />
		<npc id="20767" x="74903" y="80037" z="-3468" heading="63156" respawnDelay="40" />
		<npc id="20767" x="72394" y="84815" z="-3360" heading="10096" respawnDelay="40" />
		<npc id="20767" x="73248" y="88094" z="-3059" heading="18940" respawnDelay="40" />
		<npc id="20767" x="71546" y="89631" z="-3127" heading="29744" respawnDelay="40" />
		<npc id="20767" x="73327" y="89541" z="-3066" heading="62004" respawnDelay="40" />
		<npc id="20947" x="78772" y="63174" z="-3637" heading="24951" respawnDelay="33" />
		<npc id="20947" x="80943" y="63641" z="-3665" heading="51027" respawnDelay="33" />
		<npc id="20947" x="79673" y="63688" z="-3642" heading="38012" respawnDelay="33" />
		<npc id="20947" x="80845" y="65198" z="-3149" heading="12180" respawnDelay="33" />
		<npc id="20947" x="81210" y="60794" z="-3448" heading="30545" respawnDelay="33" />
		<npc id="20947" x="80699" y="61394" z="-3812" heading="0" respawnDelay="33" />
		<npc id="20947" x="81105" y="62578" z="-3636" heading="48693" respawnDelay="33" />
		<npc id="20947" x="79587" y="62943" z="-3649" heading="32420" respawnDelay="33" />
		<npc id="20947" x="78037" y="63053" z="-3637" heading="36864" respawnDelay="33" />
		<npc id="20947" x="79880" y="61348" z="-3534" heading="55260" respawnDelay="33" />
		<npc id="20947" x="80672" y="61812" z="-3615" heading="16870" respawnDelay="33" />
		<npc id="20947" x="82023" y="62704" z="-3586" heading="64537" respawnDelay="33" />
		<npc id="20947" x="79815" y="65303" z="-2974" heading="11770" respawnDelay="33" />
		<npc id="20947" x="85089" y="63651" z="-3699" heading="18030" respawnDelay="33" />
		<npc id="20947" x="83837" y="59985" z="-3528" heading="48796" respawnDelay="33" />
		<npc id="20947" x="84134" y="59408" z="-3568" heading="34278" respawnDelay="33" />
		<npc id="20947" x="85173" y="61633" z="-3462" heading="60158" respawnDelay="33" />
		<npc id="20947" x="84205" y="63851" z="-3684" heading="30979" respawnDelay="33" />
		<npc id="20947" x="84826" y="60826" z="-3514" heading="19626" respawnDelay="33" />
		<npc id="20947" x="82736" y="58731" z="-3297" heading="59006" respawnDelay="33" />
		<npc id="20947" x="85876" y="62128" z="-3498" heading="19626" respawnDelay="33" />
		<npc id="20947" x="85923" y="57176" z="-3656" heading="51707" respawnDelay="33" />
		<npc id="20947" x="87521" y="59292" z="-3560" heading="54245" respawnDelay="33" />
		<npc id="20947" x="83552" y="60931" z="-3494" heading="46078" respawnDelay="33" />
		<npc id="20947" x="83694" y="62982" z="-3540" heading="24152" respawnDelay="33" />
		<npc id="20947" x="92484" y="58577" z="-3548" heading="49210" respawnDelay="33" />
		<npc id="20947" x="90984" y="60872" z="-3760" heading="0" respawnDelay="33" />
		<npc id="20947" x="90682" y="61050" z="-3760" heading="0" respawnDelay="33" />
		<npc id="20947" x="93176" y="62640" z="-3439" heading="63311" respawnDelay="33" />
		<npc id="20947" x="89072" y="59054" z="-3553" heading="31787" respawnDelay="33" />
		<npc id="20947" x="87672" y="58092" z="-3636" heading="49632" respawnDelay="33" />
		<npc id="20947" x="87604" y="61026" z="-3651" heading="24651" respawnDelay="33" />
		<npc id="20947" x="90526" y="62025" z="-3535" heading="15835" respawnDelay="33" />
		<npc id="20947" x="82234" y="47281" z="-3213" heading="44562" respawnDelay="33" />
		<npc id="20947" x="82778" y="48718" z="-3273" heading="44315" respawnDelay="33" />
		<npc id="20947" x="85368" y="53398" z="-3800" heading="0" respawnDelay="33" />
		<npc id="20947" x="86475" y="52508" z="-3800" heading="0" respawnDelay="33" />
		<npc id="20947" x="84532" y="51102" z="-3424" heading="14187" respawnDelay="33" />
		<npc id="20947" x="85173" y="54640" z="-3523" heading="64991" respawnDelay="33" />
		<npc id="20947" x="82957" y="50910" z="-3223" heading="35277" respawnDelay="33" />
		<npc id="20947" x="88188" y="56186" z="-3558" heading="45266" respawnDelay="33" />
		<npc id="20947" x="92358" y="68202" z="-3601" heading="31316" respawnDelay="33" />
		<npc id="20947" x="89047" y="62165" z="-3687" heading="37437" respawnDelay="33" />
		<npc id="20947" x="90623" y="63559" z="-3542" heading="48747" respawnDelay="33" />
		<npc id="20947" x="88110" y="64456" z="-3717" heading="24070" respawnDelay="33" />
		<npc id="20947" x="93237" y="65474" z="-3394" heading="1332" respawnDelay="33" />
		<npc id="20947" x="90602" y="67892" z="-3555" heading="28932" respawnDelay="33" />
		<npc id="20947" x="95803" y="65331" z="-2823" heading="65253" respawnDelay="33" />
		<npc id="20947" x="88870" y="67754" z="-3705" heading="31255" respawnDelay="33" />
		<npc id="20947" x="84425" y="67565" z="-3243" heading="25111" respawnDelay="33" />
		<npc id="20947" x="88744" y="65323" z="-3716" heading="32256" respawnDelay="33" />
		<npc id="20947" x="86228" y="65525" z="-3417" heading="53399" respawnDelay="33" />
		<npc id="20947" x="86327" y="66628" z="-3503" heading="3512" respawnDelay="33" />
		<npc id="20947" x="83551" y="67465" z="-3195" heading="37810" respawnDelay="33" />
		<npc id="20947" x="81681" y="65469" z="-3148" heading="34710" respawnDelay="33" />
		<npc id="20947" x="84323" y="65913" z="-2965" heading="24225" respawnDelay="33" />
		<npc id="20947" x="84773" y="69324" z="-3156" heading="16942" respawnDelay="33" />
		<npc id="20947" x="83506" y="68856" z="-3013" heading="35143" respawnDelay="33" />
		<npc id="20947" x="82263" y="66740" z="-2961" heading="48280" respawnDelay="33" />
		<npc id="20947" x="78727" y="70121" z="-3465" heading="5480" respawnDelay="33" />
		<npc id="20947" x="77637" y="63967" z="-3611" heading="59632" respawnDelay="33" />
		<npc id="20947" x="73989" y="64157" z="-3620" heading="37527" respawnDelay="33" />
		<npc id="20947" x="80407" y="70207" z="-3492" heading="6755" respawnDelay="33" />
		<npc id="20947" x="77703" y="67694" z="-2972" heading="8986" respawnDelay="33" />
		<npc id="20947" x="78907" y="64179" z="-3487" heading="19817" respawnDelay="33" />
		<npc id="20947" x="77383" y="69589" z="-3491" heading="15413" respawnDelay="33" />
		<npc id="20947" x="78848" y="68661" z="-3223" heading="8763" respawnDelay="33" />
		<npc id="20947" x="78854" y="66298" z="-2498" heading="23422" respawnDelay="33" />
		<npc id="20947" x="80443" y="66552" z="-2511" heading="3386" respawnDelay="33" />
		<npc id="20947" x="77882" y="65607" z="-2947" heading="10501" respawnDelay="33" />
		<npc id="20947" x="76387" y="65878" z="-3590" heading="46363" respawnDelay="33" />
		<npc id="20947" x="76374" y="63773" z="-3660" heading="38633" respawnDelay="33" />
		<npc id="20950" x="90804" y="51573" z="-3630" heading="32467" respawnDelay="33" />
		<npc id="20950" x="93789" y="50921" z="-3592" heading="2477" respawnDelay="33" />
		<npc id="20950" x="94259" y="53831" z="-3549" heading="23096" respawnDelay="33" />
		<npc id="20950" x="95501" y="52830" z="-3621" heading="64353" respawnDelay="33" />
		<npc id="20950" x="91238" y="46161" z="-3634" heading="27771" respawnDelay="33" />
		<npc id="20950" x="96217" y="47845" z="-3817" heading="3008" respawnDelay="33" />
		<npc id="20950" x="91377" y="49433" z="-3658" heading="16689" respawnDelay="33" />
		<npc id="20950" x="92294" y="48780" z="-3641" heading="16669" respawnDelay="33" />
		<npc id="20950" x="94940" y="49053" z="-3671" heading="6134" respawnDelay="33" />
		<npc id="20950" x="94828" y="44376" z="-3721" heading="64195" respawnDelay="33" />
		<npc id="20950" x="93651" y="44326" z="-3828" heading="0" respawnDelay="33" />
		<npc id="20950" x="94461" y="37376" z="-3343" heading="60553" respawnDelay="33" />
		<npc id="20950" x="90971" y="36869" z="-3372" heading="44335" respawnDelay="33" />
		<npc id="20950" x="92028" y="41037" z="-3358" heading="33759" respawnDelay="33" />
		<npc id="20950" x="87489" y="39906" z="-3271" heading="10260" respawnDelay="33" />
		<npc id="20950" x="91380" y="40461" z="-3379" heading="49755" respawnDelay="33" />
		<npc id="20953" x="93006" y="60860" z="-3288" heading="46066" respawnDelay="33" />
		<npc id="20953" x="91880" y="61744" z="-3567" heading="9890" respawnDelay="33" />
		<npc id="20953" x="88495" y="60207" z="-3595" heading="24166" respawnDelay="33" />
		<npc id="20953" x="90273" y="57765" z="-3754" heading="44098" respawnDelay="33" />
		<npc id="20953" x="90722" y="55305" z="-3706" heading="45505" respawnDelay="33" />
		<npc id="20953" x="87142" y="55871" z="-3648" heading="35133" respawnDelay="33" />
		<npc id="20953" x="85051" y="58264" z="-3601" heading="18239" respawnDelay="33" />
		<npc id="20953" x="85495" y="49082" z="-3681" heading="50113" respawnDelay="33" />
		<npc id="20953" x="84632" y="47000" z="-3674" heading="49011" respawnDelay="33" />
		<npc id="20953" x="85199" y="56228" z="-3509" heading="19838" respawnDelay="33" />
		<npc id="20953" x="86082" y="53326" z="-3660" heading="52019" respawnDelay="33" />
		<npc id="20953" x="88597" y="57338" z="-3695" heading="47899" respawnDelay="33" />
		<npc id="20953" x="86676" y="54796" z="-3792" heading="0" respawnDelay="33" />
		<npc id="20953" x="87280" y="54440" z="-3792" heading="0" respawnDelay="33" />
		<npc id="20953" x="90129" y="54302" z="-3719" heading="517" respawnDelay="33" />
		<npc id="20953" x="87681" y="54084" z="-3792" heading="0" respawnDelay="33" />
		<npc id="20953" x="93826" y="52893" z="-3749" heading="143" respawnDelay="33" />
		<npc id="20953" x="89566" y="53718" z="-3721" heading="14649" respawnDelay="33" />
		<npc id="20953" x="91207" y="51188" z="-3864" heading="0" respawnDelay="33" />
		<npc id="20953" x="94278" y="55738" z="-3336" heading="9467" respawnDelay="33" />
		<npc id="20953" x="92931" y="51773" z="-3614" heading="154" respawnDelay="33" />
		<npc id="20953" x="92001" y="51313" z="-3654" heading="15950" respawnDelay="33" />
		<npc id="20953" x="91983" y="53277" z="-3515" heading="47354" respawnDelay="33" />
		<npc id="20953" x="92174" y="54354" z="-3572" heading="36036" respawnDelay="33" />
		<npc id="20953" x="93318" y="49882" z="-3499" heading="54522" respawnDelay="33" />
		<npc id="20953" x="91731" y="47496" z="-3820" heading="0" respawnDelay="33" />
		<npc id="20953" x="92616" y="46702" z="-3632" heading="28790" respawnDelay="33" />
		<npc id="20953" x="92739" y="45595" z="-3673" heading="21742" respawnDelay="33" />
		<npc id="20953" x="93674" y="45368" z="-3623" heading="22105" respawnDelay="33" />
		<npc id="20953" x="91730" y="42256" z="-3335" heading="53350" respawnDelay="33" />
		<npc id="20953" x="91754" y="42104" z="-3768" heading="0" respawnDelay="33" />
		<npc id="20953" x="90986" y="45347" z="-3606" heading="22607" respawnDelay="33" />
		<npc id="20953" x="90958" y="44061" z="-3470" heading="18289" respawnDelay="33" />
		<npc id="20953" x="92414" y="43682" z="-3561" heading="12061" respawnDelay="33" />
		<npc id="20953" x="92385" y="37791" z="-3324" heading="56538" respawnDelay="33" />
		<npc id="20953" x="90912" y="38795" z="-3397" heading="54952" respawnDelay="33" />
		<npc id="20953" x="90425" y="40926" z="-3664" heading="0" respawnDelay="33" />
		<npc id="20953" x="93273" y="41110" z="-3348" heading="7486" respawnDelay="33" />
		<npc id="20953" x="93494" y="39251" z="-3262" heading="2621" respawnDelay="33" />
	</spawn>
</list>
