<?xml version="1.0" encoding="UTF-8"?>
<list enabled="true" xmlns:xsi="http://www.w3.org/2001/XMLSchema-instance" xsi:noNamespaceSchemaLocation="../xsd/spawns.xsd">
	<spawn name="StakatoNest">
		<npc id="22105" x="86804" y="-43686" z="-4133" heading="40562" respawnDelay="240" />
		<npc id="22105" x="87249" y="-42537" z="-4130" heading="29833" respawnDelay="240" />
		<npc id="22105" x="87061" y="-44127" z="-4133" heading="60195" respawnDelay="240" />
		<npc id="22105" x="85184" y="-47249" z="-4645" heading="30614" respawnDelay="240" />
		<npc id="22105" x="85051" y="-46894" z="-4645" heading="15468" respawnDelay="240" />
		<npc id="22105" x="85050" y="-46093" z="-4645" heading="16314" respawnDelay="240" />
		<npc id="22105" x="84863" y="-50158" z="-5134" heading="2442" respawnDelay="240" />
		<npc id="22105" x="83211" y="-45459" z="-4671" heading="60340" respawnDelay="240" />
		<npc id="22105" x="83969" y="-43054" z="-4638" heading="39114" respawnDelay="240" />
		<npc id="22105" x="84111" y="-42989" z="-4638" heading="4489" respawnDelay="240" />
		<npc id="22105" x="84507" y="-42195" z="-4671" heading="20357" respawnDelay="240" />
		<npc id="22105" x="84769" y="-42637" z="-4671" heading="54733" respawnDelay="240" />
		<npc id="22105" x="80508" y="-45235" z="-5134" heading="60805" respawnDelay="240" />
		<npc id="22105" x="80529" y="-46471" z="-5134" heading="53211" respawnDelay="240" />
		<npc id="22105" x="80505" y="-48787" z="-5120" heading="12711" respawnDelay="240" />
		<npc id="22105" x="77746" y="-46016" z="-5134" heading="14614" respawnDelay="240" />
		<npc id="22105" x="77698" y="-46557" z="-5134" heading="50834" respawnDelay="240" />
		<npc id="22105" x="77745" y="-47497" z="-5134" heading="49446" respawnDelay="240" />
		<npc id="22105" x="77134" y="-47821" z="-5134" heading="34770" respawnDelay="240" />
		<npc id="22105" x="76679" y="-47404" z="-5134" heading="24108" respawnDelay="240" />
		<npc id="22105" x="77094" y="-50421" z="-5640" heading="14371" respawnDelay="240" />
		<npc id="22105" x="77206" y="-51135" z="-5640" heading="20701" respawnDelay="240" />
		<npc id="22105" x="77623" y="-51702" z="-5640" heading="54579" respawnDelay="240" />
		<npc id="22105" x="77964" y="-52392" z="-5666" heading="53766" respawnDelay="240" />
		<npc id="22105" x="78006" y="-51342" z="-5640" heading="19886" respawnDelay="240" />
		<npc id="22105" x="80286" y="-52592" z="-5640" heading="59003" respawnDelay="240" />
		<npc id="22105" x="80829" y="-52717" z="-5640" heading="62332" respawnDelay="240" />
		<npc id="22105" x="81224" y="-52356" z="-5640" heading="14509" respawnDelay="240" />
		<npc id="22105" x="81070" y="-51402" z="-5640" heading="15237" respawnDelay="240" />
		<npc id="22105" x="75417" y="-47404" z="-5134" heading="56315" respawnDelay="240" />
		<npc id="22105" x="75103" y="-47593" z="-5134" heading="38419" respawnDelay="240" />
		<npc id="22105" x="77639" y="-42335" z="-5134" heading="39530" respawnDelay="240" />
		<npc id="22106" x="87735" y="-43072" z="-4133" heading="20678" respawnDelay="240" />
		<npc id="22106" x="87844" y="-43867" z="-4133" heading="9534" respawnDelay="240" />
		<npc id="22106" x="87986" y="-43635" z="-4133" heading="13147" respawnDelay="240" />
		<npc id="22106" x="87510" y="-42718" z="-4133" heading="22833" respawnDelay="240" />
		<npc id="22106" x="85562" y="-46359" z="-4645" heading="30460" respawnDelay="240" />
		<npc id="22106" x="86361" y="-46179" z="-4645" heading="3203" respawnDelay="240" />
		<npc id="22106" x="86263" y="-46846" z="-4645" heading="36379" respawnDelay="240" />
		<npc id="22106" x="85975" y="-47389" z="-4641" heading="48104" respawnDelay="240" />
		<npc id="22106" x="85236" y="-49960" z="-5134" heading="12771" respawnDelay="240" />
		<npc id="22106" x="84836" y="-49608" z="-5134" heading="25881" respawnDelay="240" />
		<npc id="22106" x="82275" y="-44946" z="-4645" heading="46969" respawnDelay="240" />
		<npc id="22106" x="83131" y="-44857" z="-4645" heading="1499" respawnDelay="240" />
		<npc id="22106" x="84024" y="-42260" z="-4645" heading="22469" respawnDelay="240" />
		<npc id="22106" x="84078" y="-42407" z="-4645" heading="52862" respawnDelay="240" />
		<npc id="22106" x="84113" y="-42744" z="-4645" heading="46873" respawnDelay="240" />
		<npc id="22106" x="79993" y="-45365" z="-5134" heading="7119" respawnDelay="240" />
		<npc id="22106" x="80639" y="-44462" z="-5134" heading="14176" respawnDelay="240" />
		<npc id="22106" x="80361" y="-44162" z="-5134" heading="38981" respawnDelay="240" />
		<npc id="22106" x="80150" y="-49660" z="-5131" heading="45946" respawnDelay="240" />
		<npc id="22106" x="77436" y="-45891" z="-5134" heading="11928" respawnDelay="240" />
		<npc id="22106" x="77395" y="-46439" z="-5134" heading="48363" respawnDelay="240" />
		<npc id="22106" x="77418" y="-47625" z="-5134" heading="50043" respawnDelay="240" />
		<npc id="22106" x="76624" y="-50577" z="-5640" heading="29728" respawnDelay="240" />
		<npc id="22106" x="76466" y="-52168" z="-5640" heading="47738" respawnDelay="240" />
		<npc id="22106" x="77134" y="-52317" z="-5640" heading="62694" respawnDelay="240" />
		<npc id="22106" x="78309" y="-50609" z="-5666" heading="10456" respawnDelay="240" />
		<npc id="22106" x="76927" y="-49889" z="-5640" heading="31398" respawnDelay="240" />
		<npc id="22106" x="80632" y="-51444" z="-5640" heading="33765" respawnDelay="240" />
		<npc id="22106" x="80628" y="-51568" z="-5640" heading="48758" respawnDelay="240" />
		<npc id="22106" x="75462" y="-47074" z="-5134" heading="59840" respawnDelay="240" />
		<npc id="22106" x="77810" y="-42454" z="-5134" heading="58728" respawnDelay="240" />
		<npc id="22106" x="77837" y="-42185" z="-5134" heading="15341" respawnDelay="240" />
		<npc id="22107" x="86773" y="-43321" z="-4133" heading="32569" respawnDelay="240" />
		<npc id="22107" x="88411" y="-43263" z="-4133" heading="55066" respawnDelay="240" />
		<npc id="22107" x="85457" y="-46891" z="-4645" heading="13209" respawnDelay="240" />
		<npc id="22107" x="86330" y="-50496" z="-5160" heading="62822" respawnDelay="240" />
		<npc id="22107" x="82664" y="-46579" z="-4645" heading="46826" respawnDelay="240" />
		<npc id="22107" x="83959" y="-42638" z="-4645" heading="13279" respawnDelay="240" />
		<npc id="22107" x="80638" y="-44911" z="-5134" heading="57163" respawnDelay="240" />
		<npc id="22107" x="79518" y="-48982" z="-5132" heading="32320" respawnDelay="240" />
		<npc id="22107" x="77265" y="-46736" z="-5134" heading="53461" respawnDelay="240" />
		<npc id="22107" x="77338" y="-50398" z="-5640" heading="30452" respawnDelay="240" />
		<npc id="22107" x="76908" y="-50850" z="-5640" heading="39746" respawnDelay="240" />
		<npc id="22107" x="76724" y="-51346" z="-5666" heading="16823" respawnDelay="240" />
		<npc id="22107" x="80892" y="-51699" z="-5640" heading="8495" respawnDelay="240" />
		<npc id="22107" x="75572" y="-46662" z="-5134" heading="51432" respawnDelay="240" />
		<npc id="22107" x="75311" y="-46398" z="-5134" heading="24393" respawnDelay="240" />
		<npc id="22107" x="77351" y="-42277" z="-5134" heading="65348" respawnDelay="240" />
		<npc id="22108" x="87490" y="-43281" z="-4133" heading="32895" respawnDelay="240" />
		<npc id="22108" x="88183" y="-43041" z="-4133" heading="29366" respawnDelay="240" />
		<npc id="22108" x="87311" y="-43770" z="-4133" heading="51038" respawnDelay="240" />
		<npc id="22108" x="85069" y="-46432" z="-4645" heading="23302" respawnDelay="240" />
		<npc id="22108" x="85370" y="-45837" z="-4645" heading="10367" respawnDelay="240" />
		<npc id="22108" x="86086" y="-45882" z="-4644" heading="62660" respawnDelay="240" />
		<npc id="22108" x="85665" y="-50482" z="-5128" heading="56994" respawnDelay="240" />
		<npc id="22108" x="82683" y="-44695" z="-4645" heading="10575" respawnDelay="240" />
		<npc id="22108" x="84358" y="-42569" z="-4645" heading="36881" respawnDelay="240" />
		<npc id="22108" x="84290" y="-43018" z="-4645" heading="47584" respawnDelay="240" />
		<npc id="22108" x="80354" y="-44528" z="-5134" heading="27703" respawnDelay="240" />
		<npc id="22108" x="79817" y="-44849" z="-5134" heading="39412" respawnDelay="240" />
		<npc id="22108" x="79559" y="-49593" z="-5134" heading="28157" respawnDelay="240" />
		<npc id="22108" x="79794" y="-48733" z="-5129" heading="13351" respawnDelay="240" />
		<npc id="22108" x="77692" y="-47045" z="-5122" heading="63559" respawnDelay="240" />
		<npc id="22108" x="77692" y="-47045" z="-5122" heading="63559" respawnDelay="240" />
		<npc id="22108" x="76912" y="-47571" z="-5134" heading="40358" respawnDelay="240" />
		<npc id="22108" x="77609" y="-50287" z="-5640" heading="50330" respawnDelay="240" />
		<npc id="22108" x="77278" y="-50913" z="-5666" heading="44078" respawnDelay="240" />
		<npc id="22108" x="76919" y="-51668" z="-5640" heading="44522" respawnDelay="240" />
		<npc id="22108" x="80861" y="-52210" z="-5666" heading="43332" respawnDelay="240" />
		<npc id="22108" x="74949" y="-47146" z="-5134" heading="14439" respawnDelay="240" />
		<npc id="22108" x="75337" y="-46709" z="-5125" heading="4804" respawnDelay="240" />
		<npc id="22108" x="77415" y="-42555" z="-5134" heading="1761" respawnDelay="240" />
		<npc id="22108" x="76917" y="-42270" z="-5134" heading="26357" respawnDelay="240" />
		<npc id="22109" x="87614" y="-44053" z="-4133" heading="53934" respawnDelay="240" />
		<npc id="22109" x="88199" y="-43858" z="-4133" heading="3109" respawnDelay="240" />
		<npc id="22109" x="86469" y="-46482" z="-4645" heading="53308" respawnDelay="240" />
		<npc id="22109" x="86312" y="-47010" z="-4645" heading="44025" respawnDelay="240" />
		<npc id="22109" x="85675" y="-47232" z="-4638" heading="31270" respawnDelay="240" />
		<npc id="22109" x="85538" y="-50833" z="-5131" heading="41159" respawnDelay="240" />
		<npc id="22109" x="86010" y="-50088" z="-5134" heading="8972" respawnDelay="240" />
		<npc id="22109" x="83124" y="-44733" z="-4645" heading="3627" respawnDelay="240" />
		<npc id="22109" x="83704" y="-42514" z="-4645" heading="25360" respawnDelay="240" />
		<npc id="22109" x="83787" y="-42647" z="-4645" heading="55011" respawnDelay="240" />
		<npc id="22109" x="79771" y="-45184" z="-5129" heading="52874" respawnDelay="240" />
		<npc id="22109" x="79867" y="-48997" z="-5148" heading="51965" respawnDelay="240" />
		<npc id="22109" x="77374" y="-46984" z="-5123" heading="53461" respawnDelay="240" />
		<npc id="22109" x="77269" y="-51491" z="-5640" heading="4874" respawnDelay="240" />
		<npc id="22109" x="77829" y="-50755" z="-5666" heading="10271" respawnDelay="240" />
		<npc id="22109" x="81110" y="-51811" z="-5640" heading="58656" respawnDelay="240" />
		<npc id="22109" x="74915" y="-47329" z="-5134" heading="36991" respawnDelay="240" />
		<npc id="22109" x="76799" y="-42623" z="-5134" heading="62623" respawnDelay="240" />
		<npc id="22109" x="77424" y="-42056" z="-5134" heading="36909" respawnDelay="240" />
		<npc id="22110" x="88723" y="-43043" z="-4132" heading="5299" respawnDelay="240" />
		<npc id="22110" x="89194" y="-43136" z="-4013" heading="2611" respawnDelay="240" />
		<npc id="22110" x="86316" y="-47062" z="-4645" heading="13445" respawnDelay="240" />
		<npc id="22110" x="80495" y="-45688" z="-5134" heading="39350" respawnDelay="240" />
		<npc id="22110" x="79841" y="-47801" z="-5134" heading="21332" respawnDelay="240" />
		<npc id="22110" x="78151" y="-46602" z="-5143" heading="53701" respawnDelay="240" />
		<npc id="22110" x="77914" y="-50313" z="-5640" heading="19399" respawnDelay="240" />
		<npc id="22110" x="79672" y="-51267" z="-5631" heading="60412" respawnDelay="240" />
		<npc id="22110" x="85825" y="-50948" z="-5134" heading="51393" respawnDelay="240" />
		<npc id="22110" x="85038" y="-42488" z="-4618" heading="973" respawnDelay="240" />
		<npc id="22110" x="77235" y="-51564" z="-5640" heading="43264" respawnDelay="240" />
		<npc id="22110" x="75061" y="-47368" z="-5134" heading="52882" respawnDelay="240" />
		<npc id="22111" x="87774" y="-43358" z="-4133" heading="37996" respawnDelay="240" />
		<npc id="22111" x="85790" y="-46464" z="-4645" heading="62207" respawnDelay="240" />
		<npc id="22111" x="84960" y="-50727" z="-5134" heading="39026" respawnDelay="240" />
		<npc id="22111" x="82678" y="-45207" z="-4637" heading="14100" respawnDelay="240" />
		<npc id="22111" x="82361" y="-44541" z="-4645" heading="21018" respawnDelay="240" />
		<npc id="22111" x="79726" y="-45582" z="-5134" heading="39384" respawnDelay="240" />
		<npc id="22111" x="79577" y="-48711" z="-5134" heading="14149" respawnDelay="240" />
		<npc id="22111" x="80187" y="-48861" z="-5134" heading="63011" respawnDelay="240" />
		<npc id="22111" x="76997" y="-46885" z="-5131" heading="19545" respawnDelay="240" />
		<npc id="22111" x="77597" y="-51183" z="-5640" heading="3085" respawnDelay="240" />
		<npc id="22111" x="77474" y="-50832" z="-5640" heading="45558" respawnDelay="240" />
		<npc id="22111" x="80722" y="-51879" z="-5640" heading="57988" respawnDelay="240" />
		<npc id="22112" x="87120" y="-43137" z="-4133" heading="24504" respawnDelay="240" />
		<npc id="22112" x="85788" y="-45959" z="-4645" heading="65253" respawnDelay="240" />
		<npc id="22112" x="85517" y="-47350" z="-4645" heading="45150" respawnDelay="240" />
		<npc id="22112" x="89237" y="-46625" z="-4645" heading="5675" respawnDelay="240" />
		<npc id="22112" x="84777" y="-50308" z="-5134" heading="31153" respawnDelay="240" />
		<npc id="22112" x="85874" y="-50246" z="-5134" heading="28900" respawnDelay="240" />
		<npc id="22112" x="87733" y="-50283" z="-5134" heading="246" respawnDelay="240" />
		<npc id="22112" x="88279" y="-49995" z="-5134" heading="4174" respawnDelay="240" />
		<npc id="22112" x="87715" y="-52837" z="-5134" heading="38500" respawnDelay="240" />
		<npc id="22112" x="88089" y="-53660" z="-5120" heading="54765" respawnDelay="240" />
		<npc id="22112" x="85350" y="-52698" z="-5134" heading="42949" respawnDelay="240" />
		<npc id="22112" x="85665" y="-53624" z="-5134" heading="52572" respawnDelay="240" />
		<npc id="22112" x="82689" y="-53954" z="-4645" heading="15489" respawnDelay="240" />
		<npc id="22112" x="82189" y="-53465" z="-4645" heading="22677" respawnDelay="240" />
		<npc id="22112" x="82924" y="-49575" z="-4643" heading="63237" respawnDelay="240" />
		<npc id="22112" x="82061" y="-49196" z="-4645" heading="28454" respawnDelay="240" />
		<npc id="22112" x="82859" y="-45075" z="-4645" heading="17599" respawnDelay="240" />
		<npc id="22112" x="80292" y="-44961" z="-5134" heading="44071" respawnDelay="240" />
		<npc id="22112" x="80495" y="-45688" z="-5134" heading="51992" respawnDelay="240" />
		<npc id="22112" x="79483" y="-45555" z="-5134" heading="31398" respawnDelay="240" />
		<npc id="22112" x="79870" y="-48105" z="-5134" heading="53905" respawnDelay="240" />
		<npc id="22112" x="80784" y="-48848" z="-5134" heading="58498" respawnDelay="240" />
		<npc id="22112" x="77437" y="-47238" z="-5134" heading="39525" respawnDelay="240" />
		<npc id="22112" x="77453" y="-49780" z="-5640" heading="18267" respawnDelay="240" />
		<npc id="22112" x="76985" y="-50309" z="-5640" heading="41596" respawnDelay="240" />
		<npc id="22112" x="76473" y="-51605" z="-5640" heading="47971" respawnDelay="240" />
		<npc id="22112" x="77196" y="-52075" z="-5639" heading="61876" respawnDelay="240" />
		<npc id="22112" x="80511" y="-52095" z="-5640" heading="29457" respawnDelay="240" />
		<npc id="22112" x="80020" y="-51426" z="-5640" heading="31392" respawnDelay="240" />
		<npc id="22112" x="74570" y="-53732" z="-5666" heading="37006" respawnDelay="240" />
		<npc id="22112" x="74461" y="-54275" z="-5640" heading="50573" respawnDelay="240" />
		<npc id="22112" x="74823" y="-55023" z="-5640" heading="56576" respawnDelay="240" />
		<npc id="22112" x="78357" y="-55554" z="-6138" heading="33762" respawnDelay="240" />
		<npc id="22112" x="78934" y="-56025" z="-6138" heading="58392" respawnDelay="240" />
		<npc id="22112" x="79657" y="-56364" z="-6138" heading="61723" respawnDelay="240" />
		<npc id="22112" x="80496" y="-56171" z="-6138" heading="8983" respawnDelay="240" />
		<npc id="22112" x="80665" y="-55331" z="-6138" heading="21679" respawnDelay="240" />
		<npc id="22112" x="79988" y="-54719" z="-6138" heading="26327" respawnDelay="240" />
		<npc id="22112" x="75149" y="-46754" z="-5134" heading="46106" respawnDelay="240" />
		<npc id="22113" x="86983" y="-42870" z="-4133" heading="59778" respawnDelay="240" />
		<npc id="22113" x="85681" y="-46738" z="-4645" heading="11762" respawnDelay="240" />
		<npc id="22113" x="89122" y="-46378" z="-4645" heading="20946" respawnDelay="240" />
		<npc id="22113" x="85031" y="-49916" z="-5134" heading="12949" respawnDelay="240" />
		<npc id="22113" x="88772" y="-49786" z="-5134" heading="4174" respawnDelay="240" />
		<npc id="22113" x="88579" y="-53919" z="-5134" heading="64651" respawnDelay="240" />
		<npc id="22113" x="85097" y="-54066" z="-5121" heading="39665" respawnDelay="240" />
		<npc id="22113" x="82348" y="-53100" z="-4645" heading="7739" respawnDelay="240" />
		<npc id="22113" x="82965" y="-48551" z="-4645" heading="5896" respawnDelay="240" />
		<npc id="22113" x="82442" y="-45082" z="-4645" heading="32943" respawnDelay="240" />
		<npc id="22113" x="79172" y="-44816" z="-5134" heading="19427" respawnDelay="240" />
		<npc id="22113" x="80065" y="-44381" z="-5134" heading="4729" respawnDelay="240" />
		<npc id="22113" x="79255" y="-49489" z="-5134" heading="3148" respawnDelay="240" />
		<npc id="22113" x="76912" y="-47571" z="-5134" heading="40358" respawnDelay="240" />
		<npc id="22113" x="78100" y="-51921" z="-5640" heading="1760" respawnDelay="240" />
		<npc id="22113" x="78217" y="-51065" z="-5640" heading="14961" respawnDelay="240" />
		<npc id="22113" x="80268" y="-51663" z="-5640" heading="21737" respawnDelay="240" />
		<npc id="22113" x="75730" y="-54556" z="-5640" heading="10495" respawnDelay="240" />
		<npc id="22113" x="79374" y="-54519" z="-6138" heading="33335" respawnDelay="240" />
		<npc id="22113" x="78732" y="-54880" z="-6138" heading="42157" respawnDelay="240" />
		<npc id="22113" x="80210" y="-56395" z="-6138" heading="58070" respawnDelay="240" />
		<npc id="22114" x="87556" y="-43382" z="-4133" heading="38572" respawnDelay="240" />
		<npc id="22114" x="89446" y="-46824" z="-4645" heading="27365" respawnDelay="240" />
		<npc id="22114" x="87879" y="-52981" z="-5134" heading="44067" respawnDelay="240" />
		<npc id="22114" x="82262" y="-49703" z="-4645" heading="60238" respawnDelay="240" />
		<npc id="22114" x="80878" y="-44202" z="-5134" heading="9814" respawnDelay="240" />
		<npc id="22114" x="85923" y="-47128" z="-4635" heading="21221" respawnDelay="240" />
		<npc id="22114" x="85937" y="-49671" z="-5150" heading="27354" respawnDelay="240" />
		<npc id="22114" x="80190" y="-48457" z="-5134" heading="50257" respawnDelay="240" />
		<npc id="22115" x="88844" y="-46013" z="-4645" heading="36691" respawnDelay="240" />
		<npc id="22115" x="88330" y="-46321" z="-4645" heading="30452" respawnDelay="240" />
		<npc id="22115" x="89111" y="-46891" z="-4645" heading="11075" respawnDelay="240" />
		<npc id="22115" x="89398" y="-49937" z="-5134" heading="11009" respawnDelay="240" />
		<npc id="22115" x="88109" y="-50463" z="-5134" heading="39434" respawnDelay="240" />
		<npc id="22115" x="88684" y="-53700" z="-5134" heading="33453" respawnDelay="240" />
		<npc id="22115" x="85378" y="-54084" z="-5134" heading="44512" respawnDelay="240" />
		<npc id="22115" x="82727" y="-52990" z="-4645" heading="22083" respawnDelay="240" />
		<npc id="22115" x="82564" y="-49693" z="-4636" heading="26899" respawnDelay="240" />
		<npc id="22115" x="82847" y="-49837" z="-4671" heading="60626" respawnDelay="240" />
		<npc id="22115" x="83175" y="-48704" z="-4645" heading="13445" respawnDelay="240" />
		<npc id="22115" x="75053" y="-54708" z="-5640" heading="34996" respawnDelay="240" />
		<npc id="22115" x="75752" y="-54942" z="-5640" heading="61547" respawnDelay="240" />
		<npc id="22115" x="76246" y="-55182" z="-5640" heading="60452" respawnDelay="240" />
		<npc id="22115" x="76089" y="-54582" z="-5640" heading="19250" respawnDelay="240" />
		<npc id="22115" x="75897" y="-54089" z="-5640" heading="21300" respawnDelay="240" />
		<npc id="22115" x="79880" y="-55170" z="-6135" heading="58859" respawnDelay="240" />
		<npc id="22115" x="79432" y="-55503" z="-6129" heading="39433" respawnDelay="240" />
		<npc id="22115" x="79381" y="-56673" z="-6164" heading="47326" respawnDelay="240" />
		<npc id="22115" x="80055" y="-56841" z="-6164" heading="52103" respawnDelay="240" />
		<npc id="22115" x="80736" y="-56455" z="-6164" heading="3421" respawnDelay="240" />
		<npc id="22115" x="80765" y="-55717" z="-6138" heading="16949" respawnDelay="240" />
		<npc id="22116" x="88800" y="-46164" z="-4641" heading="38915" respawnDelay="240" />
		<npc id="22116" x="88359" y="-50782" z="-5134" heading="35146" respawnDelay="240" />
		<npc id="22116" x="89137" y="-50304" z="-5130" heading="4012" respawnDelay="240" />
		<npc id="22116" x="87410" y="-52981" z="-5134" heading="13482" respawnDelay="240" />
		<npc id="22116" x="85087" y="-52843" z="-5134" heading="11896" respawnDelay="240" />
		<npc id="22116" x="85604" y="-53033" z="-5134" heading="61862" respawnDelay="240" />
		<npc id="22116" x="82859" y="-53131" z="-4645" heading="60121" respawnDelay="240" />
		<npc id="22116" x="82527" y="-49333" z="-4645" heading="40168" respawnDelay="240" />
		<npc id="22116" x="83118" y="-49247" z="-4645" heading="1508" respawnDelay="240" />
		<npc id="22116" x="75368" y="-54954" z="-5640" heading="54006" respawnDelay="240" />
		<npc id="22116" x="75158" y="-53942" z="-5640" heading="17311" respawnDelay="240" />
		<npc id="22116" x="74692" y="-54049" z="-5640" heading="35122" respawnDelay="240" />
		<npc id="22116" x="75165" y="-54447" z="-5640" heading="57664" respawnDelay="240" />
		<npc id="22116" x="79625" y="-55427" z="-6119" heading="34673" respawnDelay="240" />
		<npc id="22116" x="79686" y="-55916" z="-6128" heading="42542" respawnDelay="240" />
		<npc id="22116" x="79185" y="-56002" z="-6138" heading="29506" respawnDelay="240" />
		<npc id="22116" x="78717" y="-55516" z="-6138" heading="18823" respawnDelay="240" />
		<npc id="22116" x="78612" y="-54568" z="-6138" heading="16300" respawnDelay="240" />
		<npc id="22117" x="88026" y="-52560" z="-5134" heading="12881" respawnDelay="240" />
		<npc id="22117" x="85230" y="-52141" z="-5134" heading="16146" respawnDelay="240" />
		<npc id="22117" x="83646" y="-48257" z="-4645" heading="6407" respawnDelay="240" />
		<npc id="22117" x="74872" y="-53003" z="-5632" heading="15113" respawnDelay="240" />
		<npc id="22117" x="74963" y="-52578" z="-5632" heading="14184" respawnDelay="240" />
		<npc id="22117" x="88279" y="-46255" z="-4645" heading="31208" respawnDelay="240" />
		<npc id="22117" x="82645" y="-54047" z="-4639" heading="16606" respawnDelay="240" />
		<npc id="22117" x="82061" y="-49196" z="-4645" heading="61963" respawnDelay="240" />
		<npc id="22118" x="88955" y="-46903" z="-4645" heading="22122" respawnDelay="240" />
		<npc id="22118" x="88753" y="-50815" z="-5134" heading="58564" respawnDelay="240" />
		<npc id="22118" x="88237" y="-53623" z="-5119" heading="51395" respawnDelay="240" />
		<npc id="22118" x="85515" y="-53775" z="-5134" heading="8192" respawnDelay="240" />
		<npc id="22118" x="82185" y="-48482" z="-4654" heading="38561" respawnDelay="240" />
		<npc id="22118" x="82289" y="-48715" z="-4660" heading="53530" respawnDelay="240" />
		<npc id="22118" x="74647" y="-54570" z="-5640" heading="10611" respawnDelay="240" />
		<npc id="22118" x="82006" y="-53384" z="-4645" heading="24384" respawnDelay="240" />
		<npc id="22118" x="75257" y="-54421" z="-5640" heading="2499" respawnDelay="240" />
		<npc id="22118" x="75519" y="-53801" z="-5666" heading="10548" respawnDelay="240" />
		<npc id="22119" x="89025" y="-47395" z="-4645" heading="13093" respawnDelay="240" />
		<npc id="22119" x="85509" y="-53212" z="-5134" heading="55555" respawnDelay="240" />
		<npc id="22119" x="82680" y="-48169" z="-4645" heading="26216" respawnDelay="240" />
		<npc id="22119" x="74440" y="-54905" z="-5640" heading="45453" respawnDelay="240" />
		<npc id="22119" x="87883" y="-50051" z="-5134" heading="3778" respawnDelay="240" />
		<npc id="22120" x="88915" y="-46446" z="-4645" heading="61376" respawnDelay="240" />
		<npc id="22120" x="89264" y="-47124" z="-4633" heading="58256" respawnDelay="240" />
		<npc id="22120" x="89017" y="-49927" z="-5134" heading="60089" respawnDelay="240" />
		<npc id="22120" x="88929" y="-50597" z="-5134" heading="43188" respawnDelay="240" />
		<npc id="22120" x="87964" y="-53275" z="-5134" heading="24125" respawnDelay="240" />
		<npc id="22120" x="87626" y="-53531" z="-5118" heading="37417" respawnDelay="240" />
		<npc id="22120" x="84638" y="-53471" z="-5134" heading="23238" respawnDelay="240" />
		<npc id="22120" x="84880" y="-53294" z="-5134" heading="6587" respawnDelay="240" />
		<npc id="22120" x="82748" y="-53528" z="-4645" heading="4948" respawnDelay="240" />
		<npc id="22120" x="82729" y="-48511" z="-4645" heading="31017" respawnDelay="240" />
		<npc id="22120" x="82803" y="-49096" z="-4645" heading="50464" respawnDelay="240" />
		<npc id="22120" x="75497" y="-53841" z="-5640" heading="20983" respawnDelay="240" />
		<npc id="22120" x="75118" y="-53635" z="-5636" heading="28180" respawnDelay="240" />
		<npc id="22120" x="74832" y="-54300" z="-5640" heading="2778" respawnDelay="240" />
		<npc id="22120" x="75541" y="-54195" z="-5666" heading="65211" respawnDelay="240" />
		<npc id="22120" x="75176" y="-54144" z="-5640" heading="32600" respawnDelay="240" />
		<npc id="22120" x="79799" y="-56011" z="-6138" heading="25021" respawnDelay="240" />
		<npc id="22120" x="79565" y="-55574" z="-6138" heading="21523" respawnDelay="240" />
		<npc id="22120" x="79255" y="-55036" z="-6120" heading="21918" respawnDelay="240" />
		<npc id="22120" x="79493" y="-54589" z="-6138" heading="4451" respawnDelay="240" />
		<npc id="22120" x="80442" y="-54820" z="-6164" heading="62258" respawnDelay="240" />
		<npc id="22120" x="80208" y="-55324" z="-6138" heading="43737" respawnDelay="240" />
		<npc id="22121" x="88558" y="-46681" z="-4645" heading="27450" respawnDelay="240" />
		<npc id="22121" x="89294" y="-50470" z="-5134" heading="8020" respawnDelay="240" />
		<npc id="22121" x="84544" y="-53663" z="-5134" heading="31421" respawnDelay="240" />
		<npc id="22121" x="82134" y="-53506" z="-4645" heading="57594" respawnDelay="240" />
		<npc id="22121" x="82791" y="-48894" z="-4645" heading="61963" respawnDelay="240" />
		<npc id="22121" x="75388" y="-55313" z="-5640" heading="34904" respawnDelay="240" />
	</spawn>
</list>
