﻿<?xml version="1.0" encoding="UTF-8"?>
<list enabled="true" xmlns:xsi="http://www.w3.org/2001/XMLSchema-instance" xsi:noNamespaceSchemaLocation="../xsd/spawns.xsd">
	<spawn zone="aden33_2318_01">
		<territory minZ="-5104" maxZ="-4904">
			<node x="113424" y="14015" />
			<node x="114040" y="13766" />
			<node x="114265" y="14706" />
			<node x="113316" y="15674" />
			<node x="112377" y="15513" />
			<node x="112636" y="14849" />
		</territory>
		<npc id="20809" count="3" respawnDelay="148" respawnRandom="20" chaseRange="2500" /> <!-- Ghost of the Tower -->
		<npc id="20811" count="3" respawnDelay="148" respawnRandom="20" chaseRange="2500" /> <!-- Ghastly Warrior -->
		<npc id="20814" count="3" respawnDelay="148" respawnRandom="20" chaseRange="2500" /> <!-- Blader of Despair -->
		<npc id="20810" count="3" respawnDelay="148" respawnRandom="20" chaseRange="2500" /> <!-- Hallate's Seer -->
	</spawn>
	<spawn zone="aden33_2318_02">
		<territory minZ="-5103" maxZ="-4903">
			<node x="115159" y="13688" />
			<node x="116005" y="14066" />
			<node x="116634" y="14726" />
			<node x="116953" y="15467" />
			<node x="115980" y="15715" />
			<node x="115077" y="14717" />
		</territory>
		<npc id="20809" count="3" respawnDelay="148" respawnRandom="20" chaseRange="2500" /> <!-- Ghost of the Tower -->
		<npc id="20811" count="3" respawnDelay="148" respawnRandom="20" chaseRange="2500" /> <!-- Ghastly Warrior -->
		<npc id="20814" count="3" respawnDelay="148" respawnRandom="20" chaseRange="2500" /> <!-- Blader of Despair -->
		<npc id="20810" count="3" respawnDelay="148" respawnRandom="20" chaseRange="2500" /> <!-- Hallate's Seer -->
	</spawn>
	<spawn zone="aden33_2318_03">
		<territory minZ="-5136" maxZ="-4936">
			<node x="116004" y="16464" />
			<node x="116932" y="16612" />
			<node x="116540" y="17564" />
			<node x="116052" y="18008" />
			<node x="115224" y="18440" />
			<node x="114996" y="17440" />
		</territory>
		<npc id="20809" count="3" respawnDelay="148" respawnRandom="20" chaseRange="2500" /> <!-- Ghost of the Tower -->
		<npc id="20811" count="3" respawnDelay="148" respawnRandom="20" chaseRange="2500" /> <!-- Ghastly Warrior -->
		<npc id="20814" count="3" respawnDelay="148" respawnRandom="20" chaseRange="2500" /> <!-- Blader of Despair -->
		<npc id="20810" count="3" respawnDelay="148" respawnRandom="20" chaseRange="2500" /> <!-- Hallate's Seer -->
	</spawn>
	<spawn zone="aden33_2318_04">
		<territory minZ="-5144" maxZ="-4944">
			<node x="112324" y="16666" />
			<node x="113236" y="16408" />
			<node x="114280" y="17364" />
			<node x="114156" y="18423" />
			<node x="113336" y="18063" />
			<node x="112658" y="17408" />
		</territory>
		<npc id="20809" count="3" respawnDelay="148" respawnRandom="20" chaseRange="2500" /> <!-- Ghost of the Tower -->
		<npc id="20811" count="3" respawnDelay="148" respawnRandom="20" chaseRange="2500" /> <!-- Ghastly Warrior -->
		<npc id="20814" count="3" respawnDelay="148" respawnRandom="20" chaseRange="2500" /> <!-- Blader of Despair -->
		<npc id="20810" count="3" respawnDelay="148" respawnRandom="121" chaseRange="2500" /> <!-- Hallate's Seer -->
	</spawn>
	<spawn zone="aden34_2318_01">
		<territory minZ="-3644" maxZ="-3444">
			<node x="113844" y="16052" />
			<node x="114576" y="15244" />
			<node x="115488" y="16116" />
			<node x="114684" y="16904" />
		</territory>
		<npc id="20810" count="2" respawnDelay="165" respawnRandom="30" chaseRange="2500" /> <!-- Hallate's Seer -->
		<npc id="20812" count="2" respawnDelay="165" respawnRandom="30" chaseRange="2500" /> <!-- Archer of Despair -->
		<npc id="20813" count="2" respawnDelay="165" respawnRandom="30" chaseRange="2500" /> <!-- Crendion -->
		<npc id="20815" count="2" respawnDelay="165" respawnRandom="30" chaseRange="2500" /> <!-- Hound Dog of Hallate -->
	</spawn>
	<spawn zone="aden34_2318_02">
		<territory minZ="-3664" maxZ="-3464">
			<node x="113360" y="14132" />
			<node x="114088" y="13760" />
			<node x="114324" y="15004" />
			<node x="113584" y="15724" />
			<node x="112380" y="15556" />
			<node x="112720" y="14688" />
		</territory>
		<npc id="20810" count="3" respawnDelay="165" respawnRandom="30" chaseRange="2500" /> <!-- Hallate's Seer -->
		<npc id="20812" count="3" respawnDelay="165" respawnRandom="30" chaseRange="2500" /> <!-- Archer of Despair -->
		<npc id="20813" count="3" respawnDelay="165" respawnRandom="30" chaseRange="2500" /> <!-- Crendion -->
		<npc id="20815" count="4" respawnDelay="165" respawnRandom="30" chaseRange="2500" /> <!-- Hound Dog of Hallate -->
		<npc id="21075" count="1" respawnDelay="200" respawnRandom="40" chaseRange="2500" /> <!-- Slaughter Bathin -->
	</spawn>
	<spawn zone="aden34_2318_03">
		<territory minZ="-3644" maxZ="-3444">
			<node x="112381" y="16669" />
			<node x="113600" y="16448" />
			<node x="114304" y="17152" />
			<node x="114072" y="18352" />
			<node x="113269" y="17990" />
			<node x="112729" y="17452" />
		</territory>
		<npc id="20810" count="4" respawnDelay="165" respawnRandom="30" chaseRange="2500" /> <!-- Hallate's Seer -->
		<npc id="20812" count="3" respawnDelay="165" respawnRandom="30" chaseRange="2500" /> <!-- Archer of Despair -->
		<npc id="20813" count="3" respawnDelay="165" respawnRandom="30" chaseRange="2500" /> <!-- Crendion -->
		<npc id="20815" count="3" respawnDelay="165" respawnRandom="30" chaseRange="2500" /> <!-- Hound Dog of Hallate -->
		<npc id="21075" count="1" respawnDelay="200" respawnRandom="40" chaseRange="2500" /> <!-- Slaughter Bathin -->
	</spawn>
	<spawn zone="aden34_2318_04">
		<territory minZ="-3648" maxZ="-3448">
			<node x="115784" y="16456" />
			<node x="116960" y="16724" />
			<node x="116620" y="17392" />
			<node x="115972" y="18032" />
			<node x="115200" y="18348" />
			<node x="115048" y="17148" />
		</territory>
		<npc id="20810" count="3" respawnDelay="165" respawnRandom="30" chaseRange="2500" /> <!-- Hallate's Seer -->
		<npc id="20812" count="3" respawnDelay="165" respawnRandom="30" chaseRange="2500" /> <!-- Archer of Despair -->
		<npc id="20813" count="3" respawnDelay="165" respawnRandom="30" chaseRange="2500" /> <!-- Crendion -->
		<npc id="20815" count="4" respawnDelay="165" respawnRandom="30" chaseRange="2500" /> <!-- Hound Dog of Hallate -->
		<npc id="21075" count="2" respawnDelay="200" respawnRandom="40" chaseRange="2500" /> <!-- Slaughter Bathin -->
	</spawn>
	<spawn zone="aden34_2318_05">
		<territory minZ="-3648" maxZ="-3448">
			<node x="115212" y="13852" />
			<node x="115964" y="14152" />
			<node x="116612" y="14784" />
			<node x="116880" y="15536" />
			<node x="115756" y="15752" />
			<node x="115012" y="15040" />
		</territory>
		<npc id="20810" count="4" respawnDelay="165" respawnRandom="30" chaseRange="2500" /> <!-- Hallate's Seer -->
		<npc id="20812" count="3" respawnDelay="165" respawnRandom="30" chaseRange="2500" /> <!-- Archer of Despair -->
		<npc id="20813" count="3" respawnDelay="165" respawnRandom="30" chaseRange="2500" /> <!-- Crendion -->
		<npc id="20815" count="3" respawnDelay="252" respawnRandom="30" chaseRange="2500" /> <!-- Hound Dog of Hallate -->
		<npc id="21075" count="1" respawnDelay="200" respawnRandom="40" chaseRange="2500" /> <!-- Slaughter Bathin -->
	</spawn>
	<spawn zone="aden35_2318_01">
		<territory minZ="-2160" maxZ="-1960">
			<node x="114324" y="14992" />
			<node x="114976" y="15004" />
			<node x="115280" y="15128" />
			<node x="115600" y="15432" />
			<node x="115724" y="15728" />
			<node x="115724" y="16388" />
			<node x="115560" y="16720" />
			<node x="115280" y="17008" />
			<node x="114980" y="17136" />
			<node x="114304" y="17144" />
			<node x="114032" y="17024" />
			<node x="113696" y="16700" />
			<node x="113596" y="16416" />
			<node x="113580" y="15720" />
			<node x="113692" y="15436" />
			<node x="114008" y="15108" />
		</territory>
		<npc id="20816" count="5" respawnDelay="180" respawnRandom="40" chaseRange="2500" /> <!-- Hallate's Royal Guard -->
		<npc id="20817" count="5" respawnDelay="180" respawnRandom="40" chaseRange="2500" /> <!-- Corrupt Sage -->
		<npc id="20820" count="6" respawnDelay="180" respawnRandom="40" chaseRange="2500" /> <!-- Hallate's Knight -->
		<npc id="20822" count="5" respawnDelay="180" respawnRandom="40" chaseRange="2500" /> <!-- Hallate's Maid -->
	</spawn>
	<spawn zone="aden35_2318_02">
		<territory minZ="-2156" maxZ="-1956">
			<node x="113288" y="14124" />
			<node x="114140" y="13764" />
			<node x="114304" y="14672" />
			<node x="113308" y="15716" />
			<node x="112288" y="15496" />
			<node x="112744" y="14672" />
		</territory>
		<npc id="20816" count="4" respawnDelay="180" respawnRandom="40" chaseRange="2500" /> <!-- Hallate's Royal Guard -->
		<npc id="20817" count="3" respawnDelay="180" respawnRandom="40" chaseRange="2500" /> <!-- Corrupt Sage -->
		<npc id="20820" count="3" respawnDelay="180" respawnRandom="40" chaseRange="2500" /> <!-- Hallate's Knight -->
		<npc id="20822" count="3" respawnDelay="180" respawnRandom="40" chaseRange="2500" /> <!-- Hallate's Maid -->
	</spawn>
	<spawn zone="aden35_2318_03">
		<territory minZ="-2164" maxZ="-1964">
			<node x="116615" y="14792" />
			<node x="116979" y="15548" />
			<node x="115949" y="15704" />
			<node x="115028" y="14724" />
			<node x="115189" y="13775" />
			<node x="115987" y="14105" />
		</territory>
		<npc id="20816" count="3" respawnDelay="180" respawnRandom="40" chaseRange="2500" /> <!-- Hallate's Royal Guard -->
		<npc id="20817" count="3" respawnDelay="180" respawnRandom="40" chaseRange="2500" /> <!-- Corrupt Sage -->
		<npc id="20820" count="4" respawnDelay="180" respawnRandom="40" chaseRange="2500" /> <!-- Hallate's Knight -->
		<npc id="20822" count="3" respawnDelay="180" respawnRandom="40" chaseRange="2500" /> <!-- Hallate's Maid -->
	</spawn>
	<spawn zone="aden35_2318_04">
		<territory minZ="-2160" maxZ="-1960">
			<node x="115991" y="16420" />
			<node x="116975" y="16560" />
			<node x="116639" y="17348" />
			<node x="116019" y="18019" />
			<node x="115168" y="18367" />
			<node x="115056" y="17415" />
		</territory>
		<npc id="20816" count="4" respawnDelay="180" respawnRandom="40" chaseRange="2500" /> <!-- Hallate's Royal Guard -->
		<npc id="20817" count="3" respawnDelay="180" respawnRandom="40" chaseRange="2500" /> <!-- Corrupt Sage -->
		<npc id="20820" count="3" respawnDelay="180" respawnRandom="40" chaseRange="2500" /> <!-- Hallate's Knight -->
		<npc id="20822" count="3" respawnDelay="180" respawnRandom="40" chaseRange="2500" /> <!-- Hallate's Maid -->
	</spawn>
	<spawn zone="aden36_2318_01">
		<territory minZ="-688" maxZ="-488">
			<node x="111900" y="15636" />
			<node x="113436" y="15896" />
			<node x="113424" y="16200" />
			<node x="111856" y="16500" />
		</territory>
		<npc id="20815" count="1" respawnDelay="165" respawnRandom="50" chaseRange="2500" /> <!-- Hound Dog of Hallate -->
		<npc id="20818" count="2" respawnDelay="165" respawnRandom="50" chaseRange="2500" /> <!-- Hallate's Warrior -->
		<npc id="20819" count="1" respawnDelay="165" respawnRandom="50" chaseRange="2500" /> <!-- Archer of Abyss -->
		<npc id="20821" count="1" respawnDelay="165" respawnRandom="50" chaseRange="2500" /> <!-- Erin Ediunce -->
	</spawn>
	<spawn zone="aden36_2318_02">
		<territory minZ="-676" maxZ="-476">
			<node x="112228" y="14680" />
			<node x="113692" y="15068" />
			<node x="113492" y="15728" />
			<node x="111944" y="15352" />
		</territory>
		<npc id="20815" count="1" respawnDelay="165" respawnRandom="50" chaseRange="2500" /> <!-- Hound Dog of Hallate -->
		<npc id="20818" count="2" respawnDelay="165" respawnRandom="50" chaseRange="2500" /> <!-- Hallate's Warrior -->
		<npc id="20819" count="1" respawnDelay="165" respawnRandom="50" chaseRange="2500" /> <!-- Archer of Abyss -->
		<npc id="20821" count="2" respawnDelay="165" respawnRandom="50" chaseRange="2500" /> <!-- Erin Ediunce -->
	</spawn>
	<spawn zone="aden36_2318_03">
		<territory minZ="-684" maxZ="-484">
			<node x="112368" y="16640" />
			<node x="113472" y="16352" />
			<node x="113644" y="16700" />
			<node x="112960" y="17732" />
		</territory>
		<npc id="20815" count="1" respawnDelay="165" respawnRandom="50" chaseRange="2500" /> <!-- Hound Dog of Hallate -->
		<npc id="20818" count="2" respawnDelay="165" respawnRandom="50" chaseRange="2500" /> <!-- Hallate's Warrior -->
		<npc id="20819" count="1" respawnDelay="165" respawnRandom="50" chaseRange="2500" /> <!-- Archer of Abyss -->
		<npc id="20821" count="1" respawnDelay="165" respawnRandom="50" chaseRange="2500" /> <!-- Erin Ediunce -->
	</spawn>
	<spawn zone="aden36_2318_04">
		<territory minZ="-688" maxZ="-488">
			<node x="113732" y="16836" />
			<node x="114352" y="17188" />
			<node x="114100" y="18300" />
			<node x="113384" y="18032" />
		</territory>
		<npc id="20815" count="1" respawnDelay="165" respawnRandom="50" chaseRange="2500" /> <!-- Hound Dog of Hallate -->
		<npc id="20818" count="1" respawnDelay="165" respawnRandom="50" chaseRange="2500" /> <!-- Hallate's Warrior -->
		<npc id="20819" count="1" respawnDelay="165" respawnRandom="50" chaseRange="2500" /> <!-- Archer of Abyss -->
		<npc id="20821" count="1" respawnDelay="165" respawnRandom="50" chaseRange="2500" /> <!-- Erin Ediunce -->
	</spawn>
	<spawn zone="aden36_2318_05">
		<territory minZ="-676" maxZ="-476">
			<node x="114972" y="17220" />
			<node x="115240" y="17088" />
			<node x="116504" y="17604" />
			<node x="115272" y="18452" />
		</territory>
		<npc id="20815" count="1" respawnDelay="165" respawnRandom="50" chaseRange="2500" /> <!-- Hound Dog of Hallate -->
		<npc id="20818" count="2" respawnDelay="165" respawnRandom="50" chaseRange="2500" /> <!-- Hallate's Warrior -->
		<npc id="20819" count="1" respawnDelay="165" respawnRandom="50" chaseRange="2500" /> <!-- Archer of Abyss -->
		<npc id="20821" count="1" respawnDelay="165" respawnRandom="50" chaseRange="2500" /> <!-- Erin Ediunce -->
	</spawn>
	<spawn zone="aden36_2318_06">
		<territory minZ="-684" maxZ="-484">
			<node x="115788" y="16344" />
			<node x="117352" y="16724" />
			<node x="117052" y="17388" />
			<node x="115428" y="16992" />
		</territory>
		<npc id="20815" count="1" respawnDelay="165" respawnRandom="50" chaseRange="2500" /> <!-- Hound Dog of Hallate -->
		<npc id="20818" count="2" respawnDelay="165" respawnRandom="50" chaseRange="2500" /> <!-- Hallate's Warrior -->
		<npc id="20819" count="1" respawnDelay="165" respawnRandom="50" chaseRange="2500" /> <!-- Archer of Abyss -->
		<npc id="20821" count="2" respawnDelay="165" respawnRandom="50" chaseRange="2500" /> <!-- Erin Ediunce -->
	</spawn>
	<spawn zone="aden36_2318_07">
		<territory minZ="-692" maxZ="-492">
			<node x="115844" y="15896" />
			<node x="117436" y="15624" />
			<node x="117420" y="16456" />
			<node x="115824" y="16208" />
		</territory>
		<npc id="20815" count="2" respawnDelay="165" respawnRandom="50" chaseRange="2500" /> <!-- Hound Dog of Hallate -->
		<npc id="20818" count="1" respawnDelay="165" respawnRandom="50" chaseRange="2500" /> <!-- Hallate's Warrior -->
		<npc id="20819" count="1" respawnDelay="165" respawnRandom="50" chaseRange="2500" /> <!-- Archer of Abyss -->
		<npc id="20821" count="1" respawnDelay="165" respawnRandom="50" chaseRange="2500" /> <!-- Erin Ediunce -->
	</spawn>
	<spawn zone="aden36_2318_08">
		<territory minZ="-680" maxZ="-480">
			<node x="115660" y="15348" />
			<node x="116320" y="14336" />
			<node x="116924" y="15488" />
			<node x="115816" y="15728" />
		</territory>
		<npc id="20815" count="2" respawnDelay="165" respawnRandom="50" chaseRange="2500" /> <!-- Hound Dog of Hallate -->
		<npc id="20818" count="1" respawnDelay="165" respawnRandom="50" chaseRange="2500" /> <!-- Hallate's Warrior -->
		<npc id="20819" count="1" respawnDelay="165" respawnRandom="50" chaseRange="2500" /> <!-- Archer of Abyss -->
		<npc id="20821" count="1" respawnDelay="165" respawnRandom="50" chaseRange="2500" /> <!-- Erin Ediunce -->
	</spawn>
	<spawn zone="aden36_2318_09">
		<territory minZ="-684" maxZ="-484">
			<node x="115180" y="13808" />
			<node x="116020" y="14156" />
			<node x="115516" y="15224" />
			<node x="115004" y="14944" />
		</territory>
		<npc id="20815" count="1" respawnDelay="165" respawnRandom="50" chaseRange="2500" /> <!-- Hound Dog of Hallate -->
		<npc id="20818" count="1" respawnDelay="165" respawnRandom="50" chaseRange="2500" /> <!-- Hallate's Warrior -->
		<npc id="20819" count="1" respawnDelay="165" respawnRandom="50" chaseRange="2500" /> <!-- Archer of Abyss -->
		<npc id="20821" count="1" respawnDelay="165" respawnRandom="50" chaseRange="2500" /> <!-- Erin Ediunce -->
	</spawn>
	<spawn zone="aden36_2318_10">
		<territory minZ="-684" maxZ="-484">
			<node x="112844" y="14432" />
			<node x="114072" y="13680" />
			<node x="114348" y="14880" />
			<node x="114044" y="15016" />
		</territory>
		<npc id="20815" count="1" respawnDelay="165" respawnRandom="50" chaseRange="2500" /> <!-- Hound Dog of Hallate -->
		<npc id="20818" count="1" respawnDelay="165" respawnRandom="50" chaseRange="2500" /> <!-- Hallate's Warrior -->
		<npc id="20819" count="1" respawnDelay="165" respawnRandom="50" chaseRange="2500" /> <!-- Archer of Abyss -->
		<npc id="20821" count="2" respawnDelay="165" respawnRandom="50" chaseRange="2500" /> <!-- Erin Ediunce -->
	</spawn>
	<spawn zone="aden36_2318_11">
		<territory minZ="-680" maxZ="-480">
			<node x="114256" y="15312" />
			<node x="115352" y="15500" />
			<node x="114868" y="15704" />
			<node x="114420" y="15688" />
		</territory>
		<npc id="20818" count="2" respawnDelay="165" respawnRandom="50" chaseRange="2500" /> <!-- Hallate's Warrior -->
		<npc id="20821" count="1" respawnDelay="165" respawnRandom="50" chaseRange="2500" /> <!-- Erin Ediunce -->
	</spawn>
	<spawn zone="aden36_2318_12">
		<territory minZ="-676" maxZ="-476">
			<node x="114312" y="16372" />
			<node x="114888" y="16368" />
			<node x="115040" y="16736" />
			<node x="114012" y="16508" />
		</territory>
		<npc id="20818" count="2" respawnDelay="165" respawnRandom="50" chaseRange="2500" /> <!-- Hallate's Warrior -->
		<npc id="20821" count="1" respawnDelay="165" respawnRandom="50" chaseRange="2500" /> <!-- Erin Ediunce -->
	</spawn>
	<spawn zone="aden37_2318_01">
		<territory minZ="888" maxZ="1088">
			<node x="112808" y="15872" />
			<node x="114000" y="15936" />
			<node x="113992" y="17812" />
			<node x="113556" y="17640" />
			<node x="113028" y="16992" />
		</territory>
		<npc id="20824" count="3" respawnDelay="190" respawnRandom="60" chaseRange="2500" /> <!-- Hallate's Commander -->
		<npc id="20825" count="3" respawnDelay="190" respawnRandom="60" chaseRange="2500" /> <!-- Hallate's Inspector -->
		<npc id="21061" count="3" respawnDelay="190" respawnRandom="60" chaseRange="2500" /> <!-- Hallate's Guardian -->
	</spawn>
	<spawn zone="aden37_2318_02">
		<territory minZ="888" maxZ="1088">
			<node x="114440" y="15116" />
			<node x="114888" y="15112" />
			<node x="114900" y="17876" />
			<node x="114432" y="17872" />
		</territory>
		<npc id="20824" count="3" respawnDelay="190" respawnRandom="60" chaseRange="2500" /> <!-- Hallate's Commander -->
		<npc id="20825" count="2" respawnDelay="190" respawnRandom="60" chaseRange="2500" /> <!-- Hallate's Inspector -->
		<npc id="21061" count="2" respawnDelay="190" respawnRandom="60" chaseRange="2500" /> <!-- Hallate's Guardian -->
	</spawn>
	<spawn zone="aden37_2318_03">
		<territory minZ="888" maxZ="1088">
			<node x="115300" y="14424" />
			<node x="116260" y="15200" />
			<node x="116476" y="16280" />
			<node x="116296" y="16916" />
			<node x="115296" y="16512" />
		</territory>
		<npc id="20824" count="3" respawnDelay="190" respawnRandom="60" chaseRange="2500" /> <!-- Hallate's Commander -->
		<npc id="20825" count="3" respawnDelay="190" respawnRandom="60" chaseRange="2500" /> <!-- Hallate's Inspector -->
		<npc id="21061" count="3" respawnDelay="190" respawnRandom="60" chaseRange="2500" /> <!-- Hallate's Guardian -->
	</spawn>
	<spawn zone="aden37_2318_04">
		<territory minZ="888" maxZ="1088">
			<node x="116308" y="13744" />
			<node x="116924" y="14372" />
			<node x="116252" y="14872" />
			<node x="115852" y="14504" />
		</territory>
		<npc id="20824" count="1" respawnDelay="190" respawnRandom="60" chaseRange="2500" /> <!-- Hallate's Commander -->
		<npc id="20825" count="1" respawnDelay="190" respawnRandom="60" chaseRange="2500" /> <!-- Hallate's Inspector -->
		<npc id="21061" count="2" respawnDelay="190" respawnRandom="60" chaseRange="2500" /> <!-- Hallate's Guardian -->
	</spawn>
	<spawn zone="aden37_2318_05">
		<territory minZ="888" maxZ="1088">
			<node x="115292" y="13272" />
			<node x="116168" y="13640" />
			<node x="115680" y="14388" />
			<node x="115132" y="14172" />
		</territory>
		<npc id="20824" count="1" respawnDelay="190" respawnRandom="60" chaseRange="2500" /> <!-- Hallate's Commander -->
		<npc id="20825" count="1" respawnDelay="190" respawnRandom="60" chaseRange="2500" /> <!-- Hallate's Inspector -->
		<npc id="21061" count="1" respawnDelay="190" respawnRandom="60" chaseRange="2500" /> <!-- Hallate's Guardian -->
	</spawn>
	<spawn zone="aden37_2318_06">
		<territory minZ="896" maxZ="1096">
			<node x="113140" y="13640" />
			<node x="114004" y="13280" />
			<node x="114172" y="14184" />
			<node x="113632" y="14408" />
		</territory>
		<npc id="20824" count="1" respawnDelay="190" respawnRandom="60" chaseRange="2500" /> <!-- Hallate's Commander -->
		<npc id="20825" count="1" respawnDelay="190" respawnRandom="60" chaseRange="2500" /> <!-- Hallate's Inspector -->
		<npc id="21061" count="1" respawnDelay="190" respawnRandom="60" chaseRange="2500" /> <!-- Hallate's Guardian -->
	</spawn>
	<spawn zone="aden37_2318_07">
		<territory minZ="896" maxZ="1096">
			<node x="112320" y="14392" />
			<node x="112992" y="13736" />
			<node x="113456" y="14508" />
			<node x="113024" y="14888" />
		</territory>
		<npc id="20824" count="1" respawnDelay="190" respawnRandom="60" chaseRange="2500" /> <!-- Hallate's Commander -->
		<npc id="20825" count="1" respawnDelay="190" respawnRandom="60" chaseRange="2500" /> <!-- Hallate's Inspector -->
		<npc id="21061" count="1" respawnDelay="190" respawnRandom="60" chaseRange="2500" /> <!-- Hallate's Guardian -->
	</spawn>
	<spawn zone="aden37_2318_08">
		<territory minZ="896" maxZ="1096">
			<node x="112324" y="17744" />
			<node x="113000" y="17312" />
			<node x="113404" y="17760" />
			<node x="112972" y="18400" />
		</territory>
		<npc id="20824" count="1" respawnDelay="190" respawnRandom="60" chaseRange="2500" /> <!-- Hallate's Commander -->
		<npc id="20825" count="1" respawnDelay="190" respawnRandom="60" chaseRange="2500" /> <!-- Hallate's Inspector -->
		<npc id="21061" count="1" respawnDelay="190" respawnRandom="60" chaseRange="2500" /> <!-- Hallate's Guardian -->
	</spawn>
	<spawn zone="aden37_2318_09">
		<territory minZ="896" maxZ="1096">
			<node x="113604" y="17852" />
			<node x="114156" y="18080" />
			<node x="114012" y="18872" />
			<node x="113128" y="18504" />
		</territory>
		<npc id="20824" count="1" respawnDelay="190" respawnRandom="60" chaseRange="2500" /> <!-- Hallate's Commander -->
		<npc id="20825" count="1" respawnDelay="190" respawnRandom="60" chaseRange="2500" /> <!-- Hallate's Inspector -->
		<npc id="21061" count="1" respawnDelay="190" respawnRandom="60" chaseRange="2500" /> <!-- Hallate's Guardian -->
	</spawn>
	<spawn zone="aden37_2318_10">
		<territory minZ="892" maxZ="1092">
			<node x="115120" y="18072" />
			<node x="115660" y="17856" />
			<node x="116180" y="18500" />
			<node x="115292" y="18872" />
		</territory>
		<npc id="20824" count="1" respawnDelay="190" respawnRandom="60" chaseRange="2500" /> <!-- Hallate's Commander -->
		<npc id="20825" count="1" respawnDelay="190" respawnRandom="60" chaseRange="2500" /> <!-- Hallate's Inspector -->
		<npc id="21061" count="1" respawnDelay="190" respawnRandom="60" chaseRange="2500" /> <!-- Hallate's Guardian -->
	</spawn>
	<spawn zone="aden37_2318_11">
		<territory minZ="896" maxZ="1096">
			<node x="116288" y="17304" />
			<node x="116984" y="17740" />
			<node x="116312" y="18404" />
			<node x="115864" y="17784" />
		</territory>
		<npc id="20824" count="1" respawnDelay="190" respawnRandom="60" chaseRange="2500" /> <!-- Hallate's Commander -->
		<npc id="20825" count="1" respawnDelay="190" respawnRandom="60" chaseRange="2500" /> <!-- Hallate's Inspector -->
		<npc id="21061" count="1" respawnDelay="190" respawnRandom="60" chaseRange="2500" /> <!-- Hallate's Guardian -->
	</spawn>
	<spawn zone="aden38_2318_01">
		<territory minZ="1912" maxZ="2112">
			<node x="112816" y="15535" />
			<node x="113915" y="15528" />
			<node x="113924" y="16612" />
			<node x="112820" y="16596" />
		</territory>
		<npc id="20823" count="2" respawnDelay="210" respawnRandom="70" chaseRange="2500" /> <!-- Platinum Tribe Soldier -->
		<npc id="20826" count="2" respawnDelay="210" respawnRandom="70" chaseRange="2500" /> <!-- Platinum Tribe Archer -->
		<npc id="20827" count="3" respawnDelay="210" respawnRandom="70" chaseRange="2500" /> <!-- Platinum Tribe Warrior -->
	</spawn>
	<spawn zone="aden38_2318_02">
		<territory minZ="1904" maxZ="2104">
			<node x="114093" y="14243" />
			<node x="115256" y="14256" />
			<node x="115240" y="15260" />
			<node x="114119" y="15214" />
		</territory>
		<npc id="20823" count="2" respawnDelay="210" respawnRandom="70" chaseRange="2500" /> <!-- Platinum Tribe Soldier -->
		<npc id="20826" count="2" respawnDelay="210" respawnRandom="70" chaseRange="2500" /> <!-- Platinum Tribe Archer -->
		<npc id="20827" count="2" respawnDelay="210" respawnRandom="70" chaseRange="2500" /> <!-- Platinum Tribe Warrior -->
	</spawn>
	<spawn zone="aden38_2318_03">
		<territory minZ="1908" maxZ="2108">
			<node x="115453" y="14443" />
			<node x="115999" y="14752" />
			<node x="116301" y="15327" />
			<node x="115460" y="15336" />
		</territory>
		<npc id="20823" count="2" respawnDelay="210" respawnRandom="70" chaseRange="2500" /> <!-- Platinum Tribe Soldier -->
		<npc id="20826" count="2" respawnDelay="210" respawnRandom="70" chaseRange="2500" /> <!-- Platinum Tribe Archer -->
		<npc id="20827" count="2" respawnDelay="210" respawnRandom="70" chaseRange="2500" /> <!-- Platinum Tribe Warrior -->
	</spawn>
	<spawn zone="aden38_2318_04">
		<territory minZ="1912" maxZ="2112">
			<node x="114056" y="15524" />
			<node x="115260" y="15524" />
			<node x="115260" y="16608" />
			<node x="114056" y="16608" />
		</territory>
		<npc id="20823" count="3" respawnDelay="210" respawnRandom="70" chaseRange="2500" /> <!-- Platinum Tribe Soldier -->
		<npc id="20826" count="2" respawnDelay="210" respawnRandom="70" chaseRange="2500" /> <!-- Platinum Tribe Archer -->
		<npc id="20827" count="3" respawnDelay="210" respawnRandom="70" chaseRange="2500" /> <!-- Platinum Tribe Warrior -->
	</spawn>
	<spawn zone="aden38_2318_05">
		<territory minZ="1912" maxZ="2112">
			<node x="114120" y="16884" />
			<node x="115196" y="16872" />
			<node x="115184" y="17868" />
			<node x="114132" y="17880" />
		</territory>
		<npc id="20823" count="2" respawnDelay="210" respawnRandom="70" chaseRange="2500" /> <!-- Platinum Tribe Soldier -->
		<npc id="20826" count="2" respawnDelay="210" respawnRandom="70" chaseRange="2500" /> <!-- Platinum Tribe Archer -->
		<npc id="20827" count="2" respawnDelay="210" respawnRandom="70" chaseRange="2500" /> <!-- Platinum Tribe Warrior -->
	</spawn>
	<spawn zone="aden38_2318_06">
		<territory minZ="1912" maxZ="2112">
			<node x="112971" y="16823" />
			<node x="113872" y="16824" />
			<node x="113866" y="17656" />
			<node x="113288" y="17378" />
		</territory>
		<npc id="20823" count="2" respawnDelay="210" respawnRandom="70" chaseRange="2500" /> <!-- Platinum Tribe Soldier -->
		<npc id="20826" count="2" respawnDelay="210" respawnRandom="70" chaseRange="2500" /> <!-- Platinum Tribe Archer -->
		<npc id="20827" count="3" respawnDelay="210" respawnRandom="70" chaseRange="2500" /> <!-- Platinum Tribe Warrior -->
	</spawn>
	<spawn zone="aden39_2318_01">
		<territory minZ="2956" maxZ="3156">
			<node x="113672" y="16116" />
			<node x="113864" y="15608" />
			<node x="114312" y="15368" />
			<node x="114800" y="15560" />
			<node x="115032" y="16092" />
			<node x="114864" y="16564" />
			<node x="114408" y="16792" />
			<node x="113924" y="16660" />
		</territory>
		<npc id="20828" count="1" respawnDelay="249" respawnRandom="80" chaseRange="2500" /> <!-- Platinum Tribe Shaman -->
		<npc id="20829" count="2" respawnDelay="249" respawnRandom="80" chaseRange="2500" /> <!-- Platinum Tribe Overlord -->
		<npc id="20830" count="2" respawnDelay="249" respawnRandom="80" chaseRange="2500" /> <!-- Guardian Angel -->
	</spawn>
	<spawn zone="aden39_2318_02">
		<territory minZ="2921" maxZ="3271">
			<node x="114168" y="14322" />
			<node x="114719" y="14269" />
			<node x="114587" y="14937" />
			<node x="114032" y="15014" />
			<node x="113713" y="14527" />
		</territory>
		<npc id="20828" count="1" respawnDelay="249" respawnRandom="80" chaseRange="2500" /> <!-- Platinum Tribe Shaman -->
		<npc id="20830" count="1" respawnDelay="249" respawnRandom="80" chaseRange="2500" /> <!-- Guardian Angel -->
	</spawn>
	<spawn zone="aden39_2318_03">
		<territory minZ="2920" maxZ="3270">
			<node x="112993" y="15121" />
			<node x="113494" y="15355" />
			<node x="113304" y="15690" />
			<node x="112809" y="15508" />
		</territory>
		<npc id="20828" count="1" respawnDelay="249" respawnRandom="80" chaseRange="2500" /> <!-- Platinum Tribe Shaman -->
		<npc id="20829" count="1" respawnDelay="249" respawnRandom="80" chaseRange="2500" /> <!-- Platinum Tribe Overlord -->
		<npc id="20830" count="1" respawnDelay="249" respawnRandom="80" chaseRange="2500" /> <!-- Guardian Angel -->
	</spawn>
	<spawn zone="aden39_2318_04">
		<territory minZ="2920" maxZ="3120">
			<node x="112716" y="15928" />
			<node x="113156" y="15980" />
			<node x="113488" y="16772" />
			<node x="112980" y="17004" />
			<node x="112784" y="16584" />
		</territory>
		<npc id="20828" count="1" respawnDelay="249" respawnRandom="80" chaseRange="2500" /> <!-- Platinum Tribe Shaman -->
		<npc id="20829" count="1" respawnDelay="249" respawnRandom="80" chaseRange="2500" /> <!-- Platinum Tribe Overlord -->
	</spawn>
	<spawn zone="aden39_2318_05">
		<territory minZ="2919" maxZ="3269">
			<node x="113932" y="17199" />
			<node x="115027" y="17082" />
			<node x="115431" y="17608" />
			<node x="114290" y="17847" />
			<node x="113710" y="17623" />
		</territory>
		<npc id="20828" count="1" respawnDelay="249" respawnRandom="80" chaseRange="2500" /> <!-- Platinum Tribe Shaman -->
		<npc id="20829" count="2" respawnDelay="249" respawnRandom="80" chaseRange="2500" /> <!-- Platinum Tribe Overlord -->
		<npc id="20830" count="1" respawnDelay="249" respawnRandom="80" chaseRange="2500" /> <!-- Guardian Angel -->
	</spawn>
	<spawn zone="aden39_2318_06">
		<territory minZ="2912" maxZ="3112">
			<node x="115224" y="14440" />
			<node x="115764" y="14636" />
			<node x="116320" y="15492" />
			<node x="115376" y="15696" />
			<node x="115144" y="15276" />
		</territory>
		<npc id="20828" count="1" respawnDelay="249" respawnRandom="80" chaseRange="2500" /> <!-- Platinum Tribe Shaman -->
		<npc id="20829" count="2" respawnDelay="249" respawnRandom="80" chaseRange="2500" /> <!-- Platinum Tribe Overlord -->
		<npc id="20830" count="1" respawnDelay="249" respawnRandom="80" chaseRange="2500" /> <!-- Guardian Angel -->
	</spawn>
	<spawn zone="aden39_2318_07">
		<territory minZ="2920" maxZ="3270">
			<node x="113630" y="18089" />
			<node x="115557" y="18118" />
			<node x="115798" y="18610" />
			<node x="115196" y="18792" />
			<node x="114091" y="18791" />
			<node x="113473" y="18545" />
		</territory>
		<npc id="20828" count="2" respawnDelay="249" respawnRandom="80" chaseRange="2500" /> <!-- Platinum Tribe Shaman -->
		<npc id="20829" count="1" respawnDelay="249" respawnRandom="80" chaseRange="2500" /> <!-- Platinum Tribe Overlord -->
		<npc id="20830" count="2" respawnDelay="249" respawnRandom="80" chaseRange="2500" /> <!-- Guardian Angel -->
	</spawn>
	<spawn zone="aden39_2318_p01">
		<territory minZ="2956" maxZ="3156">
			<node x="113672" y="16116" />
			<node x="113864" y="15608" />
			<node x="114312" y="15368" />
			<node x="114800" y="15560" />
			<node x="115032" y="16092" />
			<node x="114864" y="16564" />
			<node x="114408" y="16792" />
			<node x="113924" y="16660" />
		</territory>
		<npc id="21078" count="1" respawnDelay="300" respawnRandom="80" chaseRange="2500" /> <!-- Magus Valac -->
	</spawn>
	<spawn zone="aden39_2318_p05">
		<territory minZ="2924" maxZ="3124">
			<node x="113916" y="17198" />
			<node x="115032" y="17075" />
			<node x="115492" y="17676" />
			<node x="114288" y="17856" />
			<node x="113688" y="17632" />
		</territory>
		<npc id="21078" count="1" respawnDelay="300" respawnRandom="80" chaseRange="2500" /> <!-- Magus Valac -->
	</spawn>
	<spawn zone="aden39_2318_p06">
		<territory minZ="2912" maxZ="3112">
			<node x="115224" y="14440" />
			<node x="115764" y="14636" />
			<node x="116320" y="15492" />
			<node x="115376" y="15696" />
			<node x="115144" y="15276" />
		</territory>
		<npc id="21078" count="1" respawnDelay="300" respawnRandom="80" chaseRange="2500" /> <!-- Magus Valac -->
	</spawn>
	<spawn zone="aden40_2318_02">
		<territory minZ="3932" maxZ="4282">
			<node x="113541" y="14650" />
			<node x="114501" y="14244" />
			<node x="114830" y="15099" />
			<node x="113866" y="15458" />
		</territory>
		<npc id="21062" count="2" respawnDelay="230" respawnRandom="75" chaseRange="2500" /> <!-- Messenger Angel -->
		<npc id="21064" count="1" respawnDelay="230" respawnRandom="75" chaseRange="2500" /> <!-- Platinum Guardian Archer -->
		<npc id="21065" count="2" respawnDelay="230" respawnRandom="75" chaseRange="2500" /> <!-- Platinum Guardian Warrior -->
	</spawn>
	<spawn zone="aden40_2318_03">
		<territory minZ="3930" maxZ="4280">
			<node x="114754" y="14241" />
			<node x="115354" y="14328" />
			<node x="115830" y="14698" />
			<node x="115109" y="14989" />
		</territory>
		<npc id="21062" count="1" respawnDelay="230" respawnRandom="75" chaseRange="2500" /> <!-- Messenger Angel -->
		<npc id="21064" count="1" respawnDelay="230" respawnRandom="75" chaseRange="2500" /> <!-- Platinum Guardian Archer -->
		<npc id="21065" count="1" respawnDelay="230" respawnRandom="75" chaseRange="2500" /> <!-- Platinum Guardian Warrior -->
	</spawn>
	<spawn zone="aden40_2318_04">
		<territory minZ="3930" maxZ="4280">
			<node x="115235" y="15268" />
			<node x="116040" y="14944" />
			<node x="116445" y="15878" />
			<node x="115613" y="16210" />
		</territory>
		<npc id="21062" count="2" respawnDelay="230" respawnRandom="75" chaseRange="2500" /> <!-- Messenger Angel -->
		<npc id="21064" count="2" respawnDelay="230" respawnRandom="75" chaseRange="2500" /> <!-- Platinum Guardian Archer -->
		<npc id="21065" count="2" respawnDelay="230" respawnRandom="75" chaseRange="2500" /> <!-- Platinum Guardian Warrior -->
	</spawn>
	<spawn zone="aden40_2318_05">
		<territory minZ="3932" maxZ="4282">
			<node x="113987" y="15776" />
			<node x="114959" y="15385" />
			<node x="115356" y="16327" />
			<node x="114380" y="16731" />
		</territory>
		<npc id="21062" count="2" respawnDelay="230" respawnRandom="75" chaseRange="2500" /> <!-- Messenger Angel -->
		<npc id="21064" count="1" respawnDelay="230" respawnRandom="75" chaseRange="2500" /> <!-- Platinum Guardian Archer -->
		<npc id="21065" count="2" respawnDelay="230" respawnRandom="75" chaseRange="2500" /> <!-- Platinum Guardian Warrior -->
	</spawn>
	<spawn zone="aden40_2318_06">
		<territory minZ="3933" maxZ="4283">
			<node x="114524" y="17013" />
			<node x="115433" y="16626" />
			<node x="115802" y="17479" />
			<node x="114863" y="17889" />
		</territory>
		<npc id="21062" count="2" respawnDelay="230" respawnRandom="75" chaseRange="2500" /> <!-- Messenger Angel -->
		<npc id="21064" count="1" respawnDelay="230" respawnRandom="75" chaseRange="2500" /> <!-- Platinum Guardian Archer -->
		<npc id="21065" count="2" respawnDelay="230" respawnRandom="75" chaseRange="2500" /> <!-- Platinum Guardian Warrior -->
	</spawn>
	<spawn zone="aden40_2318_07">
		<territory minZ="3931" maxZ="4281">
			<node x="115709" y="16496" />
			<node x="116467" y="16174" />
			<node x="116271" y="16790" />
			<node x="116010" y="17230" />
		</territory>
		<npc id="21062" count="1" respawnDelay="230" respawnRandom="75" chaseRange="2500" /> <!-- Messenger Angel -->
		<npc id="21064" count="1" respawnDelay="230" respawnRandom="75" chaseRange="2500" /> <!-- Platinum Guardian Archer -->
		<npc id="21065" count="1" respawnDelay="230" respawnRandom="75" chaseRange="2500" /> <!-- Platinum Guardian Warrior -->
	</spawn>
	<spawn zone="aden41_2318_01">
		<territory minZ="4940" maxZ="5290">
			<node x="113224" y="15134" />
			<node x="114182" y="16067" />
			<node x="113200" y="17042" />
			<node x="113047" y="16428" />
			<node x="113241" y="15939" />
		</territory>
		<npc id="20830" count="2" respawnDelay="230" respawnRandom="75" chaseRange="2500" /> <!-- Guardian Angel -->
		<npc id="21066" count="2" respawnDelay="230" respawnRandom="75" chaseRange="2500" /> <!-- Platinum Guardian Shaman -->
		<npc id="21069" count="2" respawnDelay="230" respawnRandom="75" chaseRange="2500" /> <!-- Platinum Guardian Prefect -->
	</spawn>
	<spawn zone="aden41_2318_02">
		<territory minZ="4943" maxZ="5293">
			<node x="113580" y="16847" />
			<node x="113835" y="17111" />
			<node x="113504" y="17468" />
			<node x="113226" y="17194" />
		</territory>
		<npc id="20830" count="1" respawnDelay="230" respawnRandom="75" chaseRange="2500" /> <!-- Guardian Angel -->
		<npc id="21069" count="1" respawnDelay="230" respawnRandom="75" chaseRange="2500" /> <!-- Platinum Guardian Prefect -->
	</spawn>
	<spawn zone="aden41_2318_03">
		<territory minZ="4941" maxZ="5291">
			<node x="114638" y="16375" />
			<node x="114851" y="16819" />
			<node x="114387" y="17230" />
			<node x="114288" y="17839" />
			<node x="113621" y="17548" />
		</territory>
		<npc id="20830" count="3" respawnDelay="230" respawnRandom="75" chaseRange="2500" /> <!-- Guardian Angel -->
		<npc id="21066" count="2" respawnDelay="230" respawnRandom="75" chaseRange="2500" /> <!-- Platinum Guardian Shaman -->
		<npc id="21069" count="2" respawnDelay="230" respawnRandom="75" chaseRange="2500" /> <!-- Platinum Guardian Prefect -->
	</spawn>
	<spawn zone="aden41_2318_04">
		<territory minZ="4940" maxZ="5290">
			<node x="115677" y="16833" />
			<node x="116066" y="17170" />
			<node x="115415" y="17670" />
			<node x="115180" y="17333" />
		</territory>
		<npc id="20830" count="1" respawnDelay="230" respawnRandom="75" chaseRange="2500" /> <!-- Guardian Angel -->
		<npc id="21066" count="1" respawnDelay="230" respawnRandom="75" chaseRange="2500" /> <!-- Platinum Guardian Shaman -->
	</spawn>
	<spawn zone="aden41_2318_05">
		<territory minZ="4938" maxZ="5288">
			<node x="116067" y="15011" />
			<node x="116352" y="15796" />
			<node x="116355" y="16403" />
			<node x="116118" y="17012" />
			<node x="115014" y="16046" />
		</territory>
		<npc id="20830" count="2" respawnDelay="230" respawnRandom="75" chaseRange="2500" /> <!-- Guardian Angel -->
		<npc id="21066" count="2" respawnDelay="230" respawnRandom="75" chaseRange="2500" /> <!-- Platinum Guardian Shaman -->
		<npc id="21069" count="3" respawnDelay="230" respawnRandom="75" chaseRange="2500" /> <!-- Platinum Guardian Prefect -->
	</spawn>
	<spawn zone="aden41_2318_06">
		<territory minZ="4944" maxZ="5144">
			<node x="115112" y="14328" />
			<node x="115720" y="14628" />
			<node x="116048" y="14884" />
			<node x="115656" y="15276" />
			<node x="115088" y="14740" />
		</territory>
		<npc id="21066" count="1" respawnDelay="230" respawnRandom="75" chaseRange="2500" /> <!-- Platinum Guardian Shaman -->
		<npc id="21069" count="1" respawnDelay="230" respawnRandom="75" chaseRange="2500" /> <!-- Platinum Guardian Prefect -->
	</spawn>
	<spawn zone="aden41_2318_07">
		<territory minZ="4934" maxZ="5284">
			<node x="114693" y="14991" />
			<node x="115276" y="15069" />
			<node x="114672" y="15698" />
			<node x="114093" y="15107" />
		</territory>
		<npc id="20830" count="2" respawnDelay="230" respawnRandom="75" chaseRange="2500" /> <!-- Guardian Angel -->
		<npc id="21066" count="1" respawnDelay="230" respawnRandom="75" chaseRange="2500" /> <!-- Platinum Guardian Shaman -->
		<npc id="21069" count="2" respawnDelay="230" respawnRandom="75" chaseRange="2500" /> <!-- Platinum Guardian Prefect -->
	</spawn>
	<spawn zone="aden41_2318_08">
		<territory minZ="4935" maxZ="5285">
			<node x="113647" y="14631" />
			<node x="114116" y="14437" />
			<node x="114108" y="14805" />
			<node x="113616" y="15210" />
			<node x="113315" y="14937" />
		</territory>
		<npc id="20830" count="1" respawnDelay="230" respawnRandom="75" chaseRange="2500" /> <!-- Guardian Angel -->
		<npc id="21069" count="1" respawnDelay="230" respawnRandom="75" chaseRange="2500" /> <!-- Platinum Guardian Prefect -->
	</spawn>
	<spawn zone="aden41_2318_p01">
		<territory minZ="4940" maxZ="5140">
			<node x="113200" y="14904" />
			<node x="114336" y="16040" />
			<node x="113140" y="17208" />
			<node x="112844" y="16440" />
			<node x="112844" y="15724" />
		</territory>
		<npc id="20983" count="1" respawnDelay="300" respawnRandom="80" chaseRange="2500" /> <!-- Binder -->
	</spawn>
	<spawn zone="aden41_2318_p03">
		<territory minZ="4940" maxZ="5140">
			<node x="114640" y="16340" />
			<node x="115820" y="17528" />
			<node x="114932" y="17908" />
			<node x="114272" y="17952" />
			<node x="113484" y="17588" />
		</territory>
		<npc id="20983" count="1" respawnDelay="300" respawnRandom="80" chaseRange="2500" /> <!-- Binder -->
	</spawn>
	<spawn zone="aden41_2318_p05">
		<territory minZ="4936" maxZ="5136">
			<node x="116072" y="14900" />
			<node x="116456" y="15804" />
			<node x="116464" y="16420" />
			<node x="116144" y="17168" />
			<node x="114948" y="16048" />
		</territory>
		<npc id="20983" count="1" respawnDelay="300" respawnRandom="80" chaseRange="2500" /> <!-- Binder -->
	</spawn>
	<spawn zone="aden28_2318_01">
		<territory minZ="5958" maxZ="6158">
			<node x="114503" y="15495" />
			<node x="114955" y="15605" />
			<node x="115226" y="15918" />
			<node x="115226" y="16213" />
			<node x="114944" y="16539" />
			<node x="114475" y="16618" />
			<node x="114114" y="16342" />
			<node x="114059" y="15913" />
		</territory>
		<npc id="20831" count="1" respawnDelay="250" respawnRandom="80" chaseRange="2500" /> <!-- Seal Angel -->
		<npc id="21069" count="2" respawnDelay="250" respawnRandom="80" chaseRange="2500" /> <!-- Platinum Guardian Prefect -->
		<npc id="21070" count="1" respawnDelay="250" respawnRandom="80" chaseRange="2500" /> <!-- Seal Archangel -->
	</spawn>
	<spawn zone="aden28_2318_06">
		<territory minZ="5944" maxZ="6144">
			<node x="115280" y="13272" />
			<node x="116176" y="13652" />
			<node x="115696" y="14312" />
			<node x="115124" y="14076" />
		</territory>
		<npc id="20831" count="1" respawnDelay="250" respawnRandom="80" chaseRange="2500" /> <!-- Seal Angel -->
		<npc id="21069" count="2" respawnDelay="250" respawnRandom="80" chaseRange="2500" /> <!-- Platinum Guardian Prefect -->
		<npc id="21070" count="1" respawnDelay="250" respawnRandom="80" chaseRange="2500" /> <!-- Seal Archangel -->
	</spawn>
	<spawn zone="aden28_2318_07">
		<territory minZ="5948" maxZ="6148">
			<node x="116296" y="13720" />
			<node x="116996" y="14428" />
			<node x="116300" y="14876" />
			<node x="115864" y="14420" />
		</territory>
		<npc id="20831" count="1" respawnDelay="250" respawnRandom="80" chaseRange="2500" /> <!-- Seal Angel -->
		<npc id="21069" count="1" respawnDelay="250" respawnRandom="80" chaseRange="2500" /> <!-- Platinum Guardian Prefect -->
		<npc id="21070" count="1" respawnDelay="250" respawnRandom="80" chaseRange="2500" /> <!-- Seal Archangel -->
	</spawn>
	<spawn zone="aden28_2318_08">
		<territory minZ="5948" maxZ="6148">
			<node x="114148" y="13253" />
			<node x="115136" y="13253" />
			<node x="114970" y="14039" />
			<node x="114339" y="14039" />
		</territory>
		<npc id="20831" count="1" respawnDelay="250" respawnRandom="80" chaseRange="2500" /> <!-- Seal Angel -->
		<npc id="21070" count="1" respawnDelay="250" respawnRandom="80" chaseRange="2500" /> <!-- Seal Archangel -->
	</spawn>
	<spawn zone="aden28_2318_09">
		<territory minZ="5956" maxZ="6156">
			<node x="115871" y="17721" />
			<node x="116315" y="17252" />
			<node x="116990" y="17677" />
			<node x="116265" y="18409" />
		</territory>
		<npc id="20831" count="1" respawnDelay="250" respawnRandom="80" chaseRange="2500" /> <!-- Seal Angel -->
		<npc id="21069" count="1" respawnDelay="250" respawnRandom="80" chaseRange="2500" /> <!-- Platinum Guardian Prefect -->
		<npc id="21070" count="1" respawnDelay="250" respawnRandom="80" chaseRange="2500" /> <!-- Seal Archangel -->
	</spawn>
	<spawn zone="aden28_2318_10">
		<territory minZ="5956" maxZ="6156">
			<node x="114336" y="18117" />
			<node x="114967" y="18117" />
			<node x="115155" y="18880" />
			<node x="114148" y="18880" />
		</territory>
		<npc id="20831" count="1" respawnDelay="250" respawnRandom="80" chaseRange="2500" /> <!-- Seal Angel -->
		<npc id="21069" count="1" respawnDelay="250" respawnRandom="80" chaseRange="2500" /> <!-- Platinum Guardian Prefect -->
		<npc id="21070" count="1" respawnDelay="250" respawnRandom="80" chaseRange="2500" /> <!-- Seal Archangel -->
	</spawn>
	<spawn zone="aden28_2318_11">
		<territory minZ="5956" maxZ="6156">
			<node x="113542" y="17815" />
			<node x="114192" y="18096" />
			<node x="114023" y="18859" />
			<node x="113110" y="18465" />
		</territory>
		<npc id="20831" count="1" respawnDelay="250" respawnRandom="80" chaseRange="2500" /> <!-- Seal Angel -->
		<npc id="21069" count="1" respawnDelay="250" respawnRandom="80" chaseRange="2500" /> <!-- Platinum Guardian Prefect -->
		<npc id="21070" count="1" respawnDelay="250" respawnRandom="80" chaseRange="2500" /> <!-- Seal Archangel -->
	</spawn>
	<spawn zone="aden28_2318_12">
		<territory minZ="5948" maxZ="6148">
			<node x="112324" y="17684" />
			<node x="112974" y="17290" />
			<node x="113424" y="17752" />
			<node x="112999" y="18372" />
		</territory>
		<npc id="20831" count="1" respawnDelay="250" respawnRandom="80" chaseRange="2500" /> <!-- Seal Angel -->
		<npc id="21070" count="1" respawnDelay="250" respawnRandom="80" chaseRange="2500" /> <!-- Seal Archangel -->
	</spawn>
	<spawn zone="aden28_2318_13">
		<territory minZ="5956" maxZ="6156">
			<node x="111873" y="16667" />
			<node x="112618" y="16573" />
			<node x="112880" y="17186" />
			<node x="112268" y="17580" />
		</territory>
		<npc id="20831" count="1" respawnDelay="250" respawnRandom="80" chaseRange="2500" /> <!-- Seal Angel -->
		<npc id="21069" count="1" respawnDelay="250" respawnRandom="80" chaseRange="2500" /> <!-- Platinum Guardian Prefect -->
		<npc id="21070" count="1" respawnDelay="250" respawnRandom="80" chaseRange="2500" /> <!-- Seal Archangel -->
	</spawn>
	<spawn zone="aden28_2318_14">
		<territory minZ="5944" maxZ="6144">
			<node x="111869" y="15586" />
			<node x="112576" y="15699" />
			<node x="112576" y="16405" />
			<node x="111869" y="16555" />
		</territory>
		<npc id="20831" count="1" respawnDelay="250" respawnRandom="80" chaseRange="2500" /> <!-- Seal Angel -->
		<npc id="21069" count="1" respawnDelay="250" respawnRandom="80" chaseRange="2500" /> <!-- Platinum Guardian Prefect -->
		<npc id="21070" count="1" respawnDelay="250" respawnRandom="80" chaseRange="2500" /> <!-- Seal Archangel -->
	</spawn>
	<spawn zone="aden29_2318_02">
		<territory minZ="6965" maxZ="7165">
			<node x="114453" y="17147" />
			<node x="115096" y="17795" />
			<node x="114505" y="18378" />
			<node x="113553" y="18097" />
		</territory>
		<npc id="21066" count="1" respawnDelay="250" respawnRandom="80" chaseRange="2500" /> <!-- Platinum Guardian Shaman -->
		<npc id="21067" count="1" respawnDelay="250" respawnRandom="80" chaseRange="2500" /> <!-- Guardian Archangel -->
		<npc id="21072" count="1" respawnDelay="250" respawnRandom="80" chaseRange="2500" /> <!-- Platinum Guardian Chief -->
	</spawn>
	<spawn zone="aden29_2318_04">
		<territory minZ="6961" maxZ="7161">
			<node x="114772" y="13805" />
			<node x="115710" y="14092" />
			<node x="114835" y="14859" />
			<node x="114204" y="14333" />
		</territory>
		<npc id="21066" count="1" respawnDelay="250" respawnRandom="80" chaseRange="2500" /> <!-- Platinum Guardian Shaman -->
		<npc id="21067" count="2" respawnDelay="250" respawnRandom="80" chaseRange="2500" /> <!-- Guardian Archangel -->
		<npc id="21072" count="1" respawnDelay="250" respawnRandom="80" chaseRange="2500" /> <!-- Platinum Guardian Chief -->
	</spawn>
	<spawn zone="aden29_2318_05">
		<territory minZ="6964" maxZ="7164">
			<node x="113728" y="16421" />
			<node x="114292" y="16961" />
			<node x="113297" y="17958" />
			<node x="112784" y="17388" />
		</territory>
		<npc id="21066" count="2" respawnDelay="250" respawnRandom="80" chaseRange="2500" /> <!-- Platinum Guardian Shaman -->
		<npc id="21067" count="2" respawnDelay="250" respawnRandom="80" chaseRange="2500" /> <!-- Guardian Archangel -->
		<npc id="21072" count="2" respawnDelay="250" respawnRandom="80" chaseRange="2500" /> <!-- Platinum Guardian Chief -->
	</spawn>
	<spawn zone="aden29_2318_06">
		<territory minZ="6960" maxZ="7160">
			<node x="115977" y="14164" />
			<node x="116525" y="14738" />
			<node x="115551" y="15709" />
			<node x="114967" y="15184" />
		</territory>
		<npc id="21066" count="1" respawnDelay="250" respawnRandom="80" chaseRange="2500" /> <!-- Platinum Guardian Shaman -->
		<npc id="21067" count="2" respawnDelay="250" respawnRandom="80" chaseRange="2500" /> <!-- Guardian Archangel -->
		<npc id="21072" count="1" respawnDelay="250" respawnRandom="80" chaseRange="2500" /> <!-- Platinum Guardian Chief -->
	</spawn>
	<spawn zone="aden29_2318_07">
		<territory minZ="6956" maxZ="7156">
			<node x="114568" y="16784" />
			<node x="115376" y="15948" />
			<node x="115828" y="16396" />
			<node x="115000" y="17220" />
		</territory>
		<npc id="21066" count="2" respawnDelay="250" respawnRandom="80" chaseRange="2500" /> <!-- Platinum Guardian Shaman -->
		<npc id="21067" count="2" respawnDelay="250" respawnRandom="80" chaseRange="2500" /> <!-- Guardian Archangel -->
		<npc id="21072" count="2" respawnDelay="250" respawnRandom="80" chaseRange="2500" /> <!-- Platinum Guardian Chief -->
	</spawn>
	<spawn zone="aden29_2318_08">
		<territory minZ="6948" maxZ="7148">
			<node x="113468" y="14144" />
			<node x="114724" y="15352" />
			<node x="113972" y="16116" />
			<node x="112712" y="14844" />
		</territory>
		<npc id="21066" count="2" respawnDelay="250" respawnRandom="80" chaseRange="2500" /> <!-- Platinum Guardian Shaman -->
		<npc id="21067" count="3" respawnDelay="250" respawnRandom="80" chaseRange="2500" /> <!-- Guardian Archangel -->
		<npc id="21072" count="2" respawnDelay="320" respawnRandom="120" chaseRange="2500" /> <!-- Platinum Guardian Chief -->
	</spawn>
	<spawn zone="aden30_2318_01">
		<territory minZ="7952" maxZ="8152">
			<node x="114524" y="15444" />
			<node x="115032" y="15640" />
			<node x="115236" y="16200" />
			<node x="114792" y="16680" />
			<node x="114232" y="16472" />
			<node x="114008" y="15936" />
		</territory>
		<npc id="21066" count="1" respawnDelay="300" respawnRandom="90" chaseRange="2500" /> <!-- Platinum Guardian Shaman -->
		<npc id="21067" count="2" respawnDelay="300" respawnRandom="90" chaseRange="2500" /> <!-- Guardian Archangel -->
		<npc id="21072" count="2" respawnDelay="300" respawnRandom="90" chaseRange="2500" /> <!-- Platinum Guardian Chief -->
	</spawn>
	<spawn zone="aden30_2318_02">
		<territory minZ="7964" maxZ="8164">
			<node x="114152" y="16772" />
			<node x="115120" y="16776" />
			<node x="115212" y="17160" />
			<node x="114856" y="17312" />
			<node x="114388" y="17304" />
			<node x="113944" y="17120" />
		</territory>
		<npc id="21066" count="1" respawnDelay="300" respawnRandom="90" chaseRange="2500" /> <!-- Platinum Guardian Shaman -->
		<npc id="21067" count="2" respawnDelay="300" respawnRandom="90" chaseRange="2500" /> <!-- Guardian Archangel -->
	</spawn>
	<spawn zone="aden30_2318_03">
		<territory minZ="7956" maxZ="8156">
			<node x="115340" y="15564" />
			<node x="115696" y="15368" />
			<node x="115872" y="15808" />
			<node x="115888" y="16304" />
			<node x="115612" y="16660" />
			<node x="115360" y="16444" />
		</territory>
		<npc id="21066" count="1" respawnDelay="300" respawnRandom="90" chaseRange="2500" /> <!-- Platinum Guardian Shaman -->
		<npc id="21072" count="1" respawnDelay="300" respawnRandom="90" chaseRange="2500" /> <!-- Platinum Guardian Chief -->
	</spawn>
	<spawn zone="aden30_2318_04">
		<territory minZ="7960" maxZ="8160">
			<node x="113540" y="15472" />
			<node x="113916" y="15788" />
			<node x="113948" y="16504" />
			<node x="113588" y="16760" />
			<node x="113400" y="16300" />
			<node x="113400" y="15828" />
		</territory>
		<npc id="21067" count="2" respawnDelay="300" respawnRandom="90" chaseRange="2500" /> <!-- Guardian Archangel -->
		<npc id="21072" count="1" respawnDelay="300" respawnRandom="90" chaseRange="2500" /> <!-- Platinum Guardian Chief -->
	</spawn>
	<spawn zone="aden30_2318_05">
		<territory minZ="7960" maxZ="8160">
			<node x="114896" y="14828" />
			<node x="115324" y="15012" />
			<node x="114988" y="15364" />
			<node x="114256" y="15356" />
			<node x="114024" y="14996" />
			<node x="114392" y="14828" />
		</territory>
		<npc id="21066" count="1" respawnDelay="300" respawnRandom="90" chaseRange="2500" /> <!-- Platinum Guardian Shaman -->
		<npc id="21067" count="1" respawnDelay="300" respawnRandom="90" chaseRange="2500" /> <!-- Guardian Archangel -->
	</spawn>
	<spawn zone="aden29_2318_p02">
		<territory minZ="6965" maxZ="7165">
			<node x="114453" y="17147" />
			<node x="115096" y="17795" />
			<node x="114505" y="18378" />
			<node x="113553" y="18097" />
		</territory>
		<npc id="21081" count="1" respawnDelay="300" respawnRandom="80" chaseRange="2500" /> <!-- Power Angel Amon -->
	</spawn>
	<spawn zone="aden29_2318_p09">
		<territory minZ="6948" maxZ="7148">
			<node x="113468" y="14144" />
			<node x="114724" y="15352" />
			<node x="113972" y="16116" />
			<node x="112712" y="14844" />
		</territory>
		<npc id="21081" count="1" respawnDelay="300" respawnRandom="80" chaseRange="2500" /> <!-- Power Angel Amon -->
	</spawn>
</list>
