<?xml version="1.0" encoding="UTF-8"?>
<list enabled="true" xmlns:xsi="http://www.w3.org/2001/XMLSchema-instance" xsi:noNamespaceSchemaLocation="../../xsd/spawns.xsd">
	<spawn name="16_10">
		<npc id="21654" x="-113099" y="-251066" z="-2992" heading="18677" respawnDelay="60" /> <!-- Necromancer of Destruction -->
		<npc id="21383" x="-113099" y="-251066" z="-2992" heading="18677" respawnDelay="60" /> <!-- Knight of Destruction -->
		<npc id="21384" x="-113099" y="-251066" z="-2992" heading="18677" respawnDelay="60" /> <!-- Necromancer of Destruction -->
		<npc id="21382" x="-113099" y="-251066" z="-2992" heading="18677" respawnDelay="60" /> <!-- Mercenary of Destruction -->
		<npc id="21654" x="-113099" y="-251066" z="-2992" heading="18677" respawnDelay="60" /> <!-- Necromancer of Destruction -->
		<npc id="21383" x="-113099" y="-251066" z="-2992" heading="18677" respawnDelay="60" /> <!-- Knight of Destruction -->
		<npc id="21384" x="-113099" y="-251066" z="-2992" heading="18677" respawnDelay="60" /> <!-- Necromancer of Destruction -->
		<npc id="21382" x="-113099" y="-251066" z="-2992" heading="18677" respawnDelay="60" /> <!-- Mercenary of Destruction -->
		<npc id="21654" x="-113099" y="-251066" z="-2992" heading="18677" respawnDelay="60" /> <!-- Necromancer of Destruction -->
		<npc id="21383" x="-113099" y="-251066" z="-2992" heading="18677" respawnDelay="60" /> <!-- Knight of Destruction -->
		<npc id="21384" x="-113099" y="-251066" z="-2992" heading="18677" respawnDelay="60" /> <!-- Necromancer of Destruction -->
		<npc id="21382" x="-113099" y="-251066" z="-2992" heading="18677" respawnDelay="60" /> <!-- Mercenary of Destruction -->
		<npc id="21384" x="-113099" y="-251066" z="-2992" heading="18677" respawnDelay="60" /> <!-- Necromancer of Destruction -->
		<npc id="21383" x="-113099" y="-251066" z="-2992" heading="18677" respawnDelay="60" /> <!-- Knight of Destruction -->
		<npc id="21654" x="-113099" y="-251066" z="-2992" heading="18677" respawnDelay="60" /> <!-- Necromancer of Destruction -->
		<npc id="21382" x="-113099" y="-251066" z="-2992" heading="18677" respawnDelay="60" /> <!-- Mercenary of Destruction -->
		<npc id="21654" x="-113141" y="-251110" z="-2992" heading="18677" respawnDelay="60" /> <!-- Necromancer of Destruction -->
		<npc id="21654" x="-113141" y="-251110" z="-2992" heading="18677" respawnDelay="60" /> <!-- Necromancer of Destruction -->
		<npc id="21654" x="-113141" y="-251110" z="-2992" heading="18677" respawnDelay="60" /> <!-- Necromancer of Destruction -->
		<npc id="21654" x="-113141" y="-251110" z="-2992" heading="18677" respawnDelay="60" /> <!-- Necromancer of Destruction -->
		<npc id="21654" x="-113141" y="-251110" z="-2992" heading="18677" respawnDelay="60" /> <!-- Necromancer of Destruction -->
		<npc id="21654" x="-113141" y="-251110" z="-2992" heading="18677" respawnDelay="60" /> <!-- Necromancer of Destruction -->
		<npc id="21654" x="-113141" y="-251110" z="-2992" heading="18677" respawnDelay="60" /> <!-- Necromancer of Destruction -->
		<npc id="21654" x="-113141" y="-251110" z="-2992" heading="18677" respawnDelay="60" /> <!-- Necromancer of Destruction -->
		<npc id="21654" x="-113141" y="-251110" z="-2992" heading="18677" respawnDelay="60" /> <!-- Necromancer of Destruction -->
		<npc id="21654" x="-113141" y="-251110" z="-2992" heading="18677" respawnDelay="60" /> <!-- Necromancer of Destruction -->
		<npc id="21654" x="-113141" y="-251110" z="-2992" heading="18677" respawnDelay="60" /> <!-- Necromancer of Destruction -->
		<npc id="21654" x="-113141" y="-251110" z="-2992" heading="18677" respawnDelay="60" /> <!-- Necromancer of Destruction -->
		<npc id="21654" x="-113141" y="-251110" z="-2992" heading="18677" respawnDelay="60" /> <!-- Necromancer of Destruction -->
		<npc id="21654" x="-113141" y="-251110" z="-2992" heading="18677" respawnDelay="60" /> <!-- Necromancer of Destruction -->
		<npc id="21654" x="-113141" y="-251110" z="-2992" heading="18677" respawnDelay="60" /> <!-- Necromancer of Destruction -->
		<npc id="21654" x="-113141" y="-251110" z="-2992" heading="18677" respawnDelay="60" /> <!-- Necromancer of Destruction -->
		<npc id="21654" x="-116022" y="-251098" z="-2992" heading="9427" respawnDelay="60" /> <!-- Necromancer of Destruction -->
		<npc id="21654" x="-115997" y="-251132" z="-2992" heading="51061" respawnDelay="60" /> <!-- Necromancer of Destruction -->
	</spawn>
</list>
