<?xml version="1.0" encoding="UTF-8"?>
<list enabled="true" xmlns:xsi="http://www.w3.org/2001/XMLSchema-instance" xsi:noNamespaceSchemaLocation="../../xsd/spawns.xsd">
	<spawn name="20_17">
		<npc id="30177" x="11703" y="-24715" z="-3640" heading="22908" respawnDelay="60" /> <!-- Valentina - Gatekeeper -->
		<npc id="50009" x="11806" y="-24229" z="-3640" heading="31597" respawnDelay="60" /> <!-- Melyssa - SOLO Buffer -->
		<npc id="50010" x="11792" y="-24174" z="-3640" heading="34826" respawnDelay="60" /> <!-- Simone - SOLO Buffer -->
		<npc id="50008" x="11819" y="-24276" z="-3640" heading="30584" respawnDelay="60" /> <!-- SIDDIK - Scheme Buffer -->
		<npc id="50050" x="11839" y="-24407" z="-3640" heading="29865" respawnDelay="60" /> <!-- Carrefoursa - G M   S H O P -->
		<npc id="30095" x="11848" y="-24536" z="-3640" heading="27931" respawnDelay="60" /> <!-- Randolf - Warehouse Keeper -->
		<npc id="31756" x="11785" y="-24060" z="-3640" heading="32767" respawnDelay="60" /> <!-- Mr. Cat - Test Server Helper -->
		<npc id="31113" x="11913" y="-23842" z="-3640" heading="39662" respawnDelay="60" /> <!-- Merchant of Mammon -->
		<npc id="31126" x="11843" y="-23747" z="-3640" heading="43175" respawnDelay="60" /> <!-- Blacksmith of Mammon -->
		<npc id="50100" x="11791" y="-24624" z="-3640" heading="25376" respawnDelay="60" /> <!-- Skatty - SPECIAL Gatekeeper -->
		<npc id="50009" x="6119" y="-22455" z="-3112" heading="48216" respawnDelay="60" /> <!-- Melyssa - SOLO Buffer -->
		<npc id="50010" x="6177" y="-22476" z="-3112" heading="61912" respawnDelay="60" /> <!-- Simone - SOLO Buffer -->
		<npc id="22200" x="6091" y="-21842" z="-3320" heading="23500" respawnDelay="60" /> <!-- Ornithomimus -->
		<npc id="22201" x="6127" y="-21782" z="-3328" heading="64009" respawnDelay="60" /> <!-- Ornithomimus -->
		<npc id="22202" x="6375" y="-21912" z="-3312" heading="59571" respawnDelay="60" /> <!-- Ornithomimus -->
		<npc id="22202" x="6319" y="-21891" z="-3312" heading="30935" respawnDelay="60" /> <!-- Ornithomimus -->
		<npc id="22202" x="5200" y="-21960" z="-3216" heading="30935" respawnDelay="60" /> <!-- Ornithomimus -->
		<npc id="22202" x="5211" y="-21072" z="-3417" heading="21788" respawnDelay="60" /> <!-- Ornithomimus -->
		<npc id="22205" x="5535" y="-20845" z="-3450" heading="64233" respawnDelay="60" /> <!-- Deinonychus -->
		<npc id="22205" x="6472" y="-20431" z="-3506" heading="10933" respawnDelay="60" /> <!-- Deinonychus -->
		<npc id="22205" x="7076" y="-19860" z="-3583" heading="6995" respawnDelay="60" /> <!-- Deinonychus -->
		<npc id="22205" x="6700" y="-19146" z="-3660" heading="25288" respawnDelay="60" /> <!-- Deinonychus -->
		<npc id="22202" x="5964" y="-19182" z="-3620" heading="34542" respawnDelay="60" /> <!-- Ornithomimus -->
		<npc id="22205" x="5213" y="-19272" z="-3598" heading="33753" respawnDelay="60" /> <!-- Deinonychus -->
		<npc id="22202" x="4311" y="-19665" z="-3482" heading="43272" respawnDelay="60" /> <!-- Ornithomimus -->
		<npc id="22205" x="3737" y="-19800" z="-3388" heading="28193" respawnDelay="60" /> <!-- Deinonychus -->
		<npc id="22202" x="3434" y="-19203" z="-3397" heading="19658" respawnDelay="60" /> <!-- Ornithomimus -->
		<npc id="22205" x="3968" y="-18623" z="-3522" heading="2007" respawnDelay="60" /> <!-- Deinonychus -->
		<npc id="22205" x="4923" y="-18285" z="-3667" heading="5901" respawnDelay="60" /> <!-- Deinonychus -->
		<npc id="22202" x="5318" y="-17765" z="-3672" heading="9876" respawnDelay="60" /> <!-- Ornithomimus -->
		<npc id="22205" x="5937" y="-16945" z="-3675" heading="8838" respawnDelay="60" /> <!-- Deinonychus -->
		<npc id="22202" x="6197" y="-16674" z="-3675" heading="7965" respawnDelay="60" /> <!-- Ornithomimus -->
		<npc id="22205" x="6487" y="-16218" z="-3675" heading="13970" respawnDelay="60" /> <!-- Deinonychus -->
		<npc id="22202" x="6924" y="-16622" z="-3646" heading="48848" respawnDelay="60" /> <!-- Ornithomimus -->
		<npc id="22205" x="7215" y="-16951" z="-3634" heading="58581" respawnDelay="60" /> <!-- Deinonychus -->
		<npc id="22202" x="8015" y="-17435" z="-3587" heading="59292" respawnDelay="60" /> <!-- Ornithomimus -->
		<npc id="22205" x="7973" y="-18468" z="-3580" heading="45934" respawnDelay="60" /> <!-- Deinonychus -->
		<npc id="22210" x="6721" y="-18377" z="-3660" heading="25261" respawnDelay="60" /> <!-- Pachycephalosaurus -->
		<npc id="22210" x="6389" y="-18022" z="-3680" heading="15949" respawnDelay="60" /> <!-- Pachycephalosaurus -->
		<npc id="22213" x="6157" y="-18372" z="-3664" heading="43064" respawnDelay="60" /> <!-- Wild Strider -->
		<npc id="22210" x="5810" y="-18883" z="-3661" heading="42911" respawnDelay="60" /> <!-- Pachycephalosaurus -->
		<npc id="22213" x="5687" y="-19347" z="-3598" heading="48737" respawnDelay="60" /> <!-- Wild Strider -->
		<npc id="22210" x="5598" y="-20241" z="-3529" heading="48362" respawnDelay="60" /> <!-- Pachycephalosaurus -->
		<npc id="22213" x="5458" y="-20383" z="-3489" heading="30174" respawnDelay="60" /> <!-- Wild Strider -->
		<npc id="22210" x="4909" y="-19985" z="-3515" heading="24263" respawnDelay="60" /> <!-- Pachycephalosaurus -->
		<npc id="22213" x="4624" y="-19165" z="-3538" heading="17902" respawnDelay="60" /> <!-- Wild Strider -->
		<npc id="22210" x="4490" y="-18529" z="-3557" heading="20147" respawnDelay="60" /> <!-- Pachycephalosaurus -->
		<npc id="22213" x="4370" y="-18032" z="-3577" heading="18332" respawnDelay="60" /> <!-- Wild Strider -->
		<npc id="22210" x="4472" y="-17622" z="-3602" heading="9315" respawnDelay="60" /> <!-- Pachycephalosaurus -->
		<npc id="22213" x="4731" y="-17109" z="-3629" heading="16526" respawnDelay="60" /> <!-- Wild Strider -->
		<npc id="22210" x="4688" y="-16691" z="-3640" heading="18592" respawnDelay="60" /> <!-- Pachycephalosaurus -->
		<npc id="22213" x="4326" y="-16253" z="-3608" heading="26681" respawnDelay="60" /> <!-- Wild Strider -->
		<npc id="22210" x="3929" y="-16142" z="-3572" heading="31552" respawnDelay="60" /> <!-- Pachycephalosaurus -->
		<npc id="22213" x="4056" y="-15704" z="-3545" heading="4872" respawnDelay="60" /> <!-- Wild Strider -->
		<npc id="22210" x="4577" y="-15510" z="-3566" heading="115" respawnDelay="60" /> <!-- Pachycephalosaurus -->
		<npc id="22213" x="5069" y="-15360" z="-3592" heading="9379" respawnDelay="60" /> <!-- Wild Strider -->
		<npc id="22210" x="5480" y="-15246" z="-3635" heading="135" respawnDelay="60" /> <!-- Pachycephalosaurus -->
		<npc id="22205" x="6037" y="-15222" z="-3669" heading="754" respawnDelay="60" /> <!-- Deinonychus -->
		<npc id="22213" x="6647" y="-15247" z="-3684" heading="64749" respawnDelay="60" /> <!-- Wild Strider -->
		<npc id="22205" x="7197" y="-15349" z="-3684" heading="61544" respawnDelay="60" /> <!-- Deinonychus -->
		<npc id="22210" x="7658" y="-15402" z="-3670" heading="672" respawnDelay="60" /> <!-- Pachycephalosaurus -->
		<npc id="22213" x="6995" y="-14330" z="-3698" heading="28272" respawnDelay="60" /> <!-- Wild Strider -->
		<npc id="22210" x="6543" y="-14282" z="-3696" heading="33912" respawnDelay="60" /> <!-- Pachycephalosaurus -->
		<npc id="22213" x="6109" y="-14453" z="-3696" heading="37893" respawnDelay="60" /> <!-- Wild Strider -->
		<npc id="22210" x="5121" y="-14563" z="-3658" heading="31206" respawnDelay="60" /> <!-- Pachycephalosaurus -->
		<npc id="22223" x="4725" y="-12898" z="-3628" heading="17827" respawnDelay="60" /> <!-- Velociraptor -->
		<npc id="22223" x="4226" y="-12368" z="-3543" heading="23692" respawnDelay="60" /> <!-- Velociraptor -->
		<npc id="22223" x="2624" y="-12390" z="-3528" heading="36520" respawnDelay="60" /> <!-- Velociraptor -->
		<npc id="22210" x="2377" y="-11761" z="-3520" heading="14700" respawnDelay="60" /> <!-- Pachycephalosaurus -->
		<npc id="22223" x="2423" y="-10785" z="-3554" heading="5488" respawnDelay="60" /> <!-- Velociraptor -->
		<npc id="22202" x="2092" y="-9867" z="-3516" heading="20685" respawnDelay="60" /> <!-- Ornithomimus -->
		<npc id="22205" x="2162" y="-9250" z="-3500" heading="10485" respawnDelay="60" /> <!-- Deinonychus -->
		<npc id="22210" x="2563" y="-9039" z="-3518" heading="3720" respawnDelay="60" /> <!-- Pachycephalosaurus -->
		<npc id="22213" x="2945" y="-8664" z="-3497" heading="12463" respawnDelay="60" /> <!-- Wild Strider -->
		<npc id="22223" x="2962" y="-8241" z="-3413" heading="21545" respawnDelay="60" /> <!-- Velociraptor -->
		<npc id="22213" x="2761" y="-7823" z="-3329" heading="20763" respawnDelay="60" /> <!-- Wild Strider -->
		<npc id="22210" x="2965" y="-7549" z="-3332" heading="2588" respawnDelay="60" /> <!-- Pachycephalosaurus -->
		<npc id="22205" x="3414" y="-7717" z="-3385" heading="59534" respawnDelay="60" /> <!-- Deinonychus -->
		<npc id="22213" x="3801" y="-7654" z="-3412" heading="3694" respawnDelay="60" /> <!-- Wild Strider -->
		<npc id="22210" x="4136" y="-7248" z="-3386" heading="13335" respawnDelay="60" /> <!-- Pachycephalosaurus -->
		<npc id="22213" x="4151" y="-6791" z="-3283" heading="16205" respawnDelay="60" /> <!-- Wild Strider -->
		<npc id="22223" x="4203" y="-6429" z="-3189" heading="14459" respawnDelay="60" /> <!-- Velociraptor -->
		<npc id="22213" x="4563" y="-6165" z="-3181" heading="65219" respawnDelay="60" /> <!-- Wild Strider -->
		<npc id="22210" x="4969" y="-6227" z="-3244" heading="62885" respawnDelay="60" /> <!-- Pachycephalosaurus -->
		<npc id="22213" x="5420" y="-6296" z="-3305" heading="830" respawnDelay="60" /> <!-- Wild Strider -->
		<npc id="22205" x="5778" y="-6322" z="-3331" heading="59730" respawnDelay="60" /> <!-- Deinonychus -->
		<npc id="22202" x="6159" y="-6851" z="-3480" heading="50884" respawnDelay="60" /> <!-- Ornithomimus -->
		<npc id="22213" x="6303" y="-7277" z="-3577" heading="53936" respawnDelay="60" /> <!-- Wild Strider -->
		<npc id="22223" x="6832" y="-7528" z="-3608" heading="2569" respawnDelay="60" /> <!-- Velociraptor -->
		<npc id="22213" x="7302" y="-7218" z="-3566" heading="18173" respawnDelay="60" /> <!-- Wild Strider -->
		<npc id="22223" x="7141" y="-6852" z="-3509" heading="25991" respawnDelay="60" /> <!-- Velociraptor -->
		<npc id="30689" x="11960" y="-24319" z="-3640" heading="34065" respawnDelay="60" /> <!-- Siria - Grand Master -->
	</spawn>
</list>
