<?xml version="1.0" encoding="UTF-8"?>
<list enabled="true" xmlns:xsi="http://www.w3.org/2001/XMLSchema-instance" xsi:noNamespaceSchemaLocation="../../xsd/spawns.xsd">
	<spawn name="23_24">
		<npc id="50008" x="111468" y="218987" z="-3536" heading="14937" respawnDelay="60" /> <!-- SIDDIK - Scheme Buffer -->
		<npc id="50050" x="111347" y="218985" z="-3536" heading="9137" respawnDelay="60" /> <!-- Carrefoursa - G M   S H O P -->
		<npc id="31756" x="111237" y="218978" z="-3536" heading="18317" respawnDelay="60" /> <!-- Mr. Cat - Test Server Helper -->
		<npc id="50009" x="111437" y="219001" z="-3536" heading="12242" respawnDelay="60" /> <!-- Melyssa - SOLO Buffer -->
		<npc id="50010" x="111506" y="218993" z="-3536" heading="16621" respawnDelay="60" /> <!-- Simone - SOLO Buffer -->
		<npc id="50100" x="111337" y="219429" z="-3536" heading="56476" respawnDelay="60" /> <!-- Skatty - SPECIAL Gatekeeper -->
		<npc id="31521" x="112032" y="220582" z="-3664" heading="8781" respawnDelay="60" /> <!-- Jeremy - Chef -->
		<npc id="31547" x="112041" y="220755" z="-3664" heading="12883" respawnDelay="60" /> <!-- Beolin -->
		<npc id="31546" x="111981" y="220753" z="-3664" heading="31354" respawnDelay="60" /> <!-- Kuber -->
		<npc id="31545" x="111918" y="220744" z="-3664" heading="23421" respawnDelay="60" /> <!-- Crocus -->
		<npc id="31544" x="111880" y="220745" z="-3664" heading="25376" respawnDelay="60" /> <!-- Naff -->
		<npc id="31543" x="111828" y="220735" z="-3664" heading="39391" respawnDelay="60" /> <!-- Pulin -->
		<npc id="31267" x="112231" y="220441" z="-3664" heading="60304" respawnDelay="60" /> <!-- Lietta - Warehouse Keeper -->
		<npc id="31584" x="112225" y="220530" z="-3664" heading="62868" respawnDelay="60" /> <!-- Valentine - Brewer -->
	</spawn>
</list>
