<?xml version="1.0" encoding="UTF-8"?>
<list enabled="true" xmlns:xsi="http://www.w3.org/2001/XMLSchema-instance" xsi:noNamespaceSchemaLocation="../../xsd/spawns.xsd">
	<spawn name="AdenCastle">
		<npc id="31001" x="148700" y="16834" z="-1559" heading="0" respawnDelay="60" />
		<npc id="35233" x="147463" y="1529" z="-368" heading="16384" respawnDelay="60" />
		<npc id="35266" x="147457" y="4609" z="-2789" heading="0" respawnDelay="60" />
		<npc id="35267" x="147292" y="8693" z="-480" heading="16389" respawnDelay="10800" />
		<npc id="35267" x="147293" y="8158" z="-470" heading="49152" respawnDelay="10800" />
		<npc id="35268" x="145725" y="4799" z="-425" heading="32768" respawnDelay="10800" />
		<npc id="35268" x="146275" y="4468" z="-400" heading="0" respawnDelay="10800" />
		<npc id="35269" x="147362" y="6111" z="-400" heading="49152" respawnDelay="10800" />
		<npc id="35269" x="147702" y="6345" z="-400" heading="16389" respawnDelay="10800" />
		<npc id="35270" x="148636" y="4756" z="-400" heading="32768" respawnDelay="10800" />
		<npc id="35270" x="149208" y="4339" z="-440" heading="0" respawnDelay="10800" />
		<npc id="35271" x="147408" y="2320" z="221" heading="16000" respawnDelay="60" />
		<npc id="35271" x="147552" y="2128" z="221" heading="48000" respawnDelay="60" />
		<npc id="35272" x="147908" y="5595" z="-884" heading="48126" respawnDelay="60" />
		<npc id="35273" x="147056" y="5595" z="-884" heading="58383" respawnDelay="60" />
		<npc id="35274" x="147412" y="3355" z="-46" heading="16389" respawnDelay="60" />
		<npc id="35275" x="147449" y="1899" z="216" heading="49000" respawnDelay="60" />
		<npc id="35276" x="147952" y="3742" z="-307" heading="32768" respawnDelay="60" />
		<npc id="35278" x="147551" y="19577" z="-1991" heading="16389" respawnDelay="60" />
		<npc id="35652" x="146953" y="3714" z="-308" heading="2058" respawnDelay="60" />
	</spawn>
</list>
