<?xml version="1.0" encoding="UTF-8"?>
<list enabled="true" xmlns:xsi="http://www.w3.org/2001/XMLSchema-instance" xsi:noNamespaceSchemaLocation="../../xsd/spawns.xsd">
	<spawn name="DionCastle">
		<npc id="35105" x="22073" y="161778" z="-2672" heading="49152" respawnDelay="60" />
		<npc id="35137" x="20492" y="160363" z="-1978" heading="0" respawnDelay="60" />
		<npc id="35138" x="22412" y="156489" z="-2944" heading="49152" respawnDelay="10800" />
		<npc id="35138" x="22466" y="156837" z="-2944" heading="0" respawnDelay="10800" />
		<npc id="35139" x="22239" y="159048" z="-2654" heading="49152" respawnDelay="10800" />
		<npc id="35139" x="22305" y="159403" z="-2694" heading="0" respawnDelay="10800" />
		<npc id="35140" x="21649" y="160199" z="-2850" heading="61379" respawnDelay="60" />
		<npc id="35141" x="22100" y="159781" z="-2877" heading="6134" respawnDelay="60" />
		<npc id="35142" x="22172" y="160923" z="-2666" heading="49152" respawnDelay="60" />
		<npc id="35143" x="21912" y="161608" z="-2226" heading="0" respawnDelay="60" />
		<npc id="35144" x="21836" y="160806" z="-2679" heading="49152" respawnDelay="60" />
		<npc id="35146" x="19132" y="153027" z="-3120" heading="49152" respawnDelay="60" />
		<npc id="35649" x="22303" y="160806" z="-2690" heading="45796" respawnDelay="60" />
	</spawn>
</list>
