<?xml version="1.0" encoding="UTF-8"?>
<list enabled="true" xmlns:xsi="http://www.w3.org/2001/XMLSchema-instance" xsi:noNamespaceSchemaLocation="../../xsd/spawns.xsd">
	<spawn name="GiranCastle">
		<npc id="35147" x="117950" y="145096" z="-2544" heading="32768" respawnDelay="60" />
		<npc id="35179" x="116535" y="146677" z="-1851" heading="49152" respawnDelay="60" />
		<npc id="35180" x="112661" y="144757" z="-2817" heading="32768" respawnDelay="10800" />
		<npc id="35180" x="113009" y="144703" z="-2817" heading="49152" respawnDelay="10800" />
		<npc id="35181" x="115220" y="144930" z="-2527" heading="32768" respawnDelay="10800" />
		<npc id="35181" x="115575" y="144864" z="-2567" heading="49152" respawnDelay="10800" />
		<npc id="35182" x="116494" y="145516" z="-2723" heading="58824" respawnDelay="60" />
		<npc id="35183" x="115910" y="145101" z="-2723" heading="1353" respawnDelay="60" />
		<npc id="35184" x="117095" y="144997" z="-2539" heading="32768" respawnDelay="60" />
		<npc id="35185" x="117780" y="145257" z="-2099" heading="49000" respawnDelay="60" />
		<npc id="35186" x="116984" y="145278" z="-2555" heading="32768" respawnDelay="60" />
		<npc id="35188" x="107386" y="145807" z="-3300" heading="32768" respawnDelay="60" />
		<npc id="35650" x="116983" y="144864" z="-2566" heading="36123" respawnDelay="60" />
	</spawn>
</list>
