<?xml version="1.0" encoding="UTF-8"?>
<list enabled="true" xmlns:xsi="http://www.w3.org/2001/XMLSchema-instance" xsi:noNamespaceSchemaLocation="../../xsd/spawns.xsd">
	<spawn name="GludioCastle">
		<npc id="35063" x="-18113" y="107972" z="-2480" heading="16384" respawnDelay="60" />
		<npc id="35095" x="-16532" y="109387" z="-1784" heading="32768" respawnDelay="60" />
		<npc id="35096" x="-18452" y="113261" z="-2750" heading="16384" respawnDelay="10800" />
		<npc id="35096" x="-18506" y="112913" z="-2750" heading="32768" respawnDelay="10800" />
		<npc id="35097" x="-18279" y="110702" z="-2460" heading="16384" respawnDelay="10800" />
		<npc id="35097" x="-18345" y="110347" z="-2500" heading="32768" respawnDelay="10800" />
		<npc id="35098" x="-17644" y="109616" z="-2656" heading="33000" respawnDelay="60" />
		<npc id="35099" x="-18130" y="110020" z="-2656" heading="49152" respawnDelay="60" />
		<npc id="35100" x="-18212" y="108827" z="-2472" heading="16384" respawnDelay="60" />
		<npc id="35101" x="-17952" y="108142" z="-2032" heading="-16384" respawnDelay="60" />
		<npc id="35102" x="-17876" y="108944" z="-2485" heading="16384" respawnDelay="60" />
		<npc id="35104" x="-15172" y="116723" z="-3216" heading="16384" respawnDelay="60" />
		<npc id="35648" x="-18340" y="108932" z="-2496" heading="16384" respawnDelay="60" />
	</spawn>
</list>
