<?xml version="1.0" encoding="UTF-8"?>
<list enabled="true" xmlns:xsi="http://www.w3.org/2001/XMLSchema-instance" xsi:noNamespaceSchemaLocation="../../xsd/spawns.xsd">
	<spawn name="InnadrilCastle">
		<npc id="35279" x="116024" y="250557" z="-798" heading="-16384" respawnDelay="60" />
		<npc id="35311" x="114443" y="249142" z="-74" heading="0" respawnDelay="60" />
		<npc id="35312" x="116363" y="245268" z="-1040" heading="49152" respawnDelay="10800" />
		<npc id="35312" x="116417" y="245616" z="-1040" heading="0" respawnDelay="10800" />
		<npc id="35313" x="116190" y="247827" z="-750" heading="49152" respawnDelay="10800" />
		<npc id="35313" x="116256" y="248182" z="-790" heading="0" respawnDelay="10800" />
		<npc id="35314" x="115649" y="249072" z="-973" heading="868" respawnDelay="60" />
		<npc id="35315" x="116015" y="248558" z="-946" heading="18052" respawnDelay="60" />
		<npc id="35316" x="116123" y="249702" z="-762" heading="49152" respawnDelay="60" />
		<npc id="35317" x="115863" y="250387" z="-322" heading="0" respawnDelay="60" />
		<npc id="35318" x="115787" y="249585" z="-775" heading="49152" respawnDelay="60" />
		<npc id="35320" x="117136" y="241763" z="-1280" heading="49152" respawnDelay="60" />
		<npc id="35653" x="116253" y="249588" z="-786" heading="41905" respawnDelay="60" />
	</spawn>
</list>
