<?xml version="1.0" encoding="UTF-8"?>
<list enabled="true" xmlns:xsi="http://www.w3.org/2001/XMLSchema-instance" xsi:noNamespaceSchemaLocation="../../xsd/spawns.xsd">
	<spawn name="OrenCastle">
		<npc id="35189" x="84026" y="37191" z="-2272" heading="32768" respawnDelay="60" />
		<npc id="35221" x="82611" y="38772" z="-1578" heading="49152" respawnDelay="60" />
		<npc id="35222" x="78737" y="36852" z="-2544" heading="32768" respawnDelay="10800" />
		<npc id="35222" x="79085" y="36798" z="-2544" heading="49152" respawnDelay="10800" />
		<npc id="35223" x="81296" y="37025" z="-2254" heading="32768" respawnDelay="10800" />
		<npc id="35223" x="81651" y="36959" z="-2294" heading="49152" respawnDelay="10800" />
		<npc id="35224" x="82464" y="37592" z="-2450" heading="44984" respawnDelay="60" />
		<npc id="35225" x="82043" y="37132" z="-2450" heading="65001" respawnDelay="60" />
		<npc id="35226" x="83171" y="37092" z="-2266" heading="32768" respawnDelay="60" />
		<npc id="35227" x="83853" y="37192" z="-1835" heading="49000" respawnDelay="60" />
		<npc id="35228" x="83056" y="37425" z="-2280" heading="32768" respawnDelay="60" />
		<npc id="35232" x="75275" y="40132" z="-3150" heading="32768" respawnDelay="60" />
		<npc id="35651" x="83061" y="36962" z="-2293" heading="22020" respawnDelay="60" />
	</spawn>
</list>
