<?xml version="1.0" encoding="UTF-8"?>
<list enabled="true" xmlns:xsi="http://www.w3.org/2001/XMLSchema-instance" xsi:noNamespaceSchemaLocation="../../xsd/spawns.xsd">
	<spawn name="RuneCastle">
		<npc id="35469" x="9132" y="-49152" z="1088" heading="0" respawnDelay="60" />
		<npc id="35502" x="11127" y="-49148" z="3843" heading="18512" respawnDelay="60" />
		<npc id="35503" x="17908" y="-48960" z="-1200" heading="33000" respawnDelay="60" />
		<npc id="35503" x="18616" y="-48956" z="-1216" heading="0" respawnDelay="60" />
		<npc id="35504" x="15688" y="-49036" z="-1056" heading="33000" respawnDelay="60" />
		<npc id="35504" x="15860" y="-49020" z="-1056" heading="0" respawnDelay="60" />
		<npc id="35505" x="12736" y="-51184" z="-1088" heading="49000" respawnDelay="60" />
		<npc id="35505" x="12780" y="-51060" z="-1088" heading="0" respawnDelay="60" />
		<npc id="35506" x="11532" y="-49136" z="-1087" heading="0" respawnDelay="60" />
		<npc id="35507" x="12872" y="-48752" z="-1088" heading="33000" respawnDelay="60" />
		<npc id="35508" x="12864" y="-49184" z="-1088" heading="39746" respawnDelay="60" />
		<npc id="35509" x="10211" y="-49084" z="-307" heading="36736" respawnDelay="60" />
		<npc id="35510" x="12318" y="-47703" z="1296" heading="22879" respawnDelay="60" />
		<npc id="35511" x="10840" y="-49273" z="-565" heading="2366" respawnDelay="60" />
		<npc id="35513" x="26976" y="-48968" z="-1296" heading="0" respawnDelay="120" />
		<npc id="35655" x="10280" y="-48766" z="-546" heading="182" respawnDelay="60" />
	</spawn>
</list>
