<?xml version="1.0" encoding="UTF-8"?>
<list enabled="true" xmlns:xsi="http://www.w3.org/2001/XMLSchema-instance" xsi:noNamespaceSchemaLocation="../../xsd/spawns.xsd">
	<spawn name="SchuttgartCastle">
		<npc id="35514" x="78442" y="-154520" z="224" heading="0" respawnDelay="60" />
		<npc id="35515" x="76674" y="-154520" z="224" heading="32768" respawnDelay="60" />
		<npc id="35544" x="78735" y="-153060" z="1018" heading="2556" respawnDelay="60" />
		<npc id="35544" x="78752" y="-153229" z="1050" heading="53375" respawnDelay="60" />
		<npc id="35545" x="76346" y="-153227" z="1050" heading="35323" respawnDelay="60" />
		<npc id="35545" x="76399" y="-153055" z="1043" heading="22854" respawnDelay="60" />
		<npc id="35547" x="77568" y="-150560" z="768" heading="49000" respawnDelay="60" />
		<npc id="35548" x="77365" y="-149682" z="-353" heading="57062" respawnDelay="60" />
		<npc id="35548" x="77893" y="-149383" z="-379" heading="15733" respawnDelay="60" />
		<npc id="35549" x="75731" y="-152159" z="-678" heading="30710" respawnDelay="60" />
		<npc id="35549" x="76006" y="-152166" z="-678" heading="62180" respawnDelay="60" />
		<npc id="35550" x="79098" y="-152149" z="-678" heading="37821" respawnDelay="60" />
		<npc id="35550" x="79371" y="-152142" z="-652" heading="61567" respawnDelay="60" />
		<npc id="35553" x="77056" y="-152960" z="-904" heading="16500" respawnDelay="60" />
		<npc id="35554" x="78080" y="-152976" z="-904" heading="16500" respawnDelay="60" />
		<npc id="35555" x="77488" y="-153360" z="-384" heading="16500" respawnDelay="60" />
		<npc id="35556" x="77502" y="-153296" z="1224" heading="16500" respawnDelay="60" />
		<npc id="35557" x="77792" y="-153360" z="-512" heading="16500" respawnDelay="60" />
		<npc id="35559" x="75712" y="-144912" z="-1296" heading="16500" respawnDelay="120" />
		<npc id="35656" x="77320" y="-153372" z="-512" heading="16384" respawnDelay="60" />
	</spawn>
</list>
