<?xml version='1.0' encoding='UTF-8'?>
<list xmlns:xsi="http://www.w3.org/2001/XMLSchema-instance" xsi:noNamespaceSchemaLocation="../../xsd/npcs.xsd">
	<npc id="12311" level="35" type="Pet" name="Hatchling of the Wind">
		<parameters>
			<skill name="PhysicalSpecial" id="4710" level="1"/> <!-- Wild Stun -->
			<skill name="Buff" id="4711" level="1"/> <!-- Wild Defense -->
		</parameters>
		<race>DRAGON</race>
		<sex>MALE</sex>
		<stats str="40" int="21" dex="30" wit="20" con="43" men="25">
			<vitals hp="772.73802" hpRegen="4.5" mp="402.6" mpRegen="1.8"/>
			<attack physical="129.32896" magical="88.31491" random="10" critical="4" accuracy="4.75" attackSpeed="253" type="FIST" range="40" distance="80" width="120"/>
			<defence physical="136.72948" magical="100.0527"/>
			<speed>
				<walk ground="80"/>
				<run ground="140"/>
			</speed>
			<hitTime>270</hitTime>
		</stats>
		<status undying="false"/>
		<skillList>
			<skill id="4121" level="1"/> <!-- Summoned Monster Magic Protection -->
			<skill id="4408" level="1"/> <!-- HP Increase (1x) -->
			<skill id="4409" level="1"/> <!-- MP Increase (1x) -->
			<skill id="4410" level="11"/> <!-- Average P. Atk. -->
			<skill id="4411" level="11"/> <!-- Average M. Atk. -->
			<skill id="4412" level="11"/> <!-- Average P. Def. -->
			<skill id="4413" level="11"/> <!-- Average M. Def. -->
			<skill id="4414" level="2"/> <!-- Standard Type -->
			<skill id="4415" level="1"/> <!-- Bare Hands -->
			<skill id="4416" level="10"/> <!-- Dragons -->
			<skill id="4715" level="1"/> <!-- Wind Dragon -->
		</skillList>
		<shots soul="2" spirit="2"/>
		<corpseTime>86400</corpseTime>
		<exCrtEffect>false</exCrtEffect>
		<collision>
			<radius normal="9"/>
			<height normal="10"/>
		</collision>
	</npc>
	<npc id="12312" level="35" type="Pet" name="Hatchling of the Stars">
		<parameters>
			<skill name="DDMagic" id="4712" level="1"/> <!-- Bright Burst -->
			<skill name="Heal" id="4713" level="1"/> <!-- Bright Heal -->
		</parameters>
		<race>DRAGON</race>
		<sex>MALE</sex>
		<stats str="40" int="21" dex="30" wit="20" con="43" men="25">
			<vitals hp="772.73802" hpRegen="4.5" mp="402.6" mpRegen="1.8"/>
			<attack physical="129.32896" magical="88.31491" random="10" critical="4" accuracy="4.75" attackSpeed="253" type="FIST" range="40" distance="80" width="120"/>
			<defence physical="136.72948" magical="100.0527"/>
			<speed>
				<walk ground="80"/>
				<run ground="140"/>
			</speed>
			<hitTime>270</hitTime>
		</stats>
		<status undying="false"/>
		<skillList>
			<skill id="4121" level="1"/> <!-- Summoned Monster Magic Protection -->
			<skill id="4408" level="1"/> <!-- HP Increase (1x) -->
			<skill id="4409" level="1"/> <!-- MP Increase (1x) -->
			<skill id="4410" level="11"/> <!-- Average P. Atk. -->
			<skill id="4411" level="11"/> <!-- Average M. Atk. -->
			<skill id="4412" level="11"/> <!-- Average P. Def. -->
			<skill id="4413" level="11"/> <!-- Average M. Def. -->
			<skill id="4414" level="2"/> <!-- Standard Type -->
			<skill id="4415" level="1"/> <!-- Bare Hands -->
			<skill id="4416" level="10"/> <!-- Dragons -->
			<skill id="4716" level="1"/> <!-- Star Dragon -->
		</skillList>
		<shots soul="2" spirit="2"/>
		<corpseTime>86400</corpseTime>
		<exCrtEffect>false</exCrtEffect>
		<collision>
			<radius normal="9"/>
			<height normal="10"/>
		</collision>
	</npc>
	<npc id="12313" level="35" type="Pet" name="Hatchling of Twilight">
		<race>DRAGON</race>
		<sex>MALE</sex>
		<stats str="40" int="21" dex="30" wit="20" con="43" men="25">
			<vitals hp="772.73802" hpRegen="4.5" mp="402.6" mpRegen="1.8"/>
			<attack physical="129.32896" magical="88.31491" random="10" critical="4" accuracy="4.75" attackSpeed="253" type="FIST" range="40" distance="80" width="120"/>
			<defence physical="136.72948" magical="100.0527"/>
			<speed>
				<walk ground="80"/>
				<run ground="140"/>
			</speed>
			<hitTime>270</hitTime>
		</stats>
		<status undying="false"/>
		<skillList>
			<skill id="4121" level="1"/> <!-- Summoned Monster Magic Protection -->
			<skill id="4408" level="1"/> <!-- HP Increase (1x) -->
			<skill id="4409" level="1"/> <!-- MP Increase (1x) -->
			<skill id="4410" level="11"/> <!-- Average P. Atk. -->
			<skill id="4411" level="11"/> <!-- Average M. Atk. -->
			<skill id="4412" level="11"/> <!-- Average P. Def. -->
			<skill id="4413" level="11"/> <!-- Average M. Def. -->
			<skill id="4414" level="2"/> <!-- Standard Type -->
			<skill id="4415" level="1"/> <!-- Bare Hands -->
			<skill id="4416" level="10"/> <!-- Dragons -->
			<skill id="4714" level="1"/> <!-- Twilight Dragon -->
		</skillList>
		<shots soul="2" spirit="2"/>
		<corpseTime>86400</corpseTime>
		<exCrtEffect>false</exCrtEffect>
		<collision>
			<radius normal="9"/>
			<height normal="10"/>
		</collision>
	</npc>
</list>