<?xml version='1.0' encoding='UTF-8'?>
<list xmlns:xsi="http://www.w3.org/2001/XMLSchema-instance" xsi:noNamespaceSchemaLocation="../../xsd/npcs.xsd">
	<npc id="12526" level="55" type="Pet" name="Wind Strider">
		<parameters>
			<skill name="PhysicalSpecial" id="4710" level="1"/> <!-- Wild Stun -->
			<skill name="Buff" id="4711" level="1"/> <!-- Wild Defense -->
		</parameters>
		<race>DRAGON</race>
		<sex>MALE</sex>
		<stats str="40" int="21" dex="30" wit="20" con="43" men="25">
			<vitals hp="1673.05473" hpRegen="6.5" mp="889.8" mpRegen="2.4"/>
			<attack physical="388.11142" magical="265.02979" random="10" critical="4" accuracy="4.75" attackSpeed="253" type="FIST" range="40" distance="80" width="120"/>
			<defence physical="223.6362" magical="163.64727"/>
			<speed>
				<walk ground="80"/>
				<run ground="170"/>
			</speed>
			<hitTime>250</hitTime>
		</stats>
		<status undying="false"/>
		<skillList>
			<skill id="4121" level="1"/> <!-- Summoned Monster Magic Protection -->
			<skill id="4408" level="1"/> <!-- HP Increase (1x) -->
			<skill id="4409" level="1"/> <!-- MP Increase (1x) -->
			<skill id="4410" level="11"/> <!-- Average P. Atk. -->
			<skill id="4411" level="11"/> <!-- Average M. Atk. -->
			<skill id="4412" level="11"/> <!-- Average P. Def. -->
			<skill id="4413" level="11"/> <!-- Average M. Def. -->
			<skill id="4414" level="2"/> <!-- Standard Type -->
			<skill id="4415" level="1"/> <!-- Bare Hands -->
			<skill id="4416" level="10"/> <!-- Dragons -->
			<skill id="4715" level="1"/> <!-- Wind Dragon -->
		</skillList>
		<shots soul="2" spirit="2"/>
		<corpseTime>86400</corpseTime>
		<exCrtEffect>false</exCrtEffect>
		<collision>
			<radius normal="23"/>
			<height normal="31"/>
		</collision>
	</npc>
	<npc id="12527" level="55" type="Pet" name="Star Strider">
		<parameters>
			<skill name="DDMagic" id="4712" level="1"/> <!-- Bright Burst -->
			<skill name="Heal" id="4713" level="1"/> <!-- Bright Heal -->
		</parameters>
		<race>DRAGON</race>
		<sex>MALE</sex>
		<stats str="40" int="21" dex="30" wit="20" con="43" men="25">
			<vitals hp="1673.05473" hpRegen="6.5" mp="889.8" mpRegen="2.4"/>
			<attack physical="388.11142" magical="265.02979" random="10" critical="4" accuracy="4.75" attackSpeed="253" type="FIST" range="40" distance="80" width="120"/>
			<defence physical="223.6362" magical="163.64727"/>
			<speed>
				<walk ground="80"/>
				<run ground="170"/>
			</speed>
			<hitTime>250</hitTime>
		</stats>
		<status undying="false"/>
		<skillList>
			<skill id="4121" level="1"/> <!-- Summoned Monster Magic Protection -->
			<skill id="4408" level="1"/> <!-- HP Increase (1x) -->
			<skill id="4409" level="1"/> <!-- MP Increase (1x) -->
			<skill id="4410" level="11"/> <!-- Average P. Atk. -->
			<skill id="4411" level="11"/> <!-- Average M. Atk. -->
			<skill id="4412" level="11"/> <!-- Average P. Def. -->
			<skill id="4413" level="11"/> <!-- Average M. Def. -->
			<skill id="4414" level="2"/> <!-- Standard Type -->
			<skill id="4415" level="1"/> <!-- Bare Hands -->
			<skill id="4416" level="10"/> <!-- Dragons -->
			<skill id="4716" level="1"/> <!-- Star Dragon -->
		</skillList>
		<shots soul="2" spirit="2"/>
		<corpseTime>86400</corpseTime>
		<exCrtEffect>false</exCrtEffect>
		<collision>
			<radius normal="23"/>
			<height normal="31"/>
		</collision>
	</npc>
	<npc id="12528" level="55" type="Pet" name="Twilight Strider">
		<race>DRAGON</race>
		<sex>MALE</sex>
		<stats str="40" int="21" dex="30" wit="20" con="43" men="25">
			<vitals hp="1673.05473" hpRegen="6.5" mp="889.8" mpRegen="2.4"/>
			<attack physical="388.11142" magical="265.02979" random="10" critical="4" accuracy="4.75" attackSpeed="253" type="FIST" range="40" distance="80" width="120"/>
			<defence physical="223.6362" magical="163.64727"/>
			<speed>
				<walk ground="80"/>
				<run ground="170"/>
			</speed>
			<hitTime>250</hitTime>
		</stats>
		<status undying="false"/>
		<skillList>
			<skill id="4121" level="1"/> <!-- Summoned Monster Magic Protection -->
			<skill id="4408" level="1"/> <!-- HP Increase (1x) -->
			<skill id="4409" level="1"/> <!-- MP Increase (1x) -->
			<skill id="4410" level="11"/> <!-- Average P. Atk. -->
			<skill id="4411" level="11"/> <!-- Average M. Atk. -->
			<skill id="4412" level="11"/> <!-- Average P. Def. -->
			<skill id="4413" level="11"/> <!-- Average M. Def. -->
			<skill id="4414" level="2"/> <!-- Standard Type -->
			<skill id="4415" level="1"/> <!-- Bare Hands -->
			<skill id="4416" level="10"/> <!-- Dragons -->
			<skill id="4714" level="1"/> <!-- Twilight Dragon -->
		</skillList>
		<shots soul="2" spirit="2"/>
		<corpseTime>86400</corpseTime>
		<exCrtEffect>false</exCrtEffect>
		<collision>
			<radius normal="23"/>
			<height normal="31"/>
		</collision>
	</npc>
	<npc id="12564" level="15" type="Pet" name="Sin Eater">
		<race>FAIRY</race>
		<sex>MALE</sex>
		<stats str="40" int="21" dex="30" wit="20" con="1" men="25">
			<vitals hp="424.2" hpRegen="7.2513" mp="149.2" mpRegen="1.2"/>
			<attack physical="29.61691" magical="20.22451" random="10" critical="4" accuracy="4.75" attackSpeed="253" type="FIST" range="40" distance="80" width="120"/>
			<defence physical="73.55216" magical="53.82228"/>
			<speed>
				<walk ground="60"/>
				<run ground="125"/>
			</speed>
			<hitTime>340</hitTime>
		</stats>
		<status undying="false"/>
		<skillList>
			<skill id="4121" level="1"/> <!-- Summoned Monster Magic Protection -->
			<skill id="4408" level="1"/> <!-- HP Increase (1x) -->
			<skill id="4409" level="1"/> <!-- MP Increase (1x) -->
			<skill id="4410" level="11"/> <!-- Average P. Atk. -->
			<skill id="4411" level="11"/> <!-- Average M. Atk. -->
			<skill id="4412" level="11"/> <!-- Average P. Def. -->
			<skill id="4413" level="11"/> <!-- Average M. Def. -->
			<skill id="4414" level="2"/> <!-- Standard Type -->
			<skill id="4415" level="1"/> <!-- Bare Hands -->
			<skill id="4416" level="13"/> <!-- Fairies -->
		</skillList>
		<shots soul="2" spirit="2"/>
		<corpseTime>86400</corpseTime>
		<exCrtEffect>false</exCrtEffect>
		<collision>
			<radius normal="10"/>
			<height normal="24"/>
		</collision>
	</npc>
</list>