<?xml version='1.0' encoding='UTF-8'?>
<list xmlns:xsi="http://www.w3.org/2001/XMLSchema-instance" xsi:noNamespaceSchemaLocation="../../xsd/npcs.xsd">
	<npc id="30200" level="80" type="Guard" name="Stan" title="Guard">
		<parameters>
			<param name="MoveAroundSocial" value="0"/>
			<param name="MoveAroundSocial1" value="92"/>
		</parameters>
		<race>HUMAN</race>
		<sex>MALE</sex>
		<equipment rhand="275"/> <!-- rhand: Long Bow -->
		<stats str="40" int="21" dex="30" wit="20" con="43" men="20">
			<vitals hp="3290.11306877694" hpRegen="8.5" mp="1674.8" mpRegen="3"/>
			<attack physical="970.537548504614" magical="662.751329129412" random="10" critical="8" accuracy="0" attackSpeed="253" reuseDelay="1500" type="BOW" range="1100" distance="10" width="0"/>
			<defence physical="341.375" magical="249.80341"/>
			<speed>
				<walk ground="50"/>
				<run ground="160"/>
			</speed>
		</stats>
		<status attackable="false" undying="false"/>
		<skillList>
			<skill id="4045" level="1"/> <!-- Resist Full Magic Attack -->
			<skill id="4408" level="1"/> <!-- HP Increase (1x) -->
			<skill id="4409" level="1"/> <!-- MP Increase (1x) -->
			<skill id="4410" level="16"/> <!-- Very Strong P. Atk. -->
			<skill id="4411" level="16"/> <!-- Very Strong M. Atk. -->
			<skill id="4412" level="16"/> <!-- Very Strong P. Def. -->
			<skill id="4413" level="16"/> <!-- Very Strong M. Def. -->
			<skill id="4414" level="2"/> <!-- Standard Type -->
			<skill id="4415" level="9"/> <!-- Bows -->
			<skill id="4416" level="14"/> <!-- Humans -->
		</skillList>
		<exCrtEffect>true</exCrtEffect>
		<ai aggroRange="1000" clanHelpRange="300"/>
		<collision>
			<radius normal="8"/>
			<height normal="24"/>
		</collision>
	</npc>
	<npc id="30201" level="80" type="Guard" name="Pinaps" title="Guard">
		<parameters>
			<param name="MoveAroundSocial" value="0"/>
			<param name="MoveAroundSocial1" value="92"/>
		</parameters>
		<race>HUMAN</race>
		<sex>MALE</sex>
		<equipment rhand="275"/> <!-- rhand: Long Bow -->
		<stats str="40" int="21" dex="30" wit="20" con="43" men="20">
			<vitals hp="3290.11306877694" hpRegen="8.5" mp="1674.8" mpRegen="3"/>
			<attack physical="970.537548504614" magical="662.751329129412" random="10" critical="8" accuracy="0" attackSpeed="253" reuseDelay="1500" type="BOW" range="1100" distance="10" width="0"/>
			<defence physical="341.375" magical="249.80341"/>
			<speed>
				<walk ground="50"/>
				<run ground="160"/>
			</speed>
		</stats>
		<status attackable="false" undying="false"/>
		<skillList>
			<skill id="4045" level="1"/> <!-- Resist Full Magic Attack -->
			<skill id="4408" level="1"/> <!-- HP Increase (1x) -->
			<skill id="4409" level="1"/> <!-- MP Increase (1x) -->
			<skill id="4410" level="16"/> <!-- Very Strong P. Atk. -->
			<skill id="4411" level="16"/> <!-- Very Strong M. Atk. -->
			<skill id="4412" level="16"/> <!-- Very Strong P. Def. -->
			<skill id="4413" level="16"/> <!-- Very Strong M. Def. -->
			<skill id="4414" level="2"/> <!-- Standard Type -->
			<skill id="4415" level="9"/> <!-- Bows -->
			<skill id="4416" level="14"/> <!-- Humans -->
		</skillList>
		<exCrtEffect>true</exCrtEffect>
		<ai aggroRange="1000" clanHelpRange="300"/>
		<collision>
			<radius normal="8"/>
			<height normal="24"/>
		</collision>
	</npc>
	<npc id="30207" level="70" type="Merchant" name="Arodin" title="Trader">
		<parameters>
			<param name="MoveAroundSocial" value="0"/>
			<param name="MoveAroundSocial1" value="110"/>
		</parameters>
		<race>HUMAN</race>
		<sex>MALE</sex>
		<stats str="40" int="21" dex="30" wit="20" con="43" men="20">
			<vitals hp="2444.46819" hpRegen="7.5" mp="1345.8" mpRegen="2.7"/>
			<attack physical="688.86373" magical="470.40463" random="30" critical="4" accuracy="5" attackSpeed="253" type="SWORD" range="40" distance="80" width="120"/>
			<defence physical="295.91597" magical="216.53847"/>
			<speed>
				<walk ground="50"/>
				<run ground="120"/>
			</speed>
		</stats>
		<status attackable="false"/>
		<skillList>
			<skill id="4045" level="1"/> <!-- Resist Full Magic Attack -->
			<skill id="4408" level="1"/> <!-- HP Increase (1x) -->
			<skill id="4409" level="1"/> <!-- MP Increase (1x) -->
			<skill id="4410" level="11"/> <!-- Average P. Atk. -->
			<skill id="4411" level="11"/> <!-- Average M. Atk. -->
			<skill id="4412" level="11"/> <!-- Average P. Def. -->
			<skill id="4413" level="11"/> <!-- Average M. Def. -->
			<skill id="4414" level="2"/> <!-- Standard Type -->
			<skill id="4415" level="3"/> <!-- One-handed Sword -->
			<skill id="4416" level="14"/> <!-- Humans -->
		</skillList>
		<exCrtEffect>true</exCrtEffect>
		<ai aggroRange="1000" clanHelpRange="300" isAggressive="false"/>
		<collision>
			<radius normal="10"/>
			<height normal="24"/>
		</collision>
	</npc>
	<npc id="30208" level="70" type="Merchant" name="Damion" title="Trader">
		<parameters>
			<param name="MoveAroundSocial" value="0"/>
			<param name="MoveAroundSocial1" value="110"/>
		</parameters>
		<race>HUMAN</race>
		<sex>MALE</sex>
		<stats str="40" int="21" dex="30" wit="20" con="43" men="20">
			<vitals hp="2444.46819" hpRegen="7.5" mp="1345.8" mpRegen="2.7"/>
			<attack physical="688.86373" magical="470.40463" random="30" critical="4" accuracy="5" attackSpeed="253" type="SWORD" range="40" distance="80" width="120"/>
			<defence physical="295.91597" magical="216.53847"/>
			<speed>
				<walk ground="50"/>
				<run ground="120"/>
			</speed>
		</stats>
		<status attackable="false"/>
		<skillList>
			<skill id="4045" level="1"/> <!-- Resist Full Magic Attack -->
			<skill id="4408" level="1"/> <!-- HP Increase (1x) -->
			<skill id="4409" level="1"/> <!-- MP Increase (1x) -->
			<skill id="4410" level="11"/> <!-- Average P. Atk. -->
			<skill id="4411" level="11"/> <!-- Average M. Atk. -->
			<skill id="4412" level="11"/> <!-- Average P. Def. -->
			<skill id="4413" level="11"/> <!-- Average M. Def. -->
			<skill id="4414" level="2"/> <!-- Standard Type -->
			<skill id="4415" level="3"/> <!-- One-handed Sword -->
			<skill id="4416" level="14"/> <!-- Humans -->
		</skillList>
		<exCrtEffect>true</exCrtEffect>
		<ai aggroRange="1000" clanHelpRange="300" isAggressive="false"/>
		<collision>
			<radius normal="8"/>
			<height normal="25"/>
		</collision>
	</npc>
	<npc id="30209" level="70" type="Merchant" name="Colleen" title="Trader">
		<parameters>
			<param name="MoveAroundSocial" value="0"/>
			<param name="MoveAroundSocial1" value="90"/>
		</parameters>
		<race>HUMAN</race>
		<sex>FEMALE</sex>
		<stats str="40" int="21" dex="30" wit="20" con="43" men="20">
			<vitals hp="2444.46819" hpRegen="7.5" mp="1345.8" mpRegen="2.7"/>
			<attack physical="688.86373" magical="470.40463" random="30" critical="4" accuracy="5" attackSpeed="253" type="SWORD" range="40" distance="80" width="120"/>
			<defence physical="295.91597" magical="216.53847"/>
			<speed>
				<walk ground="50"/>
				<run ground="120"/>
			</speed>
		</stats>
		<status attackable="false"/>
		<skillList>
			<skill id="4045" level="1"/> <!-- Resist Full Magic Attack -->
			<skill id="4408" level="1"/> <!-- HP Increase (1x) -->
			<skill id="4409" level="1"/> <!-- MP Increase (1x) -->
			<skill id="4410" level="11"/> <!-- Average P. Atk. -->
			<skill id="4411" level="11"/> <!-- Average M. Atk. -->
			<skill id="4412" level="11"/> <!-- Average P. Def. -->
			<skill id="4413" level="11"/> <!-- Average M. Def. -->
			<skill id="4414" level="2"/> <!-- Standard Type -->
			<skill id="4415" level="3"/> <!-- One-handed Sword -->
			<skill id="4416" level="14"/> <!-- Humans -->
		</skillList>
		<exCrtEffect>true</exCrtEffect>
		<ai aggroRange="1000" clanHelpRange="300" isAggressive="false"/>
		<collision>
			<radius normal="8"/>
			<height normal="24.5"/>
		</collision>
	</npc>
	<npc id="30210" level="70" type="Warehouse" name="Norman" title="Warehouse Keeper">
		<parameters>
			<param name="MoveAroundSocial" value="0"/>
			<param name="MoveAroundSocial1" value="150"/>
		</parameters>
		<race>DWARF</race>
		<sex>MALE</sex>
		<stats str="40" int="21" dex="30" wit="20" con="43" men="20">
			<vitals hp="2444.46819" hpRegen="7.5" mp="1345.8" mpRegen="2.7"/>
			<attack physical="688.86373" magical="470.40463" random="30" critical="4" accuracy="5" attackSpeed="253" type="SWORD" range="40" distance="80" width="120"/>
			<defence physical="295.91597" magical="216.53847"/>
			<speed>
				<walk ground="50"/>
				<run ground="120"/>
			</speed>
		</stats>
		<status attackable="false"/>
		<skillList>
			<skill id="4045" level="1"/> <!-- Resist Full Magic Attack -->
			<skill id="4408" level="1"/> <!-- HP Increase (1x) -->
			<skill id="4409" level="1"/> <!-- MP Increase (1x) -->
			<skill id="4410" level="11"/> <!-- Average P. Atk. -->
			<skill id="4411" level="11"/> <!-- Average M. Atk. -->
			<skill id="4412" level="11"/> <!-- Average P. Def. -->
			<skill id="4413" level="11"/> <!-- Average M. Def. -->
			<skill id="4414" level="2"/> <!-- Standard Type -->
			<skill id="4415" level="3"/> <!-- One-handed Sword -->
			<skill id="4416" level="18"/> <!-- Dwarves -->
		</skillList>
		<exCrtEffect>true</exCrtEffect>
		<ai aggroRange="1000" clanHelpRange="300" isAggressive="false"/>
		<collision>
			<radius normal="8"/>
			<height normal="17"/>
		</collision>
	</npc>
	<npc id="30216" level="80" type="Guard" name="Wheeler" title="Sentinel">
		<parameters>
			<param name="MoveAroundSocial" value="0"/>
			<param name="MoveAroundSocial1" value="79"/>
		</parameters>
		<race>ELF</race>
		<sex>MALE</sex>
		<equipment rhand="130"/> <!-- rhand: Elven Sword -->
		<stats str="40" int="21" dex="30" wit="20" con="43" men="20">
			<vitals hp="3290.11306877694" hpRegen="8.5" mp="1674.8" mpRegen="3"/>
			<attack physical="970.537548504614" magical="662.751329129412" random="30" critical="4" accuracy="5" attackSpeed="253" type="SWORD" range="40" distance="80" width="120"/>
			<defence physical="341.375" magical="249.80341"/>
			<speed>
				<walk ground="50"/>
				<run ground="160"/>
			</speed>
		</stats>
		<status attackable="false" undying="false"/>
		<skillList>
			<skill id="4045" level="1"/> <!-- Resist Full Magic Attack -->
			<skill id="4408" level="1"/> <!-- HP Increase (1x) -->
			<skill id="4409" level="1"/> <!-- MP Increase (1x) -->
			<skill id="4410" level="16"/> <!-- Very Strong P. Atk. -->
			<skill id="4411" level="16"/> <!-- Very Strong M. Atk. -->
			<skill id="4412" level="16"/> <!-- Very Strong P. Def. -->
			<skill id="4413" level="16"/> <!-- Very Strong M. Def. -->
			<skill id="4414" level="2"/> <!-- Standard Type -->
			<skill id="4415" level="3"/> <!-- One-handed Sword -->
			<skill id="4416" level="15"/> <!-- Elves -->
		</skillList>
		<exCrtEffect>true</exCrtEffect>
		<ai aggroRange="1000" clanHelpRange="300"/>
		<collision>
			<radius normal="8"/>
			<height normal="23.5"/>
		</collision>
	</npc>
	<npc id="30217" level="80" type="Guard" name="Berros" title="Sentinel">
		<parameters>
			<param name="MoveAroundSocial" value="0"/>
			<param name="MoveAroundSocial1" value="79"/>
		</parameters>
		<race>ELF</race>
		<sex>MALE</sex>
		<equipment rhand="276"/> <!-- rhand: Elven Bow -->
		<stats str="40" int="21" dex="30" wit="20" con="43" men="20">
			<vitals hp="3290.11306877694" hpRegen="8.5" mp="1674.8" mpRegen="3"/>
			<attack physical="970.537548504614" magical="662.751329129412" random="10" critical="8" accuracy="0" attackSpeed="253" reuseDelay="1500" type="BOW" range="1100" distance="10" width="0"/>
			<defence physical="341.375" magical="249.80341"/>
			<speed>
				<walk ground="50"/>
				<run ground="160"/>
			</speed>
		</stats>
		<status attackable="false" undying="false"/>
		<skillList>
			<skill id="4045" level="1"/> <!-- Resist Full Magic Attack -->
			<skill id="4408" level="1"/> <!-- HP Increase (1x) -->
			<skill id="4409" level="1"/> <!-- MP Increase (1x) -->
			<skill id="4410" level="16"/> <!-- Very Strong P. Atk. -->
			<skill id="4411" level="16"/> <!-- Very Strong M. Atk. -->
			<skill id="4412" level="16"/> <!-- Very Strong P. Def. -->
			<skill id="4413" level="16"/> <!-- Very Strong M. Def. -->
			<skill id="4414" level="2"/> <!-- Standard Type -->
			<skill id="4415" level="9"/> <!-- Bows -->
			<skill id="4416" level="15"/> <!-- Elves -->
		</skillList>
		<exCrtEffect>true</exCrtEffect>
		<ai aggroRange="1000" clanHelpRange="300"/>
		<collision>
			<radius normal="8"/>
			<height normal="23.5"/>
		</collision>
	</npc>
	<npc id="30218" level="80" type="Guard" name="Kendell" title="Sentinel">
		<parameters>
			<param name="MoveAroundSocial" value="0"/>
			<param name="MoveAroundSocial1" value="79"/>
		</parameters>
		<race>ELF</race>
		<sex>MALE</sex>
		<equipment rhand="276"/> <!-- rhand: Elven Bow -->
		<stats str="40" int="21" dex="30" wit="20" con="43" men="20">
			<vitals hp="3290.11306877694" hpRegen="8.5" mp="1674.8" mpRegen="3"/>
			<attack physical="970.537548504614" magical="662.751329129412" random="10" critical="8" accuracy="0" attackSpeed="253" reuseDelay="1500" type="BOW" range="1100" distance="10" width="0"/>
			<defence physical="341.375" magical="249.80341"/>
			<speed>
				<walk ground="50"/>
				<run ground="160"/>
			</speed>
		</stats>
		<status attackable="false" undying="false"/>
		<skillList>
			<skill id="4045" level="1"/> <!-- Resist Full Magic Attack -->
			<skill id="4408" level="1"/> <!-- HP Increase (1x) -->
			<skill id="4409" level="1"/> <!-- MP Increase (1x) -->
			<skill id="4410" level="16"/> <!-- Very Strong P. Atk. -->
			<skill id="4411" level="16"/> <!-- Very Strong M. Atk. -->
			<skill id="4412" level="16"/> <!-- Very Strong P. Def. -->
			<skill id="4413" level="16"/> <!-- Very Strong M. Def. -->
			<skill id="4414" level="2"/> <!-- Standard Type -->
			<skill id="4415" level="9"/> <!-- Bows -->
			<skill id="4416" level="15"/> <!-- Elves -->
		</skillList>
		<exCrtEffect>true</exCrtEffect>
		<ai aggroRange="1000" clanHelpRange="300"/>
		<collision>
			<radius normal="8"/>
			<height normal="23.5"/>
		</collision>
	</npc>
	<npc id="30219" level="80" type="Guard" name="Veltress" title="Sentinel">
		<parameters>
			<param name="MoveAroundSocial" value="0"/>
			<param name="MoveAroundSocial1" value="79"/>
		</parameters>
		<race>ELF</race>
		<sex>MALE</sex>
		<equipment rhand="130"/> <!-- rhand: Elven Sword -->
		<stats str="40" int="21" dex="30" wit="20" con="43" men="20">
			<vitals hp="3290.11306877694" hpRegen="8.5" mp="1674.8" mpRegen="3"/>
			<attack physical="970.537548504614" magical="662.751329129412" random="30" critical="4" accuracy="5" attackSpeed="253" type="SWORD" range="40" distance="80" width="120"/>
			<defence physical="341.375" magical="249.80341"/>
			<speed>
				<walk ground="50"/>
				<run ground="160"/>
			</speed>
		</stats>
		<status attackable="false" undying="false"/>
		<skillList>
			<skill id="4045" level="1"/> <!-- Resist Full Magic Attack -->
			<skill id="4408" level="1"/> <!-- HP Increase (1x) -->
			<skill id="4409" level="1"/> <!-- MP Increase (1x) -->
			<skill id="4410" level="16"/> <!-- Very Strong P. Atk. -->
			<skill id="4411" level="16"/> <!-- Very Strong M. Atk. -->
			<skill id="4412" level="16"/> <!-- Very Strong P. Def. -->
			<skill id="4413" level="16"/> <!-- Very Strong M. Def. -->
			<skill id="4414" level="2"/> <!-- Standard Type -->
			<skill id="4415" level="3"/> <!-- One-handed Sword -->
			<skill id="4416" level="15"/> <!-- Elves -->
		</skillList>
		<exCrtEffect>true</exCrtEffect>
		<ai aggroRange="1000" clanHelpRange="300"/>
		<collision>
			<radius normal="8"/>
			<height normal="23.5"/>
		</collision>
	</npc>
	<npc id="30220" level="80" type="Guard" name="Starden" title="Sentinel">
		<parameters>
			<param name="MoveAroundSocial" value="0"/>
			<param name="MoveAroundSocial1" value="79"/>
		</parameters>
		<race>ELF</race>
		<sex>MALE</sex>
		<equipment rhand="276"/> <!-- rhand: Elven Bow -->
		<stats str="40" int="21" dex="30" wit="20" con="43" men="20">
			<vitals hp="3290.11306877694" hpRegen="8.5" mp="1674.8" mpRegen="3"/>
			<attack physical="970.537548504614" magical="662.751329129412" random="10" critical="8" accuracy="0" attackSpeed="253" reuseDelay="1500" type="BOW" range="1100" distance="10" width="0"/>
			<defence physical="341.375" magical="249.80341"/>
			<speed>
				<walk ground="50"/>
				<run ground="160"/>
			</speed>
		</stats>
		<status attackable="false" undying="false"/>
		<skillList>
			<skill id="4045" level="1"/> <!-- Resist Full Magic Attack -->
			<skill id="4408" level="1"/> <!-- HP Increase (1x) -->
			<skill id="4409" level="1"/> <!-- MP Increase (1x) -->
			<skill id="4410" level="16"/> <!-- Very Strong P. Atk. -->
			<skill id="4411" level="16"/> <!-- Very Strong M. Atk. -->
			<skill id="4412" level="16"/> <!-- Very Strong P. Def. -->
			<skill id="4413" level="16"/> <!-- Very Strong M. Def. -->
			<skill id="4414" level="2"/> <!-- Standard Type -->
			<skill id="4415" level="9"/> <!-- Bows -->
			<skill id="4416" level="15"/> <!-- Elves -->
		</skillList>
		<exCrtEffect>true</exCrtEffect>
		<ai aggroRange="1000" clanHelpRange="300"/>
		<collision>
			<radius normal="8"/>
			<height normal="23.5"/>
		</collision>
	</npc>
	<npc id="30221" level="80" type="Guard" name="Rayen" title="Sentinel">
		<parameters>
			<param name="MoveAroundSocial" value="0"/>
			<param name="MoveAroundSocial1" value="79"/>
		</parameters>
		<race>ELF</race>
		<sex>MALE</sex>
		<equipment rhand="130"/> <!-- rhand: Elven Sword -->
		<stats str="40" int="21" dex="30" wit="20" con="43" men="20">
			<vitals hp="3290.11306877694" hpRegen="8.5" mp="1674.8" mpRegen="3"/>
			<attack physical="970.537548504614" magical="662.751329129412" random="30" critical="4" accuracy="5" attackSpeed="253" type="SWORD" range="40" distance="80" width="120"/>
			<defence physical="341.375" magical="249.80341"/>
			<speed>
				<walk ground="50"/>
				<run ground="160"/>
			</speed>
		</stats>
		<status attackable="false" undying="false"/>
		<skillList>
			<skill id="4045" level="1"/> <!-- Resist Full Magic Attack -->
			<skill id="4408" level="1"/> <!-- HP Increase (1x) -->
			<skill id="4409" level="1"/> <!-- MP Increase (1x) -->
			<skill id="4410" level="16"/> <!-- Very Strong P. Atk. -->
			<skill id="4411" level="16"/> <!-- Very Strong M. Atk. -->
			<skill id="4412" level="16"/> <!-- Very Strong P. Def. -->
			<skill id="4413" level="16"/> <!-- Very Strong M. Def. -->
			<skill id="4414" level="2"/> <!-- Standard Type -->
			<skill id="4415" level="3"/> <!-- One-handed Sword -->
			<skill id="4416" level="15"/> <!-- Elves -->
		</skillList>
		<exCrtEffect>true</exCrtEffect>
		<ai aggroRange="1000" clanHelpRange="300"/>
		<collision>
			<radius normal="8"/>
			<height normal="23.5"/>
		</collision>
	</npc>
	<npc id="30222" level="70" type="Folk" name="Alshupes">
		<parameters>
			<param name="MoveAroundSocial" value="0"/>
			<param name="MoveAroundSocial1" value="130"/>
		</parameters>
		<race>ELF</race>
		<sex>MALE</sex>
		<stats str="40" int="21" dex="30" wit="20" con="43" men="20">
			<vitals hp="2444.46819" hpRegen="7.5" mp="1345.8" mpRegen="2.7"/>
			<attack physical="688.86373" magical="470.40463" random="30" critical="4" accuracy="5" attackSpeed="253" type="SWORD" range="40" distance="80" width="120"/>
			<defence physical="295.91597" magical="216.53847"/>
			<speed>
				<walk ground="50"/>
				<run ground="120"/>
			</speed>
		</stats>
		<status attackable="false"/>
		<skillList>
			<skill id="4045" level="1"/> <!-- Resist Full Magic Attack -->
			<skill id="4408" level="1"/> <!-- HP Increase (1x) -->
			<skill id="4409" level="1"/> <!-- MP Increase (1x) -->
			<skill id="4410" level="11"/> <!-- Average P. Atk. -->
			<skill id="4411" level="11"/> <!-- Average M. Atk. -->
			<skill id="4412" level="11"/> <!-- Average P. Def. -->
			<skill id="4413" level="11"/> <!-- Average M. Def. -->
			<skill id="4414" level="2"/> <!-- Standard Type -->
			<skill id="4415" level="3"/> <!-- One-handed Sword -->
			<skill id="4416" level="15"/> <!-- Elves -->
		</skillList>
		<exCrtEffect>true</exCrtEffect>
		<ai aggroRange="1000" clanHelpRange="300"/>
		<collision>
			<radius normal="6"/>
			<height normal="21"/>
		</collision>
	</npc>
	<npc id="30223" level="70" type="Folk" name="Arujien">
		<parameters>
			<param name="MoveAroundSocial" value="0"/>
			<param name="MoveAroundSocial1" value="130"/>
		</parameters>
		<race>ELF</race>
		<sex>MALE</sex>
		<stats str="40" int="21" dex="30" wit="20" con="43" men="20">
			<vitals hp="2444.46819" hpRegen="7.5" mp="1345.8" mpRegen="2.7"/>
			<attack physical="688.86373" magical="470.40463" random="30" critical="4" accuracy="5" attackSpeed="253" type="SWORD" range="40" distance="80" width="120"/>
			<defence physical="295.91597" magical="216.53847"/>
			<speed>
				<walk ground="50"/>
				<run ground="120"/>
			</speed>
		</stats>
		<status attackable="false"/>
		<skillList>
			<skill id="4045" level="1"/> <!-- Resist Full Magic Attack -->
			<skill id="4408" level="1"/> <!-- HP Increase (1x) -->
			<skill id="4409" level="1"/> <!-- MP Increase (1x) -->
			<skill id="4410" level="11"/> <!-- Average P. Atk. -->
			<skill id="4411" level="11"/> <!-- Average M. Atk. -->
			<skill id="4412" level="11"/> <!-- Average P. Def. -->
			<skill id="4413" level="11"/> <!-- Average M. Def. -->
			<skill id="4414" level="2"/> <!-- Standard Type -->
			<skill id="4415" level="3"/> <!-- One-handed Sword -->
			<skill id="4416" level="15"/> <!-- Elves -->
		</skillList>
		<exCrtEffect>true</exCrtEffect>
		<ai aggroRange="1000" clanHelpRange="300"/>
		<collision>
			<radius normal="6"/>
			<height normal="21"/>
		</collision>
	</npc>
	<npc id="30224" level="80" type="Guard" name="Rayla" title="Sentry Knight">
		<parameters>
			<param name="MoveAroundSocial" value="0"/>
			<param name="MoveAroundSocial1" value="120"/>
		</parameters>
		<race>DARK_ELF</race>
		<sex>FEMALE</sex>
		<equipment rhand="79"/> <!-- rhand: Sword of Damascus -->
		<stats str="40" int="21" dex="30" wit="20" con="43" men="20">
			<vitals hp="3290.11306877694" hpRegen="8.5" mp="1674.8" mpRegen="3"/>
			<attack physical="970.537548504614" magical="662.751329129412" random="30" critical="4" accuracy="5" attackSpeed="253" type="SWORD" range="40" distance="80" width="120"/>
			<defence physical="341.375" magical="249.80341"/>
			<speed>
				<walk ground="50"/>
				<run ground="160"/>
			</speed>
		</stats>
		<status attackable="false" undying="false"/>
		<skillList>
			<skill id="4045" level="1"/> <!-- Resist Full Magic Attack -->
			<skill id="4408" level="1"/> <!-- HP Increase (1x) -->
			<skill id="4409" level="1"/> <!-- MP Increase (1x) -->
			<skill id="4410" level="16"/> <!-- Very Strong P. Atk. -->
			<skill id="4411" level="16"/> <!-- Very Strong M. Atk. -->
			<skill id="4412" level="16"/> <!-- Very Strong P. Def. -->
			<skill id="4413" level="16"/> <!-- Very Strong M. Def. -->
			<skill id="4414" level="2"/> <!-- Standard Type -->
			<skill id="4415" level="3"/> <!-- One-handed Sword -->
			<skill id="4416" level="16"/> <!-- Dark Elves -->
		</skillList>
		<exCrtEffect>true</exCrtEffect>
		<ai aggroRange="1000" clanHelpRange="300"/>
		<collision>
			<radius normal="7"/>
			<height normal="25"/>
		</collision>
	</npc>
	<npc id="30230" level="70" type="Merchant" name="Edroc" title="Trader">
		<parameters>
			<param name="MoveAroundSocial" value="0"/>
			<param name="MoveAroundSocial1" value="110"/>
		</parameters>
		<race>HUMAN</race>
		<sex>MALE</sex>
		<stats str="40" int="21" dex="30" wit="20" con="43" men="20">
			<vitals hp="2444.46819" hpRegen="7.5" mp="1345.8" mpRegen="2.7"/>
			<attack physical="688.86373" magical="470.40463" random="30" critical="4" accuracy="5" attackSpeed="253" type="SWORD" range="40" distance="80" width="120"/>
			<defence physical="295.91597" magical="216.53847"/>
			<speed>
				<walk ground="50"/>
				<run ground="120"/>
			</speed>
		</stats>
		<status attackable="false"/>
		<skillList>
			<skill id="4045" level="1"/> <!-- Resist Full Magic Attack -->
			<skill id="4408" level="1"/> <!-- HP Increase (1x) -->
			<skill id="4409" level="1"/> <!-- MP Increase (1x) -->
			<skill id="4410" level="11"/> <!-- Average P. Atk. -->
			<skill id="4411" level="11"/> <!-- Average M. Atk. -->
			<skill id="4412" level="11"/> <!-- Average P. Def. -->
			<skill id="4413" level="11"/> <!-- Average M. Def. -->
			<skill id="4414" level="2"/> <!-- Standard Type -->
			<skill id="4415" level="3"/> <!-- One-handed Sword -->
			<skill id="4416" level="14"/> <!-- Humans -->
		</skillList>
		<exCrtEffect>true</exCrtEffect>
		<ai aggroRange="1000" clanHelpRange="300" isAggressive="false"/>
		<collision>
			<radius normal="8"/>
			<height normal="25"/>
		</collision>
	</npc>
	<npc id="30231" level="70" type="Merchant" name="Garette" title="Trader">
		<parameters>
			<param name="MoveAroundSocial" value="0"/>
			<param name="MoveAroundSocial1" value="110"/>
		</parameters>
		<race>HUMAN</race>
		<sex>MALE</sex>
		<stats str="40" int="21" dex="30" wit="20" con="43" men="20">
			<vitals hp="2444.46819" hpRegen="7.5" mp="1345.8" mpRegen="2.7"/>
			<attack physical="688.86373" magical="470.40463" random="30" critical="4" accuracy="5" attackSpeed="253" type="SWORD" range="40" distance="80" width="120"/>
			<defence physical="295.91597" magical="216.53847"/>
			<speed>
				<walk ground="50"/>
				<run ground="120"/>
			</speed>
		</stats>
		<status attackable="false"/>
		<skillList>
			<skill id="4045" level="1"/> <!-- Resist Full Magic Attack -->
			<skill id="4408" level="1"/> <!-- HP Increase (1x) -->
			<skill id="4409" level="1"/> <!-- MP Increase (1x) -->
			<skill id="4410" level="11"/> <!-- Average P. Atk. -->
			<skill id="4411" level="11"/> <!-- Average M. Atk. -->
			<skill id="4412" level="11"/> <!-- Average P. Def. -->
			<skill id="4413" level="11"/> <!-- Average M. Def. -->
			<skill id="4414" level="2"/> <!-- Standard Type -->
			<skill id="4415" level="3"/> <!-- One-handed Sword -->
			<skill id="4416" level="14"/> <!-- Humans -->
		</skillList>
		<exCrtEffect>true</exCrtEffect>
		<ai aggroRange="1000" clanHelpRange="300" isAggressive="false"/>
		<collision>
			<radius normal="8"/>
			<height normal="25"/>
		</collision>
	</npc>
	<npc id="30232" level="70" type="Warehouse" name="Sorint" title="Warehouse Keeper">
		<parameters>
			<param name="MoveAroundSocial" value="0"/>
			<param name="MoveAroundSocial1" value="150"/>
		</parameters>
		<race>DWARF</race>
		<sex>MALE</sex>
		<stats str="40" int="21" dex="30" wit="20" con="43" men="20">
			<vitals hp="2444.46819" hpRegen="7.5" mp="1345.8" mpRegen="2.7"/>
			<attack physical="688.86373" magical="470.40463" random="30" critical="4" accuracy="5" attackSpeed="253" type="SWORD" range="40" distance="80" width="120"/>
			<defence physical="295.91597" magical="216.53847"/>
			<speed>
				<walk ground="50"/>
				<run ground="120"/>
			</speed>
		</stats>
		<status attackable="false"/>
		<skillList>
			<skill id="4045" level="1"/> <!-- Resist Full Magic Attack -->
			<skill id="4408" level="1"/> <!-- HP Increase (1x) -->
			<skill id="4409" level="1"/> <!-- MP Increase (1x) -->
			<skill id="4410" level="11"/> <!-- Average P. Atk. -->
			<skill id="4411" level="11"/> <!-- Average M. Atk. -->
			<skill id="4412" level="11"/> <!-- Average P. Def. -->
			<skill id="4413" level="11"/> <!-- Average M. Def. -->
			<skill id="4414" level="2"/> <!-- Standard Type -->
			<skill id="4415" level="3"/> <!-- One-handed Sword -->
			<skill id="4416" level="18"/> <!-- Dwarves -->
		</skillList>
		<exCrtEffect>true</exCrtEffect>
		<ai aggroRange="1000" clanHelpRange="300" isAggressive="false"/>
		<collision>
			<radius normal="8"/>
			<height normal="17"/>
		</collision>
	</npc>
	<npc id="30233" level="70" type="Teleporter" name="Esmeralda" title="Gatekeeper">
		<parameters>
			<param name="MoveAroundSocial" value="0"/>
			<param name="MoveAroundSocial1" value="90"/>
			<param name="IsGateKeeperForCoreTime" value="1"/>
		</parameters>
		<race>HUMAN</race>
		<sex>FEMALE</sex>
		<stats str="40" int="21" dex="30" wit="20" con="43" men="20">
			<vitals hp="2444.46819" hpRegen="7.5" mp="1345.8" mpRegen="2.7"/>
			<attack physical="688.86373" magical="470.40463" random="30" critical="4" accuracy="5" attackSpeed="253" type="SWORD" range="40" distance="80" width="120"/>
			<defence physical="295.91597" magical="216.53847"/>
			<speed>
				<walk ground="50"/>
				<run ground="120"/>
			</speed>
		</stats>
		<status attackable="false"/>
		<skillList>
			<skill id="4045" level="1"/> <!-- Resist Full Magic Attack -->
			<skill id="4408" level="1"/> <!-- HP Increase (1x) -->
			<skill id="4409" level="1"/> <!-- MP Increase (1x) -->
			<skill id="4410" level="11"/> <!-- Average P. Atk. -->
			<skill id="4411" level="11"/> <!-- Average M. Atk. -->
			<skill id="4412" level="11"/> <!-- Average P. Def. -->
			<skill id="4413" level="11"/> <!-- Average M. Def. -->
			<skill id="4414" level="2"/> <!-- Standard Type -->
			<skill id="4415" level="3"/> <!-- One-handed Sword -->
			<skill id="4416" level="14"/> <!-- Humans -->
		</skillList>
		<exCrtEffect>true</exCrtEffect>
		<ai aggroRange="1000" clanHelpRange="300" isAggressive="false"/>
		<collision>
			<radius normal="8"/>
			<height normal="25"/>
		</collision>
	</npc>
	<npc id="30253" level="70" type="Merchant" name="Simplon" title="Trader">
		<parameters>
			<param name="MoveAroundSocial" value="0"/>
			<param name="MoveAroundSocial1" value="110"/>
		</parameters>
		<race>HUMAN</race>
		<sex>MALE</sex>
		<stats str="40" int="21" dex="30" wit="20" con="43" men="20">
			<vitals hp="2444.46819" hpRegen="7.5" mp="1345.8" mpRegen="2.7"/>
			<attack physical="688.86373" magical="470.40463" random="30" critical="4" accuracy="5" attackSpeed="253" type="SWORD" range="40" distance="80" width="120"/>
			<defence physical="295.91597" magical="216.53847"/>
			<speed>
				<walk ground="50"/>
				<run ground="120"/>
			</speed>
		</stats>
		<status attackable="false"/>
		<skillList>
			<skill id="4045" level="1"/> <!-- Resist Full Magic Attack -->
			<skill id="4408" level="1"/> <!-- HP Increase (1x) -->
			<skill id="4409" level="1"/> <!-- MP Increase (1x) -->
			<skill id="4410" level="11"/> <!-- Average P. Atk. -->
			<skill id="4411" level="11"/> <!-- Average M. Atk. -->
			<skill id="4412" level="11"/> <!-- Average P. Def. -->
			<skill id="4413" level="11"/> <!-- Average M. Def. -->
			<skill id="4414" level="2"/> <!-- Standard Type -->
			<skill id="4415" level="3"/> <!-- One-handed Sword -->
			<skill id="4416" level="14"/> <!-- Humans -->
		</skillList>
		<exCrtEffect>true</exCrtEffect>
		<ai aggroRange="1000" clanHelpRange="300" isAggressive="false"/>
		<collision>
			<radius normal="10"/>
			<height normal="24"/>
		</collision>
	</npc>
	<npc id="30254" level="70" type="Merchant" name="Harmony" title="Trader">
		<parameters>
			<param name="MoveAroundSocial" value="0"/>
			<param name="MoveAroundSocial1" value="85"/>
		</parameters>
		<race>HUMAN</race>
		<sex>FEMALE</sex>
		<stats str="40" int="21" dex="30" wit="20" con="43" men="20">
			<vitals hp="2444.46819" hpRegen="7.5" mp="1345.8" mpRegen="2.7"/>
			<attack physical="688.86373" magical="470.40463" random="30" critical="4" accuracy="5" attackSpeed="253" type="SWORD" range="40" distance="80" width="120"/>
			<defence physical="295.91597" magical="216.53847"/>
			<speed>
				<walk ground="50"/>
				<run ground="120"/>
			</speed>
		</stats>
		<status attackable="false"/>
		<skillList>
			<skill id="4045" level="1"/> <!-- Resist Full Magic Attack -->
			<skill id="4408" level="1"/> <!-- HP Increase (1x) -->
			<skill id="4409" level="1"/> <!-- MP Increase (1x) -->
			<skill id="4410" level="11"/> <!-- Average P. Atk. -->
			<skill id="4411" level="11"/> <!-- Average M. Atk. -->
			<skill id="4412" level="11"/> <!-- Average P. Def. -->
			<skill id="4413" level="11"/> <!-- Average M. Def. -->
			<skill id="4414" level="2"/> <!-- Standard Type -->
			<skill id="4415" level="3"/> <!-- One-handed Sword -->
			<skill id="4416" level="14"/> <!-- Humans -->
		</skillList>
		<exCrtEffect>true</exCrtEffect>
		<ai aggroRange="1000" clanHelpRange="300" isAggressive="false"/>
		<collision>
			<radius normal="7"/>
			<height normal="23"/>
		</collision>
	</npc>
	<npc id="30255" level="70" type="Warehouse" name="Haprock" title="Warehouse Keeper">
		<parameters>
			<param name="MoveAroundSocial" value="0"/>
			<param name="MoveAroundSocial1" value="150"/>
		</parameters>
		<race>DWARF</race>
		<sex>MALE</sex>
		<stats str="40" int="21" dex="30" wit="20" con="43" men="20">
			<vitals hp="2444.46819" hpRegen="7.5" mp="1345.8" mpRegen="2.7"/>
			<attack physical="688.86373" magical="470.40463" random="30" critical="4" accuracy="5" attackSpeed="253" type="SWORD" range="40" distance="80" width="120"/>
			<defence physical="295.91597" magical="216.53847"/>
			<speed>
				<walk ground="50"/>
				<run ground="120"/>
			</speed>
		</stats>
		<status attackable="false"/>
		<skillList>
			<skill id="4045" level="1"/> <!-- Resist Full Magic Attack -->
			<skill id="4408" level="1"/> <!-- HP Increase (1x) -->
			<skill id="4409" level="1"/> <!-- MP Increase (1x) -->
			<skill id="4410" level="11"/> <!-- Average P. Atk. -->
			<skill id="4411" level="11"/> <!-- Average M. Atk. -->
			<skill id="4412" level="11"/> <!-- Average P. Def. -->
			<skill id="4413" level="11"/> <!-- Average M. Def. -->
			<skill id="4414" level="2"/> <!-- Standard Type -->
			<skill id="4415" level="3"/> <!-- One-handed Sword -->
			<skill id="4416" level="18"/> <!-- Dwarves -->
		</skillList>
		<exCrtEffect>true</exCrtEffect>
		<ai aggroRange="1000" clanHelpRange="300" isAggressive="false"/>
		<collision>
			<radius normal="8"/>
			<height normal="17"/>
		</collision>
	</npc>
	<npc id="30256" level="70" type="Teleporter" name="Bella" title="Gatekeeper">
		<parameters>
			<param name="MoveAroundSocial" value="0"/>
			<param name="MoveAroundSocial1" value="90"/>
			<param name="IsGateKeeperForCoreTime" value="1"/>
		</parameters>
		<race>HUMAN</race>
		<sex>FEMALE</sex>
		<stats str="40" int="21" dex="30" wit="20" con="43" men="20">
			<vitals hp="2444.46819" hpRegen="7.5" mp="1345.8" mpRegen="2.7"/>
			<attack physical="688.86373" magical="470.40463" random="30" critical="4" accuracy="5" attackSpeed="253" type="SWORD" range="40" distance="80" width="120"/>
			<defence physical="295.91597" magical="216.53847"/>
			<speed>
				<walk ground="50"/>
				<run ground="120"/>
			</speed>
		</stats>
		<status attackable="false"/>
		<skillList>
			<skill id="4045" level="1"/> <!-- Resist Full Magic Attack -->
			<skill id="4408" level="1"/> <!-- HP Increase (1x) -->
			<skill id="4409" level="1"/> <!-- MP Increase (1x) -->
			<skill id="4410" level="11"/> <!-- Average P. Atk. -->
			<skill id="4411" level="11"/> <!-- Average M. Atk. -->
			<skill id="4412" level="11"/> <!-- Average P. Def. -->
			<skill id="4413" level="11"/> <!-- Average M. Def. -->
			<skill id="4414" level="2"/> <!-- Standard Type -->
			<skill id="4415" level="3"/> <!-- One-handed Sword -->
			<skill id="4416" level="14"/> <!-- Humans -->
		</skillList>
		<exCrtEffect>true</exCrtEffect>
		<ai aggroRange="1000" clanHelpRange="300" isAggressive="false"/>
		<collision>
			<radius normal="8"/>
			<height normal="25"/>
		</collision>
	</npc>
	<npc id="30283" level="70" type="Folk" name="Altran" title="Blacksmith">
		<parameters>
			<param name="MoveAroundSocial" value="0"/>
			<param name="MoveAroundSocial1" value="93"/>
		</parameters>
		<race>DWARF</race>
		<sex>MALE</sex>
		<equipment rhand="89"/> <!-- rhand: Big Hammer -->
		<stats str="40" int="21" dex="30" wit="20" con="43" men="20">
			<vitals hp="2444.46819" hpRegen="7.5" mp="1345.8" mpRegen="2.7"/>
			<attack physical="688.86373" magical="470.40463" random="30" critical="4" accuracy="5" attackSpeed="253" type="SWORD" range="40" distance="80" width="120"/>
			<defence physical="295.91597" magical="216.53847"/>
			<speed>
				<walk ground="50"/>
				<run ground="120"/>
			</speed>
		</stats>
		<status attackable="false"/>
		<skillList>
			<skill id="4045" level="1"/> <!-- Resist Full Magic Attack -->
			<skill id="4408" level="1"/> <!-- HP Increase (1x) -->
			<skill id="4409" level="1"/> <!-- MP Increase (1x) -->
			<skill id="4410" level="11"/> <!-- Average P. Atk. -->
			<skill id="4411" level="11"/> <!-- Average M. Atk. -->
			<skill id="4412" level="11"/> <!-- Average P. Def. -->
			<skill id="4413" level="11"/> <!-- Average M. Def. -->
			<skill id="4414" level="2"/> <!-- Standard Type -->
			<skill id="4415" level="3"/> <!-- One-handed Sword -->
			<skill id="4416" level="18"/> <!-- Dwarves -->
		</skillList>
		<exCrtEffect>true</exCrtEffect>
		<ai aggroRange="1000" clanHelpRange="300"/>
		<collision>
			<radius normal="7"/>
			<height normal="16.5"/>
		</collision>
	</npc>
	<npc id="30284" level="80" type="Guard" name="Alberius" title="Sentinel Knight">
		<parameters>
			<param name="MoveAroundSocial" value="0"/>
			<param name="MoveAroundSocial1" value="79"/>
		</parameters>
		<race>ELF</race>
		<sex>MALE</sex>
		<equipment rhand="150"/> <!-- rhand: Elemental Sword -->
		<stats str="40" int="21" dex="30" wit="20" con="43" men="20">
			<vitals hp="3290.11306877694" hpRegen="8.5" mp="1674.8" mpRegen="3"/>
			<attack physical="970.537548504614" magical="662.751329129412" random="30" critical="4" accuracy="5" attackSpeed="253" type="SWORD" range="40" distance="80" width="120"/>
			<defence physical="341.375" magical="249.80341"/>
			<speed>
				<walk ground="50"/>
				<run ground="160"/>
			</speed>
		</stats>
		<status attackable="false" undying="false"/>
		<skillList>
			<skill id="4045" level="1"/> <!-- Resist Full Magic Attack -->
			<skill id="4408" level="1"/> <!-- HP Increase (1x) -->
			<skill id="4409" level="1"/> <!-- MP Increase (1x) -->
			<skill id="4410" level="16"/> <!-- Very Strong P. Atk. -->
			<skill id="4411" level="16"/> <!-- Very Strong M. Atk. -->
			<skill id="4412" level="16"/> <!-- Very Strong P. Def. -->
			<skill id="4413" level="16"/> <!-- Very Strong M. Def. -->
			<skill id="4414" level="2"/> <!-- Standard Type -->
			<skill id="4415" level="3"/> <!-- One-handed Sword -->
			<skill id="4416" level="15"/> <!-- Elves -->
		</skillList>
		<exCrtEffect>true</exCrtEffect>
		<ai aggroRange="1000" clanHelpRange="300"/>
		<collision>
			<radius normal="8"/>
			<height normal="23.5"/>
		</collision>
	</npc>
	<npc id="30285" level="80" type="Guard" name="Gartrandell" title="Sentinel">
		<parameters>
			<param name="MoveAroundSocial" value="0"/>
			<param name="MoveAroundSocial1" value="79"/>
		</parameters>
		<race>ELF</race>
		<sex>MALE</sex>
		<equipment rhand="130"/> <!-- rhand: Elven Sword -->
		<stats str="40" int="21" dex="30" wit="20" con="43" men="20">
			<vitals hp="3290.11306877694" hpRegen="8.5" mp="1674.8" mpRegen="3"/>
			<attack physical="970.537548504614" magical="662.751329129412" random="30" critical="4" accuracy="5" attackSpeed="253" type="SWORD" range="40" distance="80" width="120"/>
			<defence physical="341.375" magical="249.80341"/>
			<speed>
				<walk ground="50"/>
				<run ground="160"/>
			</speed>
		</stats>
		<status attackable="false" undying="false"/>
		<skillList>
			<skill id="4045" level="1"/> <!-- Resist Full Magic Attack -->
			<skill id="4408" level="1"/> <!-- HP Increase (1x) -->
			<skill id="4409" level="1"/> <!-- MP Increase (1x) -->
			<skill id="4410" level="16"/> <!-- Very Strong P. Atk. -->
			<skill id="4411" level="16"/> <!-- Very Strong M. Atk. -->
			<skill id="4412" level="16"/> <!-- Very Strong P. Def. -->
			<skill id="4413" level="16"/> <!-- Very Strong M. Def. -->
			<skill id="4414" level="2"/> <!-- Standard Type -->
			<skill id="4415" level="3"/> <!-- One-handed Sword -->
			<skill id="4416" level="15"/> <!-- Elves -->
		</skillList>
		<exCrtEffect>true</exCrtEffect>
		<ai aggroRange="1000" clanHelpRange="300"/>
		<collision>
			<radius normal="8"/>
			<height normal="23.5"/>
		</collision>
	</npc>
	<npc id="30288" level="70" type="VillageMasterFighter" name="Rains" title="Grand Master">
		<parameters>
			<param name="MoveAroundSocial" value="0"/>
			<param name="MoveAroundSocial1" value="63"/>
		</parameters>
		<race>HUMAN</race>
		<sex>MALE</sex>
		<stats str="40" int="21" dex="30" wit="20" con="43" men="20">
			<vitals hp="2444.46819" hpRegen="7.5" mp="1345.8" mpRegen="2.7"/>
			<attack physical="688.86373" magical="470.40463" random="30" critical="4" accuracy="5" attackSpeed="253" type="SWORD" range="40" distance="80" width="120"/>
			<defence physical="295.91597" magical="216.53847"/>
			<speed>
				<walk ground="50"/>
				<run ground="120"/>
			</speed>
		</stats>
		<status attackable="false"/>
		<skillList>
			<skill id="4045" level="1"/> <!-- Resist Full Magic Attack -->
			<skill id="4408" level="1"/> <!-- HP Increase (1x) -->
			<skill id="4409" level="1"/> <!-- MP Increase (1x) -->
			<skill id="4410" level="11"/> <!-- Average P. Atk. -->
			<skill id="4411" level="11"/> <!-- Average M. Atk. -->
			<skill id="4412" level="11"/> <!-- Average P. Def. -->
			<skill id="4413" level="11"/> <!-- Average M. Def. -->
			<skill id="4414" level="2"/> <!-- Standard Type -->
			<skill id="4415" level="3"/> <!-- One-handed Sword -->
			<skill id="4416" level="14"/> <!-- Humans -->
		</skillList>
		<exCrtEffect>true</exCrtEffect>
		<ai aggroRange="1000" clanHelpRange="300" isAggressive="false"/>
		<collision>
			<radius normal="8"/>
			<height normal="23.5"/>
		</collision>
	</npc>
	<npc id="30289" level="70" type="VillageMasterPriest" name="Raymond" title="High Priest">
		<parameters>
			<param name="MoveAroundSocial" value="0"/>
			<param name="MoveAroundSocial1" value="135"/>
		</parameters>
		<race>HUMAN</race>
		<sex>MALE</sex>
		<stats str="40" int="21" dex="30" wit="20" con="43" men="20">
			<vitals hp="2444.46819" hpRegen="7.5" mp="1345.8" mpRegen="2.7"/>
			<attack physical="688.86373" magical="470.40463" random="30" critical="4" accuracy="5" attackSpeed="253" type="SWORD" range="40" distance="80" width="120"/>
			<defence physical="295.91597" magical="216.53847"/>
			<speed>
				<walk ground="50"/>
				<run ground="120"/>
			</speed>
		</stats>
		<status attackable="false"/>
		<skillList>
			<skill id="4045" level="1"/> <!-- Resist Full Magic Attack -->
			<skill id="4408" level="1"/> <!-- HP Increase (1x) -->
			<skill id="4409" level="1"/> <!-- MP Increase (1x) -->
			<skill id="4410" level="11"/> <!-- Average P. Atk. -->
			<skill id="4411" level="11"/> <!-- Average M. Atk. -->
			<skill id="4412" level="11"/> <!-- Average P. Def. -->
			<skill id="4413" level="11"/> <!-- Average M. Def. -->
			<skill id="4414" level="2"/> <!-- Standard Type -->
			<skill id="4415" level="3"/> <!-- One-handed Sword -->
			<skill id="4416" level="14"/> <!-- Humans -->
		</skillList>
		<exCrtEffect>true</exCrtEffect>
		<ai aggroRange="1000" clanHelpRange="300" isAggressive="false"/>
		<collision>
			<radius normal="8"/>
			<height normal="24"/>
		</collision>
	</npc>
	<npc id="30290" level="70" type="VillageMasterDElf" name="Xenos" title="Grand Master">
		<parameters>
			<param name="MoveAroundSocial" value="0"/>
			<param name="MoveAroundSocial1" value="103"/>
		</parameters>
		<race>DARK_ELF</race>
		<sex>MALE</sex>
		<stats str="40" int="21" dex="30" wit="20" con="43" men="20">
			<vitals hp="2444.46819" hpRegen="7.5" mp="1345.8" mpRegen="2.7"/>
			<attack physical="688.86373" magical="470.40463" random="30" critical="4" accuracy="5" attackSpeed="253" type="SWORD" range="40" distance="80" width="120"/>
			<defence physical="295.91597" magical="216.53847"/>
			<speed>
				<walk ground="50"/>
				<run ground="120"/>
			</speed>
		</stats>
		<status attackable="false"/>
		<skillList>
			<skill id="4045" level="1"/> <!-- Resist Full Magic Attack -->
			<skill id="4408" level="1"/> <!-- HP Increase (1x) -->
			<skill id="4409" level="1"/> <!-- MP Increase (1x) -->
			<skill id="4410" level="11"/> <!-- Average P. Atk. -->
			<skill id="4411" level="11"/> <!-- Average M. Atk. -->
			<skill id="4412" level="11"/> <!-- Average P. Def. -->
			<skill id="4413" level="11"/> <!-- Average M. Def. -->
			<skill id="4414" level="2"/> <!-- Standard Type -->
			<skill id="4415" level="3"/> <!-- One-handed Sword -->
			<skill id="4416" level="16"/> <!-- Dark Elves -->
		</skillList>
		<exCrtEffect>true</exCrtEffect>
		<ai aggroRange="1000" clanHelpRange="300" isAggressive="false"/>
		<collision>
			<radius normal="8"/>
			<height normal="23"/>
		</collision>
	</npc>
	<npc id="30291" level="70" type="Trainer" name="Alex" title="Captain">
		<parameters>
			<param name="MoveAroundSocial" value="0"/>
			<param name="MoveAroundSocial1" value="130"/>
		</parameters>
		<race>HUMAN</race>
		<sex>MALE</sex>
		<equipment rhand="68"/> <!-- rhand: Falchion -->
		<stats str="40" int="21" dex="30" wit="20" con="43" men="20">
			<vitals hp="2444.46819" hpRegen="7.5" mp="1345.8" mpRegen="2.7"/>
			<attack physical="688.86373" magical="470.40463" random="30" critical="4" accuracy="5" attackSpeed="253" type="SWORD" range="40" distance="80" width="120"/>
			<defence physical="295.91597" magical="216.53847"/>
			<speed>
				<walk ground="50"/>
				<run ground="120"/>
			</speed>
		</stats>
		<status attackable="false"/>
		<skillList>
			<skill id="4045" level="1"/> <!-- Resist Full Magic Attack -->
			<skill id="4408" level="1"/> <!-- HP Increase (1x) -->
			<skill id="4409" level="1"/> <!-- MP Increase (1x) -->
			<skill id="4410" level="11"/> <!-- Average P. Atk. -->
			<skill id="4411" level="11"/> <!-- Average M. Atk. -->
			<skill id="4412" level="11"/> <!-- Average P. Def. -->
			<skill id="4413" level="11"/> <!-- Average M. Def. -->
			<skill id="4414" level="2"/> <!-- Standard Type -->
			<skill id="4415" level="3"/> <!-- One-handed Sword -->
			<skill id="4416" level="14"/> <!-- Humans -->
		</skillList>
		<exCrtEffect>true</exCrtEffect>
		<ai aggroRange="1000" clanHelpRange="300"/>
		<collision>
			<radius normal="8"/>
			<height normal="23"/>
		</collision>
	</npc>
	<npc id="30293" level="70" type="Trainer" name="Manuel" title="Priest">
		<parameters>
			<param name="MoveAroundSocial" value="0"/>
			<param name="MoveAroundSocial1" value="187"/>
			<param name="skill_sharing_item" value="15308"/> <!-- Holy Pomander - Eva's Saint -->
			<param name="token_num" value="1"/>
		</parameters>
		<race>ELF</race>
		<sex>MALE</sex>
		<stats str="40" int="21" dex="30" wit="20" con="43" men="20">
			<vitals hp="2444.46819" hpRegen="7.5" mp="1345.8" mpRegen="2.7"/>
			<attack physical="688.86373" magical="470.40463" random="30" critical="4" accuracy="5" attackSpeed="253" type="SWORD" range="40" distance="80" width="120"/>
			<defence physical="295.91597" magical="216.53847"/>
			<speed>
				<walk ground="50"/>
				<run ground="120"/>
			</speed>
		</stats>
		<status attackable="false"/>
		<skillList>
			<skill id="4045" level="1"/> <!-- Resist Full Magic Attack -->
			<skill id="4408" level="1"/> <!-- HP Increase (1x) -->
			<skill id="4409" level="1"/> <!-- MP Increase (1x) -->
			<skill id="4410" level="11"/> <!-- Average P. Atk. -->
			<skill id="4411" level="11"/> <!-- Average M. Atk. -->
			<skill id="4412" level="11"/> <!-- Average P. Def. -->
			<skill id="4413" level="11"/> <!-- Average M. Def. -->
			<skill id="4414" level="2"/> <!-- Standard Type -->
			<skill id="4415" level="3"/> <!-- One-handed Sword -->
			<skill id="4416" level="15"/> <!-- Elves -->
		</skillList>
		<exCrtEffect>true</exCrtEffect>
		<ai type="MAGE" aggroRange="1000" clanHelpRange="300" isAggressive="false"/>
		<collision>
			<radius normal="7"/>
			<height normal="22.2"/>
		</collision>
	</npc>
	<npc id="30294" level="70" type="Merchant" name="Varan" title="Trader">
		<parameters>
			<param name="MoveAroundSocial" value="0"/>
			<param name="MoveAroundSocial1" value="110"/>
		</parameters>
		<race>HUMAN</race>
		<sex>MALE</sex>
		<stats str="40" int="21" dex="30" wit="20" con="43" men="20">
			<vitals hp="2444.46819" hpRegen="7.5" mp="1345.8" mpRegen="2.7"/>
			<attack physical="688.86373" magical="470.40463" random="30" critical="4" accuracy="5" attackSpeed="253" type="SWORD" range="40" distance="80" width="120"/>
			<defence physical="295.91597" magical="216.53847"/>
			<speed>
				<walk ground="50"/>
				<run ground="120"/>
			</speed>
		</stats>
		<status attackable="false"/>
		<skillList>
			<skill id="4045" level="1"/> <!-- Resist Full Magic Attack -->
			<skill id="4408" level="1"/> <!-- HP Increase (1x) -->
			<skill id="4409" level="1"/> <!-- MP Increase (1x) -->
			<skill id="4410" level="11"/> <!-- Average P. Atk. -->
			<skill id="4411" level="11"/> <!-- Average M. Atk. -->
			<skill id="4412" level="11"/> <!-- Average P. Def. -->
			<skill id="4413" level="11"/> <!-- Average M. Def. -->
			<skill id="4414" level="2"/> <!-- Standard Type -->
			<skill id="4415" level="3"/> <!-- One-handed Sword -->
			<skill id="4416" level="14"/> <!-- Humans -->
		</skillList>
		<exCrtEffect>true</exCrtEffect>
		<ai aggroRange="1000" clanHelpRange="300" isAggressive="false"/>
		<collision>
			<radius normal="8"/>
			<height normal="25"/>
		</collision>
	</npc>
	<npc id="30297" level="70" type="VillageMasterDElf" name="Tobias" title="Grand Master">
		<parameters>
			<param name="MoveAroundSocial" value="0"/>
			<param name="MoveAroundSocial1" value="103"/>
		</parameters>
		<race>DARK_ELF</race>
		<sex>MALE</sex>
		<stats str="40" int="21" dex="30" wit="20" con="43" men="20">
			<vitals hp="2444.46819" hpRegen="7.5" mp="1345.8" mpRegen="2.7"/>
			<attack physical="688.86373" magical="470.40463" random="30" critical="4" accuracy="5" attackSpeed="253" type="SWORD" range="40" distance="80" width="120"/>
			<defence physical="295.91597" magical="216.53847"/>
			<speed>
				<walk ground="50"/>
				<run ground="120"/>
			</speed>
		</stats>
		<status attackable="false"/>
		<skillList>
			<skill id="4045" level="1"/> <!-- Resist Full Magic Attack -->
			<skill id="4408" level="1"/> <!-- HP Increase (1x) -->
			<skill id="4409" level="1"/> <!-- MP Increase (1x) -->
			<skill id="4410" level="11"/> <!-- Average P. Atk. -->
			<skill id="4411" level="11"/> <!-- Average M. Atk. -->
			<skill id="4412" level="11"/> <!-- Average P. Def. -->
			<skill id="4413" level="11"/> <!-- Average M. Def. -->
			<skill id="4414" level="2"/> <!-- Standard Type -->
			<skill id="4415" level="3"/> <!-- One-handed Sword -->
			<skill id="4416" level="16"/> <!-- Dark Elves -->
		</skillList>
		<exCrtEffect>true</exCrtEffect>
		<ai aggroRange="1000" clanHelpRange="300" isAggressive="false"/>
		<collision>
			<radius normal="8"/>
			<height normal="23"/>
		</collision>
	</npc>
	<npc id="30298" level="70" type="Trainer" name="Pinter" title="Blacksmith">
		<parameters>
			<param name="MoveAroundSocial" value="0"/>
			<param name="MoveAroundSocial1" value="93"/>
		</parameters>
		<race>DWARF</race>
		<sex>MALE</sex>
		<equipment rhand="89"/> <!-- rhand: Big Hammer -->
		<stats str="40" int="21" dex="30" wit="20" con="43" men="20">
			<vitals hp="2444.46819" hpRegen="7.5" mp="1345.8" mpRegen="2.7"/>
			<attack physical="688.86373" magical="470.40463" random="30" critical="4" accuracy="5" attackSpeed="253" type="SWORD" range="40" distance="80" width="120"/>
			<defence physical="295.91597" magical="216.53847"/>
			<speed>
				<walk ground="50"/>
				<run ground="120"/>
			</speed>
		</stats>
		<status attackable="false"/>
		<skillList>
			<skill id="4045" level="1"/> <!-- Resist Full Magic Attack -->
			<skill id="4408" level="1"/> <!-- HP Increase (1x) -->
			<skill id="4409" level="1"/> <!-- MP Increase (1x) -->
			<skill id="4410" level="11"/> <!-- Average P. Atk. -->
			<skill id="4411" level="11"/> <!-- Average M. Atk. -->
			<skill id="4412" level="11"/> <!-- Average P. Def. -->
			<skill id="4413" level="11"/> <!-- Average M. Def. -->
			<skill id="4414" level="2"/> <!-- Standard Type -->
			<skill id="4415" level="3"/> <!-- One-handed Sword -->
			<skill id="4416" level="18"/> <!-- Dwarves -->
		</skillList>
		<exCrtEffect>true</exCrtEffect>
		<ai aggroRange="1000" clanHelpRange="300" isAggressive="false"/>
		<collision>
			<radius normal="7"/>
			<height normal="16.5"/>
		</collision>
	</npc>
</list>