<?xml version='1.0' encoding='UTF-8'?>
<list xmlns:xsi="http://www.w3.org/2001/XMLSchema-instance" xsi:noNamespaceSchemaLocation="../../xsd/npcs.xsd">
	<npc id="30400" level="70" type="Folk" name="Newbie Helper">
		<parameters>
			<param name="MoveAroundSocial" value="0"/>
			<param name="MoveAroundSocial1" value="79"/>
		</parameters>
		<race>ELF</race>
		<sex>MALE</sex>
		<stats str="40" int="21" dex="30" wit="20" con="43" men="20">
			<vitals hp="2444.46819" hpRegen="7.5" mp="1345.8" mpRegen="2.7"/>
			<attack physical="688.86373" magical="470.40463" random="30" critical="4" accuracy="5" attackSpeed="253" type="SWORD" range="40" distance="80" width="120"/>
			<defence physical="295.91597" magical="216.53847"/>
			<speed>
				<walk ground="50"/>
				<run ground="120"/>
			</speed>
		</stats>
		<status attackable="false"/>
		<skillList>
			<skill id="4045" level="1"/> <!-- Resist Full Magic Attack -->
			<skill id="4408" level="1"/> <!-- HP Increase (1x) -->
			<skill id="4409" level="1"/> <!-- MP Increase (1x) -->
			<skill id="4410" level="11"/> <!-- Average P. Atk. -->
			<skill id="4411" level="11"/> <!-- Average M. Atk. -->
			<skill id="4412" level="11"/> <!-- Average P. Def. -->
			<skill id="4413" level="11"/> <!-- Average M. Def. -->
			<skill id="4414" level="2"/> <!-- Standard Type -->
			<skill id="4415" level="3"/> <!-- One-handed Sword -->
			<skill id="4416" level="15"/> <!-- Elves -->
		</skillList>
		<exCrtEffect>true</exCrtEffect>
		<ai aggroRange="1000" clanHelpRange="300"/>
		<collision>
			<radius normal="8"/>
			<height normal="23.5"/>
		</collision>
	</npc>
	<npc id="30401" level="70" type="Folk" name="Newbie Helper">
		<parameters>
			<param name="MoveAroundSocial" value="0"/>
			<param name="MoveAroundSocial1" value="79"/>
		</parameters>
		<race>ELF</race>
		<sex>MALE</sex>
		<stats str="40" int="21" dex="30" wit="20" con="43" men="20">
			<vitals hp="2444.46819" hpRegen="7.5" mp="1345.8" mpRegen="2.7"/>
			<attack physical="688.86373" magical="470.40463" random="30" critical="4" accuracy="5" attackSpeed="253" type="SWORD" range="40" distance="80" width="120"/>
			<defence physical="295.91597" magical="216.53847"/>
			<speed>
				<walk ground="50"/>
				<run ground="120"/>
			</speed>
		</stats>
		<status attackable="false"/>
		<skillList>
			<skill id="4045" level="1"/> <!-- Resist Full Magic Attack -->
			<skill id="4408" level="1"/> <!-- HP Increase (1x) -->
			<skill id="4409" level="1"/> <!-- MP Increase (1x) -->
			<skill id="4410" level="11"/> <!-- Average P. Atk. -->
			<skill id="4411" level="11"/> <!-- Average M. Atk. -->
			<skill id="4412" level="11"/> <!-- Average P. Def. -->
			<skill id="4413" level="11"/> <!-- Average M. Def. -->
			<skill id="4414" level="2"/> <!-- Standard Type -->
			<skill id="4415" level="3"/> <!-- One-handed Sword -->
			<skill id="4416" level="15"/> <!-- Elves -->
		</skillList>
		<exCrtEffect>true</exCrtEffect>
		<ai aggroRange="1000" clanHelpRange="300"/>
		<collision>
			<radius normal="8"/>
			<height normal="23.5"/>
		</collision>
	</npc>
	<npc id="30402" level="70" type="Folk" name="Newbie Helper">
		<parameters>
			<param name="MoveAroundSocial" value="0"/>
			<param name="MoveAroundSocial1" value="79"/>
		</parameters>
		<race>ELF</race>
		<sex>MALE</sex>
		<stats str="40" int="21" dex="30" wit="20" con="43" men="20">
			<vitals hp="2444.46819" hpRegen="7.5" mp="1345.8" mpRegen="2.7"/>
			<attack physical="688.86373" magical="470.40463" random="30" critical="4" accuracy="5" attackSpeed="253" type="SWORD" range="40" distance="80" width="120"/>
			<defence physical="295.91597" magical="216.53847"/>
			<speed>
				<walk ground="50"/>
				<run ground="120"/>
			</speed>
		</stats>
		<status attackable="false"/>
		<skillList>
			<skill id="4045" level="1"/> <!-- Resist Full Magic Attack -->
			<skill id="4408" level="1"/> <!-- HP Increase (1x) -->
			<skill id="4409" level="1"/> <!-- MP Increase (1x) -->
			<skill id="4410" level="11"/> <!-- Average P. Atk. -->
			<skill id="4411" level="11"/> <!-- Average M. Atk. -->
			<skill id="4412" level="11"/> <!-- Average P. Def. -->
			<skill id="4413" level="11"/> <!-- Average M. Def. -->
			<skill id="4414" level="2"/> <!-- Standard Type -->
			<skill id="4415" level="3"/> <!-- One-handed Sword -->
			<skill id="4416" level="15"/> <!-- Elves -->
		</skillList>
		<exCrtEffect>true</exCrtEffect>
		<ai aggroRange="1000" clanHelpRange="300"/>
		<collision>
			<radius normal="8"/>
			<height normal="23.5"/>
		</collision>
	</npc>
	<npc id="30403" level="70" type="Folk" name="Newbie Helper">
		<parameters>
			<param name="MoveAroundSocial" value="0"/>
			<param name="MoveAroundSocial1" value="79"/>
		</parameters>
		<race>ELF</race>
		<sex>MALE</sex>
		<stats str="40" int="21" dex="30" wit="20" con="43" men="20">
			<vitals hp="2444.46819" hpRegen="7.5" mp="1345.8" mpRegen="2.7"/>
			<attack physical="688.86373" magical="470.40463" random="30" critical="4" accuracy="5" attackSpeed="253" type="SWORD" range="40" distance="80" width="120"/>
			<defence physical="295.91597" magical="216.53847"/>
			<speed>
				<walk ground="50"/>
				<run ground="120"/>
			</speed>
		</stats>
		<status attackable="false"/>
		<skillList>
			<skill id="4045" level="1"/> <!-- Resist Full Magic Attack -->
			<skill id="4408" level="1"/> <!-- HP Increase (1x) -->
			<skill id="4409" level="1"/> <!-- MP Increase (1x) -->
			<skill id="4410" level="11"/> <!-- Average P. Atk. -->
			<skill id="4411" level="11"/> <!-- Average M. Atk. -->
			<skill id="4412" level="11"/> <!-- Average P. Def. -->
			<skill id="4413" level="11"/> <!-- Average M. Def. -->
			<skill id="4414" level="2"/> <!-- Standard Type -->
			<skill id="4415" level="3"/> <!-- One-handed Sword -->
			<skill id="4416" level="15"/> <!-- Elves -->
		</skillList>
		<exCrtEffect>true</exCrtEffect>
		<ai aggroRange="1000" clanHelpRange="300"/>
		<collision>
			<radius normal="8"/>
			<height normal="23.5"/>
		</collision>
	</npc>
	<npc id="30404" level="70" type="Folk" name="Newbie Helper">
		<parameters>
			<param name="MoveAroundSocial" value="0"/>
			<param name="MoveAroundSocial1" value="124"/>
		</parameters>
		<race>DARK_ELF</race>
		<sex>MALE</sex>
		<stats str="40" int="21" dex="30" wit="20" con="43" men="20">
			<vitals hp="2444.46819" hpRegen="7.5" mp="1345.8" mpRegen="2.7"/>
			<attack physical="688.86373" magical="470.40463" random="30" critical="4" accuracy="5" attackSpeed="253" type="SWORD" range="40" distance="80" width="120"/>
			<defence physical="295.91597" magical="216.53847"/>
			<speed>
				<walk ground="50"/>
				<run ground="120"/>
			</speed>
		</stats>
		<status attackable="false"/>
		<skillList>
			<skill id="4045" level="1"/> <!-- Resist Full Magic Attack -->
			<skill id="4408" level="1"/> <!-- HP Increase (1x) -->
			<skill id="4409" level="1"/> <!-- MP Increase (1x) -->
			<skill id="4410" level="11"/> <!-- Average P. Atk. -->
			<skill id="4411" level="11"/> <!-- Average M. Atk. -->
			<skill id="4412" level="11"/> <!-- Average P. Def. -->
			<skill id="4413" level="11"/> <!-- Average M. Def. -->
			<skill id="4414" level="2"/> <!-- Standard Type -->
			<skill id="4415" level="3"/> <!-- One-handed Sword -->
			<skill id="4416" level="16"/> <!-- Dark Elves -->
		</skillList>
		<exCrtEffect>true</exCrtEffect>
		<ai aggroRange="1000" clanHelpRange="300"/>
		<collision>
			<radius normal="8"/>
			<height normal="22.3"/>
		</collision>
	</npc>
	<npc id="30405" level="70" type="Folk" name="Marius">
		<parameters>
			<param name="MoveAroundSocial" value="0"/>
			<param name="MoveAroundSocial1" value="130"/>
		</parameters>
		<race>ELF</race>
		<sex>MALE</sex>
		<stats str="40" int="21" dex="30" wit="20" con="43" men="20">
			<vitals hp="2444.46819" hpRegen="7.5" mp="1345.8" mpRegen="2.7"/>
			<attack physical="688.86373" magical="470.40463" random="30" critical="4" accuracy="5" attackSpeed="253" type="SWORD" range="40" distance="80" width="120"/>
			<defence physical="295.91597" magical="216.53847"/>
			<speed>
				<walk ground="50"/>
				<run ground="120"/>
			</speed>
		</stats>
		<status attackable="false"/>
		<skillList>
			<skill id="4045" level="1"/> <!-- Resist Full Magic Attack -->
			<skill id="4408" level="1"/> <!-- HP Increase (1x) -->
			<skill id="4409" level="1"/> <!-- MP Increase (1x) -->
			<skill id="4410" level="11"/> <!-- Average P. Atk. -->
			<skill id="4411" level="11"/> <!-- Average M. Atk. -->
			<skill id="4412" level="11"/> <!-- Average P. Def. -->
			<skill id="4413" level="11"/> <!-- Average M. Def. -->
			<skill id="4414" level="2"/> <!-- Standard Type -->
			<skill id="4415" level="3"/> <!-- One-handed Sword -->
			<skill id="4416" level="15"/> <!-- Elves -->
		</skillList>
		<exCrtEffect>true</exCrtEffect>
		<ai aggroRange="1000" clanHelpRange="300"/>
		<collision>
			<radius normal="6"/>
			<height normal="21"/>
		</collision>
	</npc>
	<npc id="30406" level="70" type="Folk" name="Matheo">
		<parameters>
			<param name="MoveAroundSocial" value="0"/>
			<param name="MoveAroundSocial1" value="120"/>
		</parameters>
		<race>HUMAN</race>
		<sex>MALE</sex>
		<stats str="40" int="21" dex="30" wit="20" con="43" men="20">
			<vitals hp="2444.46819" hpRegen="7.5" mp="1345.8" mpRegen="2.7"/>
			<attack physical="688.86373" magical="470.40463" random="30" critical="4" accuracy="5" attackSpeed="253" type="SWORD" range="40" distance="80" width="120"/>
			<defence physical="295.91597" magical="216.53847"/>
			<speed>
				<walk ground="50"/>
				<run ground="120"/>
			</speed>
		</stats>
		<status attackable="false"/>
		<skillList>
			<skill id="4045" level="1"/> <!-- Resist Full Magic Attack -->
			<skill id="4408" level="1"/> <!-- HP Increase (1x) -->
			<skill id="4409" level="1"/> <!-- MP Increase (1x) -->
			<skill id="4410" level="11"/> <!-- Average P. Atk. -->
			<skill id="4411" level="11"/> <!-- Average M. Atk. -->
			<skill id="4412" level="11"/> <!-- Average P. Def. -->
			<skill id="4413" level="11"/> <!-- Average M. Def. -->
			<skill id="4414" level="2"/> <!-- Standard Type -->
			<skill id="4415" level="3"/> <!-- One-handed Sword -->
			<skill id="4416" level="14"/> <!-- Humans -->
		</skillList>
		<exCrtEffect>true</exCrtEffect>
		<ai aggroRange="1000" clanHelpRange="300"/>
		<collision>
			<radius normal="8"/>
			<height normal="21.5"/>
		</collision>
	</npc>
	<npc id="30407" level="70" type="Folk" name="Mesella">
		<parameters>
			<param name="MoveAroundSocial" value="0"/>
			<param name="MoveAroundSocial1" value="100"/>
		</parameters>
		<race>HUMAN</race>
		<sex>FEMALE</sex>
		<stats str="40" int="21" dex="30" wit="20" con="43" men="20">
			<vitals hp="2444.46819" hpRegen="7.5" mp="1345.8" mpRegen="2.7"/>
			<attack physical="688.86373" magical="470.40463" random="30" critical="4" accuracy="5" attackSpeed="253" type="SWORD" range="40" distance="80" width="120"/>
			<defence physical="295.91597" magical="216.53847"/>
			<speed>
				<walk ground="50"/>
				<run ground="120"/>
			</speed>
		</stats>
		<status attackable="false"/>
		<skillList>
			<skill id="4045" level="1"/> <!-- Resist Full Magic Attack -->
			<skill id="4408" level="1"/> <!-- HP Increase (1x) -->
			<skill id="4409" level="1"/> <!-- MP Increase (1x) -->
			<skill id="4410" level="11"/> <!-- Average P. Atk. -->
			<skill id="4411" level="11"/> <!-- Average M. Atk. -->
			<skill id="4412" level="11"/> <!-- Average P. Def. -->
			<skill id="4413" level="11"/> <!-- Average M. Def. -->
			<skill id="4414" level="2"/> <!-- Standard Type -->
			<skill id="4415" level="3"/> <!-- One-handed Sword -->
			<skill id="4416" level="14"/> <!-- Humans -->
		</skillList>
		<exCrtEffect>true</exCrtEffect>
		<ai aggroRange="1000" clanHelpRange="300"/>
		<collision>
			<radius normal="8"/>
			<height normal="21.5"/>
		</collision>
	</npc>
	<npc id="30408" level="70" type="Folk" name="Lionel">
		<parameters>
			<param name="MoveAroundSocial" value="0"/>
			<param name="MoveAroundSocial1" value="120"/>
		</parameters>
		<race>HUMAN</race>
		<sex>MALE</sex>
		<stats str="40" int="21" dex="30" wit="20" con="43" men="20">
			<vitals hp="2444.46819" hpRegen="7.5" mp="1345.8" mpRegen="2.7"/>
			<attack physical="688.86373" magical="470.40463" random="30" critical="4" accuracy="5" attackSpeed="253" type="SWORD" range="40" distance="80" width="120"/>
			<defence physical="295.91597" magical="216.53847"/>
			<speed>
				<walk ground="50"/>
				<run ground="120"/>
			</speed>
		</stats>
		<status attackable="false"/>
		<skillList>
			<skill id="4045" level="1"/> <!-- Resist Full Magic Attack -->
			<skill id="4408" level="1"/> <!-- HP Increase (1x) -->
			<skill id="4409" level="1"/> <!-- MP Increase (1x) -->
			<skill id="4410" level="11"/> <!-- Average P. Atk. -->
			<skill id="4411" level="11"/> <!-- Average M. Atk. -->
			<skill id="4412" level="11"/> <!-- Average P. Def. -->
			<skill id="4413" level="11"/> <!-- Average M. Def. -->
			<skill id="4414" level="2"/> <!-- Standard Type -->
			<skill id="4415" level="3"/> <!-- One-handed Sword -->
			<skill id="4416" level="14"/> <!-- Humans -->
		</skillList>
		<exCrtEffect>true</exCrtEffect>
		<ai aggroRange="1000" clanHelpRange="300"/>
		<collision>
			<radius normal="8"/>
			<height normal="21.5"/>
		</collision>
	</npc>
	<npc id="30409" level="70" type="Folk" name="Earth Snake">
		<parameters>
			<param name="MoveAroundSocial" value="0"/>
			<param name="MoveAroundSocial1" value="0"/>
		</parameters>
		<race>ELEMENTAL</race>
		<sex>MALE</sex>
		<stats str="40" int="21" dex="30" wit="20" con="43" men="20">
			<vitals hp="2444.46819" hpRegen="7.5" mp="1345.8" mpRegen="2.7"/>
			<attack physical="688.86373" magical="470.40463" random="30" critical="4" accuracy="5" attackSpeed="253" type="SWORD" range="40" distance="80" width="120"/>
			<defence physical="295.91597" magical="216.53847"/>
			<speed>
				<walk ground="35"/>
				<run ground="100"/>
			</speed>
			<hitTime>390</hitTime>
		</stats>
		<status attackable="false"/>
		<skillList>
			<skill id="4045" level="1"/> <!-- Resist Full Magic Attack -->
			<skill id="4408" level="1"/> <!-- HP Increase (1x) -->
			<skill id="4409" level="1"/> <!-- MP Increase (1x) -->
			<skill id="4410" level="11"/> <!-- Average P. Atk. -->
			<skill id="4411" level="11"/> <!-- Average M. Atk. -->
			<skill id="4412" level="11"/> <!-- Average P. Def. -->
			<skill id="4413" level="11"/> <!-- Average M. Def. -->
			<skill id="4414" level="2"/> <!-- Standard Type -->
			<skill id="4415" level="3"/> <!-- One-handed Sword -->
			<skill id="4416" level="7"/> <!-- Spirits -->
		</skillList>
		<exCrtEffect>true</exCrtEffect>
		<ai aggroRange="1000" clanHelpRange="300"/>
		<collision>
			<radius normal="34"/>
			<height normal="25"/>
		</collision>
	</npc>
	<npc id="30410" level="70" type="Folk" name="Wasteland Lizardman">
		<parameters>
			<param name="MoveAroundSocial" value="58"/>
			<param name="MoveAroundSocial1" value="58"/>
		</parameters>
		<race>HUMANOID</race>
		<sex>MALE</sex>
		<stats str="40" int="21" dex="30" wit="20" con="43" men="20">
			<vitals hp="2444.46819" hpRegen="7.5" mp="1345.8" mpRegen="2.7"/>
			<attack physical="688.86373" magical="470.40463" random="30" critical="4" accuracy="5" attackSpeed="253" type="SWORD" range="40" distance="80" width="120"/>
			<defence physical="295.91597" magical="216.53847"/>
			<speed>
				<walk ground="43"/>
				<run ground="110"/>
			</speed>
			<hitTime>480</hitTime>
		</stats>
		<status attackable="false"/>
		<skillList>
			<skill id="4045" level="1"/> <!-- Resist Full Magic Attack -->
			<skill id="4408" level="1"/> <!-- HP Increase (1x) -->
			<skill id="4409" level="1"/> <!-- MP Increase (1x) -->
			<skill id="4410" level="11"/> <!-- Average P. Atk. -->
			<skill id="4411" level="11"/> <!-- Average M. Atk. -->
			<skill id="4412" level="11"/> <!-- Average P. Def. -->
			<skill id="4413" level="11"/> <!-- Average M. Def. -->
			<skill id="4414" level="2"/> <!-- Standard Type -->
			<skill id="4415" level="3"/> <!-- One-handed Sword -->
			<skill id="4416" level="6"/> <!-- Humanoids -->
		</skillList>
		<exCrtEffect>true</exCrtEffect>
		<ai aggroRange="1000" clanHelpRange="300"/>
		<collision>
			<radius normal="10"/>
			<height normal="23"/>
		</collision>
	</npc>
	<npc id="30411" level="70" type="Folk" name="Flame Salamander">
		<parameters>
			<param name="MoveAroundSocial" value="70"/>
			<param name="MoveAroundSocial1" value="70"/>
		</parameters>
		<race>ELEMENTAL</race>
		<sex>MALE</sex>
		<stats str="40" int="21" dex="30" wit="20" con="43" men="20">
			<vitals hp="2444.46819" hpRegen="7.5" mp="1345.8" mpRegen="2.7"/>
			<attack physical="688.86373" magical="470.40463" random="30" critical="4" accuracy="5" attackSpeed="253" type="SWORD" range="40" distance="80" width="120"/>
			<defence physical="295.91597" magical="216.53847"/>
			<speed>
				<walk ground="64"/>
				<run ground="96"/>
			</speed>
			<hitTime>200</hitTime>
		</stats>
		<status attackable="false"/>
		<skillList>
			<skill id="4045" level="1"/> <!-- Resist Full Magic Attack -->
			<skill id="4408" level="1"/> <!-- HP Increase (1x) -->
			<skill id="4409" level="1"/> <!-- MP Increase (1x) -->
			<skill id="4410" level="11"/> <!-- Average P. Atk. -->
			<skill id="4411" level="11"/> <!-- Average M. Atk. -->
			<skill id="4412" level="11"/> <!-- Average P. Def. -->
			<skill id="4413" level="11"/> <!-- Average M. Def. -->
			<skill id="4414" level="2"/> <!-- Standard Type -->
			<skill id="4415" level="3"/> <!-- One-handed Sword -->
			<skill id="4416" level="7"/> <!-- Spirits -->
		</skillList>
		<exCrtEffect>true</exCrtEffect>
		<ai aggroRange="1000" clanHelpRange="300"/>
		<collision>
			<radius normal="16"/>
			<height normal="6.8"/>
		</collision>
	</npc>
	<npc id="30412" level="70" type="Folk" name="Wind Sylph">
		<parameters>
			<param name="MoveAroundSocial" value="80"/>
			<param name="MoveAroundSocial1" value="80"/>
		</parameters>
		<race>ELEMENTAL</race>
		<sex>FEMALE</sex>
		<stats str="40" int="21" dex="30" wit="20" con="43" men="20">
			<vitals hp="2444.46819" hpRegen="7.5" mp="1345.8" mpRegen="2.7"/>
			<attack physical="688.86373" magical="470.40463" random="30" critical="4" accuracy="5" attackSpeed="253" type="SWORD" range="40" distance="80" width="120"/>
			<defence physical="295.91597" magical="216.53847"/>
			<speed>
				<walk ground="60"/>
				<run ground="60"/>
			</speed>
			<hitTime>560</hitTime>
		</stats>
		<status attackable="false"/>
		<skillList>
			<skill id="4045" level="1"/> <!-- Resist Full Magic Attack -->
			<skill id="4408" level="1"/> <!-- HP Increase (1x) -->
			<skill id="4409" level="1"/> <!-- MP Increase (1x) -->
			<skill id="4410" level="11"/> <!-- Average P. Atk. -->
			<skill id="4411" level="11"/> <!-- Average M. Atk. -->
			<skill id="4412" level="11"/> <!-- Average P. Def. -->
			<skill id="4413" level="11"/> <!-- Average M. Def. -->
			<skill id="4414" level="2"/> <!-- Standard Type -->
			<skill id="4415" level="3"/> <!-- One-handed Sword -->
			<skill id="4416" level="7"/> <!-- Spirits -->
		</skillList>
		<exCrtEffect>true</exCrtEffect>
		<ai aggroRange="1000" clanHelpRange="300"/>
		<collision>
			<radius normal="11"/>
			<height normal="35"/>
		</collision>
	</npc>
	<npc id="30413" level="70" type="Folk" name="Water Undine">
		<parameters>
			<param name="MoveAroundSocial" value="0"/>
			<param name="MoveAroundSocial1" value="0"/>
		</parameters>
		<race>ELEMENTAL</race>
		<sex>FEMALE</sex>
		<stats str="40" int="21" dex="30" wit="20" con="43" men="20">
			<vitals hp="2444.46819" hpRegen="7.5" mp="1345.8" mpRegen="2.7"/>
			<attack physical="688.86373" magical="470.40463" random="30" critical="4" accuracy="5" attackSpeed="253" type="SWORD" range="40" distance="80" width="120"/>
			<defence physical="295.91597" magical="216.53847"/>
			<speed>
				<walk ground="60"/>
				<run ground="60"/>
			</speed>
			<hitTime>350</hitTime>
		</stats>
		<status attackable="false"/>
		<skillList>
			<skill id="4045" level="1"/> <!-- Resist Full Magic Attack -->
			<skill id="4408" level="1"/> <!-- HP Increase (1x) -->
			<skill id="4409" level="1"/> <!-- MP Increase (1x) -->
			<skill id="4410" level="11"/> <!-- Average P. Atk. -->
			<skill id="4411" level="11"/> <!-- Average M. Atk. -->
			<skill id="4412" level="11"/> <!-- Average P. Def. -->
			<skill id="4413" level="11"/> <!-- Average M. Def. -->
			<skill id="4414" level="2"/> <!-- Standard Type -->
			<skill id="4415" level="3"/> <!-- One-handed Sword -->
			<skill id="4416" level="7"/> <!-- Spirits -->
		</skillList>
		<exCrtEffect>true</exCrtEffect>
		<ai aggroRange="1000" clanHelpRange="300"/>
		<collision>
			<radius normal="12"/>
			<height normal="27"/>
		</collision>
	</npc>
	<npc id="30414" level="70" type="Folk" name="Rosella">
		<parameters>
			<param name="MoveAroundSocial" value="0"/>
			<param name="MoveAroundSocial1" value="133"/>
		</parameters>
		<race>ELF</race>
		<sex>FEMALE</sex>
		<stats str="40" int="21" dex="30" wit="20" con="43" men="20">
			<vitals hp="2444.46819" hpRegen="7.5" mp="1345.8" mpRegen="2.7"/>
			<attack physical="688.86373" magical="470.40463" random="30" critical="4" accuracy="5" attackSpeed="253" type="SWORD" range="40" distance="80" width="120"/>
			<defence physical="295.91597" magical="216.53847"/>
			<speed>
				<walk ground="50"/>
				<run ground="120"/>
			</speed>
		</stats>
		<status attackable="false"/>
		<skillList>
			<skill id="4045" level="1"/> <!-- Resist Full Magic Attack -->
			<skill id="4408" level="1"/> <!-- HP Increase (1x) -->
			<skill id="4409" level="1"/> <!-- MP Increase (1x) -->
			<skill id="4410" level="11"/> <!-- Average P. Atk. -->
			<skill id="4411" level="11"/> <!-- Average M. Atk. -->
			<skill id="4412" level="11"/> <!-- Average P. Def. -->
			<skill id="4413" level="11"/> <!-- Average M. Def. -->
			<skill id="4414" level="2"/> <!-- Standard Type -->
			<skill id="4415" level="3"/> <!-- One-handed Sword -->
			<skill id="4416" level="15"/> <!-- Elves -->
		</skillList>
		<exCrtEffect>true</exCrtEffect>
		<ai aggroRange="1000" clanHelpRange="300"/>
		<collision>
			<radius normal="7"/>
			<height normal="25.5"/>
		</collision>
	</npc>
	<npc id="30415" level="70" type="Folk" name="Charkeren">
		<parameters>
			<param name="MoveAroundSocial" value="0"/>
			<param name="MoveAroundSocial1" value="120"/>
		</parameters>
		<race>DARK_ELF</race>
		<sex>MALE</sex>
		<stats str="40" int="21" dex="30" wit="20" con="43" men="20">
			<vitals hp="2444.46819" hpRegen="7.5" mp="1345.8" mpRegen="2.7"/>
			<attack physical="688.86373" magical="470.40463" random="30" critical="4" accuracy="5" attackSpeed="253" type="SWORD" range="40" distance="80" width="120"/>
			<defence physical="295.91597" magical="216.53847"/>
			<speed>
				<walk ground="50"/>
				<run ground="120"/>
			</speed>
		</stats>
		<status attackable="false"/>
		<skillList>
			<skill id="4045" level="1"/> <!-- Resist Full Magic Attack -->
			<skill id="4408" level="1"/> <!-- HP Increase (1x) -->
			<skill id="4409" level="1"/> <!-- MP Increase (1x) -->
			<skill id="4410" level="11"/> <!-- Average P. Atk. -->
			<skill id="4411" level="11"/> <!-- Average M. Atk. -->
			<skill id="4412" level="11"/> <!-- Average P. Def. -->
			<skill id="4413" level="11"/> <!-- Average M. Def. -->
			<skill id="4414" level="2"/> <!-- Standard Type -->
			<skill id="4415" level="3"/> <!-- One-handed Sword -->
			<skill id="4416" level="16"/> <!-- Dark Elves -->
		</skillList>
		<exCrtEffect>true</exCrtEffect>
		<ai aggroRange="1000" clanHelpRange="300"/>
		<collision>
			<radius normal="7"/>
			<height normal="23"/>
		</collision>
	</npc>
	<npc id="30416" level="70" type="Folk" name="Triskel">
		<parameters>
			<param name="MoveAroundSocial" value="0"/>
			<param name="MoveAroundSocial1" value="120"/>
		</parameters>
		<race>DARK_ELF</race>
		<sex>MALE</sex>
		<stats str="40" int="21" dex="30" wit="20" con="43" men="20">
			<vitals hp="2444.46819" hpRegen="7.5" mp="1345.8" mpRegen="2.7"/>
			<attack physical="688.86373" magical="470.40463" random="30" critical="4" accuracy="5" attackSpeed="253" type="SWORD" range="40" distance="80" width="120"/>
			<defence physical="295.91597" magical="216.53847"/>
			<speed>
				<walk ground="50"/>
				<run ground="120"/>
			</speed>
		</stats>
		<status attackable="false"/>
		<skillList>
			<skill id="4045" level="1"/> <!-- Resist Full Magic Attack -->
			<skill id="4408" level="1"/> <!-- HP Increase (1x) -->
			<skill id="4409" level="1"/> <!-- MP Increase (1x) -->
			<skill id="4410" level="11"/> <!-- Average P. Atk. -->
			<skill id="4411" level="11"/> <!-- Average M. Atk. -->
			<skill id="4412" level="11"/> <!-- Average P. Def. -->
			<skill id="4413" level="11"/> <!-- Average M. Def. -->
			<skill id="4414" level="2"/> <!-- Standard Type -->
			<skill id="4415" level="3"/> <!-- One-handed Sword -->
			<skill id="4416" level="16"/> <!-- Dark Elves -->
		</skillList>
		<exCrtEffect>true</exCrtEffect>
		<ai aggroRange="1000" clanHelpRange="300"/>
		<collision>
			<radius normal="7"/>
			<height normal="23"/>
		</collision>
	</npc>
	<npc id="30417" level="70" type="Folk" name="Sir Klaus Vasper">
		<parameters>
			<param name="MoveAroundSocial" value="0"/>
			<param name="MoveAroundSocial1" value="158"/>
		</parameters>
		<race>HUMAN</race>
		<sex>MALE</sex>
		<stats str="40" int="21" dex="30" wit="20" con="43" men="20">
			<vitals hp="2444.46819" hpRegen="7.5" mp="1345.8" mpRegen="2.7"/>
			<attack physical="688.86373" magical="470.40463" random="30" critical="4" accuracy="5" attackSpeed="253" type="SWORD" range="40" distance="80" width="120"/>
			<defence physical="295.91597" magical="216.53847"/>
			<speed>
				<walk ground="50"/>
				<run ground="120"/>
			</speed>
		</stats>
		<status attackable="false"/>
		<skillList>
			<skill id="4045" level="1"/> <!-- Resist Full Magic Attack -->
			<skill id="4408" level="1"/> <!-- HP Increase (1x) -->
			<skill id="4409" level="1"/> <!-- MP Increase (1x) -->
			<skill id="4410" level="11"/> <!-- Average P. Atk. -->
			<skill id="4411" level="11"/> <!-- Average M. Atk. -->
			<skill id="4412" level="11"/> <!-- Average P. Def. -->
			<skill id="4413" level="11"/> <!-- Average M. Def. -->
			<skill id="4414" level="2"/> <!-- Standard Type -->
			<skill id="4415" level="3"/> <!-- One-handed Sword -->
			<skill id="4416" level="14"/> <!-- Humans -->
		</skillList>
		<exCrtEffect>true</exCrtEffect>
		<ai aggroRange="1000" clanHelpRange="300"/>
		<collision>
			<radius normal="7"/>
			<height normal="24"/>
		</collision>
	</npc>
	<npc id="30418" level="70" type="Folk" name="Annika">
		<parameters>
			<param name="MoveAroundSocial" value="0"/>
			<param name="MoveAroundSocial1" value="107"/>
		</parameters>
		<race>DARK_ELF</race>
		<sex>FEMALE</sex>
		<stats str="40" int="21" dex="30" wit="20" con="43" men="20">
			<vitals hp="2444.46819" hpRegen="7.5" mp="1345.8" mpRegen="2.7"/>
			<attack physical="688.86373" magical="470.40463" random="30" critical="4" accuracy="5" attackSpeed="253" type="SWORD" range="40" distance="80" width="120"/>
			<defence physical="295.91597" magical="216.53847"/>
			<speed>
				<walk ground="50"/>
				<run ground="120"/>
			</speed>
		</stats>
		<status attackable="false"/>
		<skillList>
			<skill id="4045" level="1"/> <!-- Resist Full Magic Attack -->
			<skill id="4408" level="1"/> <!-- HP Increase (1x) -->
			<skill id="4409" level="1"/> <!-- MP Increase (1x) -->
			<skill id="4410" level="11"/> <!-- Average P. Atk. -->
			<skill id="4411" level="11"/> <!-- Average M. Atk. -->
			<skill id="4412" level="11"/> <!-- Average P. Def. -->
			<skill id="4413" level="11"/> <!-- Average M. Def. -->
			<skill id="4414" level="2"/> <!-- Standard Type -->
			<skill id="4415" level="3"/> <!-- One-handed Sword -->
			<skill id="4416" level="16"/> <!-- Dark Elves -->
		</skillList>
		<exCrtEffect>true</exCrtEffect>
		<ai aggroRange="1000" clanHelpRange="300"/>
		<collision>
			<radius normal="8"/>
			<height normal="21.5"/>
		</collision>
	</npc>
	<npc id="30419" level="70" type="Folk" name="Arkenia" title="Witch">
		<parameters>
			<param name="MoveAroundSocial" value="0"/>
			<param name="MoveAroundSocial1" value="106"/>
		</parameters>
		<race>DARK_ELF</race>
		<sex>FEMALE</sex>
		<stats str="40" int="21" dex="30" wit="20" con="43" men="20">
			<vitals hp="2444.46819" hpRegen="7.5" mp="1345.8" mpRegen="2.7"/>
			<attack physical="688.86373" magical="470.40463" random="30" critical="4" accuracy="5" attackSpeed="253" type="SWORD" range="40" distance="80" width="120"/>
			<defence physical="295.91597" magical="216.53847"/>
			<speed>
				<walk ground="50"/>
				<run ground="120"/>
			</speed>
		</stats>
		<status attackable="false"/>
		<skillList>
			<skill id="4045" level="1"/> <!-- Resist Full Magic Attack -->
			<skill id="4408" level="1"/> <!-- HP Increase (1x) -->
			<skill id="4409" level="1"/> <!-- MP Increase (1x) -->
			<skill id="4410" level="11"/> <!-- Average P. Atk. -->
			<skill id="4411" level="11"/> <!-- Average M. Atk. -->
			<skill id="4412" level="11"/> <!-- Average P. Def. -->
			<skill id="4413" level="11"/> <!-- Average M. Def. -->
			<skill id="4414" level="2"/> <!-- Standard Type -->
			<skill id="4415" level="3"/> <!-- One-handed Sword -->
			<skill id="4416" level="16"/> <!-- Dark Elves -->
		</skillList>
		<exCrtEffect>true</exCrtEffect>
		<ai aggroRange="1000" clanHelpRange="300"/>
		<collision>
			<radius normal="8"/>
			<height normal="25"/>
		</collision>
	</npc>
	<npc id="30420" level="70" type="Merchant" name="Tyra">
		<parameters>
			<param name="MoveAroundSocial" value="0"/>
			<param name="MoveAroundSocial1" value="90"/>
		</parameters>
		<race>DARK_ELF</race>
		<sex>FEMALE</sex>
		<stats str="40" int="21" dex="30" wit="20" con="43" men="20">
			<vitals hp="2444.46819" hpRegen="7.5" mp="1345.8" mpRegen="2.7"/>
			<attack physical="688.86373" magical="470.40463" random="30" critical="4" accuracy="5" attackSpeed="253" type="SWORD" range="40" distance="80" width="120"/>
			<defence physical="295.91597" magical="216.53847"/>
			<speed>
				<walk ground="50"/>
				<run ground="120"/>
			</speed>
		</stats>
		<status attackable="false"/>
		<skillList>
			<skill id="4045" level="1"/> <!-- Resist Full Magic Attack -->
			<skill id="4408" level="1"/> <!-- HP Increase (1x) -->
			<skill id="4409" level="1"/> <!-- MP Increase (1x) -->
			<skill id="4410" level="11"/> <!-- Average P. Atk. -->
			<skill id="4411" level="11"/> <!-- Average M. Atk. -->
			<skill id="4412" level="11"/> <!-- Average P. Def. -->
			<skill id="4413" level="11"/> <!-- Average M. Def. -->
			<skill id="4414" level="2"/> <!-- Standard Type -->
			<skill id="4415" level="3"/> <!-- One-handed Sword -->
			<skill id="4416" level="16"/> <!-- Dark Elves -->
		</skillList>
		<exCrtEffect>true</exCrtEffect>
		<ai aggroRange="1000" clanHelpRange="300" isAggressive="false"/>
		<collision>
			<radius normal="8"/>
			<height normal="24.5"/>
		</collision>
	</npc>
	<npc id="30421" level="70" type="Folk" name="Varika" title="Witch">
		<parameters>
			<param name="MoveAroundSocial" value="0"/>
			<param name="MoveAroundSocial1" value="106"/>
		</parameters>
		<race>DARK_ELF</race>
		<sex>FEMALE</sex>
		<stats str="40" int="21" dex="30" wit="20" con="43" men="20">
			<vitals hp="2444.46819" hpRegen="7.5" mp="1345.8" mpRegen="2.7"/>
			<attack physical="688.86373" magical="470.40463" random="30" critical="4" accuracy="5" attackSpeed="253" type="SWORD" range="40" distance="80" width="120"/>
			<defence physical="295.91597" magical="216.53847"/>
			<speed>
				<walk ground="50"/>
				<run ground="120"/>
			</speed>
		</stats>
		<status attackable="false"/>
		<skillList>
			<skill id="4045" level="1"/> <!-- Resist Full Magic Attack -->
			<skill id="4408" level="1"/> <!-- HP Increase (1x) -->
			<skill id="4409" level="1"/> <!-- MP Increase (1x) -->
			<skill id="4410" level="11"/> <!-- Average P. Atk. -->
			<skill id="4411" level="11"/> <!-- Average M. Atk. -->
			<skill id="4412" level="11"/> <!-- Average P. Def. -->
			<skill id="4413" level="11"/> <!-- Average M. Def. -->
			<skill id="4414" level="2"/> <!-- Standard Type -->
			<skill id="4415" level="3"/> <!-- One-handed Sword -->
			<skill id="4416" level="16"/> <!-- Dark Elves -->
		</skillList>
		<exCrtEffect>true</exCrtEffect>
		<ai aggroRange="1000" clanHelpRange="300"/>
		<collision>
			<radius normal="8"/>
			<height normal="25"/>
		</collision>
	</npc>
	<npc id="30422" level="70" type="Folk" name="Kalinta" title="Abyssal Celebrant">
		<parameters>
			<param name="MoveAroundSocial" value="0"/>
			<param name="MoveAroundSocial1" value="106"/>
		</parameters>
		<race>DARK_ELF</race>
		<sex>FEMALE</sex>
		<stats str="40" int="21" dex="30" wit="20" con="43" men="20">
			<vitals hp="2444.46819" hpRegen="7.5" mp="1345.8" mpRegen="2.7"/>
			<attack physical="688.86373" magical="470.40463" random="30" critical="4" accuracy="5" attackSpeed="253" type="SWORD" range="40" distance="80" width="120"/>
			<defence physical="295.91597" magical="216.53847"/>
			<speed>
				<walk ground="50"/>
				<run ground="120"/>
			</speed>
		</stats>
		<status attackable="false"/>
		<skillList>
			<skill id="4045" level="1"/> <!-- Resist Full Magic Attack -->
			<skill id="4408" level="1"/> <!-- HP Increase (1x) -->
			<skill id="4409" level="1"/> <!-- MP Increase (1x) -->
			<skill id="4410" level="11"/> <!-- Average P. Atk. -->
			<skill id="4411" level="11"/> <!-- Average M. Atk. -->
			<skill id="4412" level="11"/> <!-- Average P. Def. -->
			<skill id="4413" level="11"/> <!-- Average M. Def. -->
			<skill id="4414" level="2"/> <!-- Standard Type -->
			<skill id="4415" level="3"/> <!-- One-handed Sword -->
			<skill id="4416" level="16"/> <!-- Dark Elves -->
		</skillList>
		<exCrtEffect>true</exCrtEffect>
		<ai aggroRange="1000" clanHelpRange="300"/>
		<collision>
			<radius normal="8"/>
			<height normal="25"/>
		</collision>
	</npc>
	<npc id="30423" level="70" type="Folk" name="Northwind">
		<parameters>
			<param name="MoveAroundSocial" value="0"/>
			<param name="MoveAroundSocial1" value="130"/>
		</parameters>
		<race>ELF</race>
		<sex>MALE</sex>
		<stats str="40" int="21" dex="30" wit="20" con="43" men="20">
			<vitals hp="2444.46819" hpRegen="7.5" mp="1345.8" mpRegen="2.7"/>
			<attack physical="688.86373" magical="470.40463" random="30" critical="4" accuracy="5" attackSpeed="253" type="SWORD" range="40" distance="80" width="120"/>
			<defence physical="295.91597" magical="216.53847"/>
			<speed>
				<walk ground="50"/>
				<run ground="120"/>
			</speed>
		</stats>
		<status attackable="false"/>
		<skillList>
			<skill id="4045" level="1"/> <!-- Resist Full Magic Attack -->
			<skill id="4408" level="1"/> <!-- HP Increase (1x) -->
			<skill id="4409" level="1"/> <!-- MP Increase (1x) -->
			<skill id="4410" level="11"/> <!-- Average P. Atk. -->
			<skill id="4411" level="11"/> <!-- Average M. Atk. -->
			<skill id="4412" level="11"/> <!-- Average P. Def. -->
			<skill id="4413" level="11"/> <!-- Average M. Def. -->
			<skill id="4414" level="2"/> <!-- Standard Type -->
			<skill id="4415" level="3"/> <!-- One-handed Sword -->
			<skill id="4416" level="15"/> <!-- Elves -->
		</skillList>
		<exCrtEffect>true</exCrtEffect>
		<ai aggroRange="1000" clanHelpRange="300"/>
		<collision>
			<radius normal="6"/>
			<height normal="21"/>
		</collision>
	</npc>
	<npc id="30424" level="70" type="Folk" name="Allana">
		<parameters>
			<param name="MoveAroundSocial" value="0"/>
			<param name="MoveAroundSocial1" value="120"/>
			<minions name="Privates">
				<npc id="27032" count="1" respawnTime="10" weightPoint="1"/> <!-- Lizardman Warrior -->
				<npc id="27033" count="1" respawnTime="10" weightPoint="1"/> <!-- Lizardman Scout -->
				<npc id="27034" count="1" respawnTime="10" weightPoint="1"/> <!-- Lizardman Soldier -->
			</minions>
		</parameters>
		<race>HUMAN</race>
		<sex>FEMALE</sex>
		<stats str="40" int="21" dex="30" wit="20" con="43" men="20">
			<vitals hp="2444.46819" hpRegen="7.5" mp="1345.8" mpRegen="2.7"/>
			<attack physical="688.86373" magical="470.40463" random="30" critical="4" accuracy="5" attackSpeed="253" type="SWORD" range="40" distance="80" width="120"/>
			<defence physical="295.91597" magical="216.53847"/>
			<speed>
				<walk ground="50"/>
				<run ground="120"/>
			</speed>
		</stats>
		<status attackable="false"/>
		<skillList>
			<skill id="4045" level="1"/> <!-- Resist Full Magic Attack -->
			<skill id="4408" level="1"/> <!-- HP Increase (1x) -->
			<skill id="4409" level="1"/> <!-- MP Increase (1x) -->
			<skill id="4410" level="11"/> <!-- Average P. Atk. -->
			<skill id="4411" level="11"/> <!-- Average M. Atk. -->
			<skill id="4412" level="11"/> <!-- Average P. Def. -->
			<skill id="4413" level="11"/> <!-- Average M. Def. -->
			<skill id="4414" level="2"/> <!-- Standard Type -->
			<skill id="4415" level="3"/> <!-- One-handed Sword -->
			<skill id="4416" level="14"/> <!-- Humans -->
		</skillList>
		<exCrtEffect>true</exCrtEffect>
		<ai aggroRange="1000" clanHelpRange="300"/>
		<collision>
			<radius normal="8"/>
			<height normal="22.5"/>
		</collision>
	</npc>
	<npc id="30425" level="70" type="Folk" name="Neti">
		<parameters>
			<param name="MoveAroundSocial" value="0"/>
			<param name="MoveAroundSocial1" value="100"/>
		</parameters>
		<race>HUMAN</race>
		<sex>FEMALE</sex>
		<stats str="40" int="21" dex="30" wit="20" con="43" men="20">
			<vitals hp="2444.46819" hpRegen="7.5" mp="1345.8" mpRegen="2.7"/>
			<attack physical="688.86373" magical="470.40463" random="30" critical="4" accuracy="5" attackSpeed="253" type="SWORD" range="40" distance="80" width="120"/>
			<defence physical="295.91597" magical="216.53847"/>
			<speed>
				<walk ground="50"/>
				<run ground="120"/>
			</speed>
		</stats>
		<status attackable="false"/>
		<skillList>
			<skill id="4045" level="1"/> <!-- Resist Full Magic Attack -->
			<skill id="4408" level="1"/> <!-- HP Increase (1x) -->
			<skill id="4409" level="1"/> <!-- MP Increase (1x) -->
			<skill id="4410" level="11"/> <!-- Average P. Atk. -->
			<skill id="4411" level="11"/> <!-- Average M. Atk. -->
			<skill id="4412" level="11"/> <!-- Average P. Def. -->
			<skill id="4413" level="11"/> <!-- Average M. Def. -->
			<skill id="4414" level="2"/> <!-- Standard Type -->
			<skill id="4415" level="3"/> <!-- One-handed Sword -->
			<skill id="4416" level="14"/> <!-- Humans -->
		</skillList>
		<exCrtEffect>true</exCrtEffect>
		<ai aggroRange="1000" clanHelpRange="300"/>
		<collision>
			<radius normal="8"/>
			<height normal="21.5"/>
		</collision>
	</npc>
	<npc id="30426" level="70" type="Folk" name="Prias">
		<parameters>
			<param name="MoveAroundSocial" value="0"/>
			<param name="MoveAroundSocial1" value="120"/>
		</parameters>
		<race>HUMAN</race>
		<sex>MALE</sex>
		<stats str="40" int="21" dex="30" wit="20" con="43" men="20">
			<vitals hp="2444.46819" hpRegen="7.5" mp="1345.8" mpRegen="2.7"/>
			<attack physical="688.86373" magical="470.40463" random="30" critical="4" accuracy="5" attackSpeed="253" type="SWORD" range="40" distance="80" width="120"/>
			<defence physical="295.91597" magical="216.53847"/>
			<speed>
				<walk ground="50"/>
				<run ground="120"/>
			</speed>
		</stats>
		<status attackable="false"/>
		<skillList>
			<skill id="4045" level="1"/> <!-- Resist Full Magic Attack -->
			<skill id="4408" level="1"/> <!-- HP Increase (1x) -->
			<skill id="4409" level="1"/> <!-- MP Increase (1x) -->
			<skill id="4410" level="11"/> <!-- Average P. Atk. -->
			<skill id="4411" level="11"/> <!-- Average M. Atk. -->
			<skill id="4412" level="11"/> <!-- Average P. Def. -->
			<skill id="4413" level="11"/> <!-- Average M. Def. -->
			<skill id="4414" level="2"/> <!-- Standard Type -->
			<skill id="4415" level="3"/> <!-- One-handed Sword -->
			<skill id="4416" level="14"/> <!-- Humans -->
		</skillList>
		<exCrtEffect>true</exCrtEffect>
		<ai aggroRange="1000" clanHelpRange="300"/>
		<collision>
			<radius normal="8"/>
			<height normal="23"/>
		</collision>
	</npc>
	<npc id="30427" level="70" type="Teleporter" name="Siff" title="Gatekeeper">
		<parameters>
			<param name="MoveAroundSocial" value="0"/>
			<param name="MoveAroundSocial1" value="90"/>
		</parameters>
		<race>HUMAN</race>
		<sex>FEMALE</sex>
		<stats str="40" int="21" dex="30" wit="20" con="43" men="20">
			<vitals hp="2444.46819" hpRegen="7.5" mp="1345.8" mpRegen="2.7"/>
			<attack physical="688.86373" magical="470.40463" random="30" critical="4" accuracy="5" attackSpeed="253" type="SWORD" range="40" distance="80" width="120"/>
			<defence physical="295.91597" magical="216.53847"/>
			<speed>
				<walk ground="50"/>
				<run ground="120"/>
			</speed>
		</stats>
		<status attackable="false"/>
		<skillList>
			<skill id="4045" level="1"/> <!-- Resist Full Magic Attack -->
			<skill id="4408" level="1"/> <!-- HP Increase (1x) -->
			<skill id="4409" level="1"/> <!-- MP Increase (1x) -->
			<skill id="4410" level="11"/> <!-- Average P. Atk. -->
			<skill id="4411" level="11"/> <!-- Average M. Atk. -->
			<skill id="4412" level="11"/> <!-- Average P. Def. -->
			<skill id="4413" level="11"/> <!-- Average M. Def. -->
			<skill id="4414" level="2"/> <!-- Standard Type -->
			<skill id="4415" level="3"/> <!-- One-handed Sword -->
			<skill id="4416" level="14"/> <!-- Humans -->
		</skillList>
		<exCrtEffect>true</exCrtEffect>
		<ai aggroRange="1000" clanHelpRange="300" isAggressive="false"/>
		<collision>
			<radius normal="8"/>
			<height normal="25"/>
		</collision>
	</npc>
	<npc id="30428" level="70" type="Folk" name="Perrin">
		<parameters>
			<param name="MoveAroundSocial" value="0"/>
			<param name="MoveAroundSocial1" value="110"/>
		</parameters>
		<race>HUMAN</race>
		<sex>MALE</sex>
		<stats str="40" int="21" dex="30" wit="20" con="43" men="20">
			<vitals hp="2444.46819" hpRegen="7.5" mp="1345.8" mpRegen="2.7"/>
			<attack physical="688.86373" magical="470.40463" random="30" critical="4" accuracy="5" attackSpeed="253" type="SWORD" range="40" distance="80" width="120"/>
			<defence physical="295.91597" magical="216.53847"/>
			<speed>
				<walk ground="50"/>
				<run ground="120"/>
			</speed>
		</stats>
		<status attackable="false"/>
		<skillList>
			<skill id="4045" level="1"/> <!-- Resist Full Magic Attack -->
			<skill id="4408" level="1"/> <!-- HP Increase (1x) -->
			<skill id="4409" level="1"/> <!-- MP Increase (1x) -->
			<skill id="4410" level="11"/> <!-- Average P. Atk. -->
			<skill id="4411" level="11"/> <!-- Average M. Atk. -->
			<skill id="4412" level="11"/> <!-- Average P. Def. -->
			<skill id="4413" level="11"/> <!-- Average M. Def. -->
			<skill id="4414" level="2"/> <!-- Standard Type -->
			<skill id="4415" level="3"/> <!-- One-handed Sword -->
			<skill id="4416" level="14"/> <!-- Humans -->
		</skillList>
		<exCrtEffect>true</exCrtEffect>
		<ai aggroRange="1000" clanHelpRange="300"/>
		<collision>
			<radius normal="8"/>
			<height normal="23"/>
		</collision>
	</npc>
	<npc id="30429" level="70" type="Teleporter" name="Tiramisa" title="Gatekeeper">
		<parameters>
			<param name="MoveAroundSocial" value="0"/>
			<param name="MoveAroundSocial1" value="90"/>
		</parameters>
		<race>HUMAN</race>
		<sex>FEMALE</sex>
		<stats str="40" int="21" dex="30" wit="20" con="43" men="20">
			<vitals hp="2444.46819" hpRegen="7.5" mp="1345.8" mpRegen="2.7"/>
			<attack physical="688.86373" magical="470.40463" random="30" critical="4" accuracy="5" attackSpeed="253" type="SWORD" range="40" distance="80" width="120"/>
			<defence physical="295.91597" magical="216.53847"/>
			<speed>
				<walk ground="50"/>
				<run ground="120"/>
			</speed>
		</stats>
		<status attackable="false"/>
		<skillList>
			<skill id="4045" level="1"/> <!-- Resist Full Magic Attack -->
			<skill id="4408" level="1"/> <!-- HP Increase (1x) -->
			<skill id="4409" level="1"/> <!-- MP Increase (1x) -->
			<skill id="4410" level="11"/> <!-- Average P. Atk. -->
			<skill id="4411" level="11"/> <!-- Average M. Atk. -->
			<skill id="4412" level="11"/> <!-- Average P. Def. -->
			<skill id="4413" level="11"/> <!-- Average M. Def. -->
			<skill id="4414" level="2"/> <!-- Standard Type -->
			<skill id="4415" level="3"/> <!-- One-handed Sword -->
			<skill id="4416" level="14"/> <!-- Humans -->
		</skillList>
		<exCrtEffect>true</exCrtEffect>
		<ai aggroRange="1000" clanHelpRange="300" isAggressive="false"/>
		<collision>
			<radius normal="8"/>
			<height normal="25"/>
		</collision>
	</npc>
	<npc id="30430" level="80" type="Guard" name="Trionell" title="Sentinel">
		<parameters>
			<param name="MoveAroundSocial" value="0"/>
			<param name="MoveAroundSocial1" value="79"/>
		</parameters>
		<race>ELF</race>
		<sex>MALE</sex>
		<equipment rhand="130"/> <!-- rhand: Elven Sword -->
		<stats str="40" int="21" dex="30" wit="20" con="43" men="20">
			<vitals hp="3290.11306877694" hpRegen="8.5" mp="1674.8" mpRegen="3"/>
			<attack physical="970.537548504614" magical="662.751329129412" random="30" critical="4" accuracy="5" attackSpeed="253" type="SWORD" range="40" distance="80" width="120"/>
			<defence physical="341.375" magical="249.80341"/>
			<speed>
				<walk ground="50"/>
				<run ground="160"/>
			</speed>
		</stats>
		<status attackable="false" undying="false"/>
		<skillList>
			<skill id="4045" level="1"/> <!-- Resist Full Magic Attack -->
			<skill id="4408" level="1"/> <!-- HP Increase (1x) -->
			<skill id="4409" level="1"/> <!-- MP Increase (1x) -->
			<skill id="4410" level="16"/> <!-- Very Strong P. Atk. -->
			<skill id="4411" level="16"/> <!-- Very Strong M. Atk. -->
			<skill id="4412" level="16"/> <!-- Very Strong P. Def. -->
			<skill id="4413" level="16"/> <!-- Very Strong M. Def. -->
			<skill id="4414" level="2"/> <!-- Standard Type -->
			<skill id="4415" level="3"/> <!-- One-handed Sword -->
			<skill id="4416" level="15"/> <!-- Elves -->
		</skillList>
		<exCrtEffect>true</exCrtEffect>
		<ai aggroRange="1000" clanHelpRange="300"/>
		<collision>
			<radius normal="8"/>
			<height normal="23.5"/>
		</collision>
	</npc>
	<npc id="30431" level="80" type="Guard" name="Eriel" title="Sentinel">
		<parameters>
			<param name="MoveAroundSocial" value="0"/>
			<param name="MoveAroundSocial1" value="79"/>
		</parameters>
		<race>ELF</race>
		<sex>MALE</sex>
		<equipment rhand="130"/> <!-- rhand: Elven Sword -->
		<stats str="40" int="21" dex="30" wit="20" con="43" men="20">
			<vitals hp="3290.11306877694" hpRegen="8.5" mp="1674.8" mpRegen="3"/>
			<attack physical="970.537548504614" magical="662.751329129412" random="30" critical="4" accuracy="5" attackSpeed="253" type="SWORD" range="40" distance="80" width="120"/>
			<defence physical="341.375" magical="249.80341"/>
			<speed>
				<walk ground="50"/>
				<run ground="160"/>
			</speed>
		</stats>
		<status attackable="false" undying="false"/>
		<skillList>
			<skill id="4045" level="1"/> <!-- Resist Full Magic Attack -->
			<skill id="4408" level="1"/> <!-- HP Increase (1x) -->
			<skill id="4409" level="1"/> <!-- MP Increase (1x) -->
			<skill id="4410" level="16"/> <!-- Very Strong P. Atk. -->
			<skill id="4411" level="16"/> <!-- Very Strong M. Atk. -->
			<skill id="4412" level="16"/> <!-- Very Strong P. Def. -->
			<skill id="4413" level="16"/> <!-- Very Strong M. Def. -->
			<skill id="4414" level="2"/> <!-- Standard Type -->
			<skill id="4415" level="3"/> <!-- One-handed Sword -->
			<skill id="4416" level="15"/> <!-- Elves -->
		</skillList>
		<exCrtEffect>true</exCrtEffect>
		<ai aggroRange="1000" clanHelpRange="300"/>
		<collision>
			<radius normal="8"/>
			<height normal="23.5"/>
		</collision>
	</npc>
	<npc id="30432" level="80" type="Guard" name="Irene" title="Sentry">
		<parameters>
			<param name="MoveAroundSocial" value="0"/>
			<param name="MoveAroundSocial1" value="120"/>
		</parameters>
		<race>DARK_ELF</race>
		<sex>FEMALE</sex>
		<equipment rhand="132"/> <!-- rhand: Sword of Limit -->
		<stats str="40" int="21" dex="30" wit="20" con="43" men="20">
			<vitals hp="3290.11306877694" hpRegen="8.5" mp="1674.8" mpRegen="3"/>
			<attack physical="970.537548504614" magical="662.751329129412" random="30" critical="4" accuracy="5" attackSpeed="253" type="SWORD" range="40" distance="80" width="120"/>
			<defence physical="341.375" magical="249.80341"/>
			<speed>
				<walk ground="50"/>
				<run ground="160"/>
			</speed>
		</stats>
		<status attackable="false" undying="false"/>
		<skillList>
			<skill id="4045" level="1"/> <!-- Resist Full Magic Attack -->
			<skill id="4408" level="1"/> <!-- HP Increase (1x) -->
			<skill id="4409" level="1"/> <!-- MP Increase (1x) -->
			<skill id="4410" level="16"/> <!-- Very Strong P. Atk. -->
			<skill id="4411" level="16"/> <!-- Very Strong M. Atk. -->
			<skill id="4412" level="16"/> <!-- Very Strong P. Def. -->
			<skill id="4413" level="16"/> <!-- Very Strong M. Def. -->
			<skill id="4414" level="2"/> <!-- Standard Type -->
			<skill id="4415" level="3"/> <!-- One-handed Sword -->
			<skill id="4416" level="16"/> <!-- Dark Elves -->
		</skillList>
		<exCrtEffect>true</exCrtEffect>
		<ai aggroRange="1000" clanHelpRange="300"/>
		<collision>
			<radius normal="7"/>
			<height normal="25"/>
		</collision>
	</npc>
	<npc id="30433" level="80" type="Guard" name="Kathaway" title="Sentry">
		<parameters>
			<param name="MoveAroundSocial" value="0"/>
			<param name="MoveAroundSocial1" value="120"/>
		</parameters>
		<race>DARK_ELF</race>
		<sex>FEMALE</sex>
		<equipment rhand="132"/> <!-- rhand: Sword of Limit -->
		<stats str="40" int="21" dex="30" wit="20" con="43" men="20">
			<vitals hp="3290.11306877694" hpRegen="8.5" mp="1674.8" mpRegen="3"/>
			<attack physical="970.537548504614" magical="662.751329129412" random="30" critical="4" accuracy="5" attackSpeed="253" type="SWORD" range="40" distance="80" width="120"/>
			<defence physical="341.375" magical="249.80341"/>
			<speed>
				<walk ground="50"/>
				<run ground="160"/>
			</speed>
		</stats>
		<status attackable="false" undying="false"/>
		<skillList>
			<skill id="4045" level="1"/> <!-- Resist Full Magic Attack -->
			<skill id="4408" level="1"/> <!-- HP Increase (1x) -->
			<skill id="4409" level="1"/> <!-- MP Increase (1x) -->
			<skill id="4410" level="16"/> <!-- Very Strong P. Atk. -->
			<skill id="4411" level="16"/> <!-- Very Strong M. Atk. -->
			<skill id="4412" level="16"/> <!-- Very Strong P. Def. -->
			<skill id="4413" level="16"/> <!-- Very Strong M. Def. -->
			<skill id="4414" level="2"/> <!-- Standard Type -->
			<skill id="4415" level="3"/> <!-- One-handed Sword -->
			<skill id="4416" level="16"/> <!-- Dark Elves -->
		</skillList>
		<exCrtEffect>true</exCrtEffect>
		<ai aggroRange="1000" clanHelpRange="300"/>
		<collision>
			<radius normal="7"/>
			<height normal="25"/>
		</collision>
	</npc>
	<npc id="30434" level="70" type="Folk" name="Samed">
		<parameters>
			<param name="MoveAroundSocial" value="0"/>
			<param name="MoveAroundSocial1" value="120"/>
		</parameters>
		<race>HUMAN</race>
		<sex>MALE</sex>
		<stats str="40" int="21" dex="30" wit="20" con="43" men="20">
			<vitals hp="2444.46819" hpRegen="7.5" mp="1345.8" mpRegen="2.7"/>
			<attack physical="688.86373" magical="470.40463" random="30" critical="4" accuracy="5" attackSpeed="253" type="SWORD" range="40" distance="80" width="120"/>
			<defence physical="295.91597" magical="216.53847"/>
			<speed>
				<walk ground="50"/>
				<run ground="120"/>
			</speed>
		</stats>
		<status attackable="false"/>
		<skillList>
			<skill id="4045" level="1"/> <!-- Resist Full Magic Attack -->
			<skill id="4408" level="1"/> <!-- HP Increase (1x) -->
			<skill id="4409" level="1"/> <!-- MP Increase (1x) -->
			<skill id="4410" level="11"/> <!-- Average P. Atk. -->
			<skill id="4411" level="11"/> <!-- Average M. Atk. -->
			<skill id="4412" level="11"/> <!-- Average P. Def. -->
			<skill id="4413" level="11"/> <!-- Average M. Def. -->
			<skill id="4414" level="2"/> <!-- Standard Type -->
			<skill id="4415" level="3"/> <!-- One-handed Sword -->
			<skill id="4416" level="14"/> <!-- Humans -->
		</skillList>
		<exCrtEffect>true</exCrtEffect>
		<ai aggroRange="1000" clanHelpRange="300"/>
		<collision>
			<radius normal="8"/>
			<height normal="23"/>
		</collision>
	</npc>
	<npc id="30435" level="70" type="Folk" name="Leopold">
		<parameters>
			<param name="MoveAroundSocial" value="0"/>
			<param name="MoveAroundSocial1" value="130"/>
		</parameters>
		<race>HUMAN</race>
		<sex>MALE</sex>
		<stats str="40" int="21" dex="30" wit="20" con="43" men="20">
			<vitals hp="2444.46819" hpRegen="7.5" mp="1345.8" mpRegen="2.7"/>
			<attack physical="688.86373" magical="470.40463" random="30" critical="4" accuracy="5" attackSpeed="253" type="SWORD" range="40" distance="80" width="120"/>
			<defence physical="295.91597" magical="216.53847"/>
			<speed>
				<walk ground="50"/>
				<run ground="120"/>
			</speed>
		</stats>
		<status attackable="false"/>
		<skillList>
			<skill id="4045" level="1"/> <!-- Resist Full Magic Attack -->
			<skill id="4408" level="1"/> <!-- HP Increase (1x) -->
			<skill id="4409" level="1"/> <!-- MP Increase (1x) -->
			<skill id="4410" level="11"/> <!-- Average P. Atk. -->
			<skill id="4411" level="11"/> <!-- Average M. Atk. -->
			<skill id="4412" level="11"/> <!-- Average P. Def. -->
			<skill id="4413" level="11"/> <!-- Average M. Def. -->
			<skill id="4414" level="2"/> <!-- Standard Type -->
			<skill id="4415" level="3"/> <!-- One-handed Sword -->
			<skill id="4416" level="14"/> <!-- Humans -->
		</skillList>
		<exCrtEffect>true</exCrtEffect>
		<ai aggroRange="1000" clanHelpRange="300"/>
		<collision>
			<radius normal="8"/>
			<height normal="23"/>
		</collision>
	</npc>
	<npc id="30436" level="70" type="Merchant" name="Sarien" title="Trader">
		<parameters>
			<param name="MoveAroundSocial" value="0"/>
			<param name="MoveAroundSocial1" value="110"/>
		</parameters>
		<race>HUMAN</race>
		<sex>MALE</sex>
		<stats str="40" int="21" dex="30" wit="20" con="43" men="20">
			<vitals hp="2444.46819" hpRegen="7.5" mp="1345.8" mpRegen="2.7"/>
			<attack physical="688.86373" magical="470.40463" random="30" critical="4" accuracy="5" attackSpeed="253" type="SWORD" range="40" distance="80" width="120"/>
			<defence physical="295.91597" magical="216.53847"/>
			<speed>
				<walk ground="50"/>
				<run ground="120"/>
			</speed>
		</stats>
		<status attackable="false"/>
		<skillList>
			<skill id="4045" level="1"/> <!-- Resist Full Magic Attack -->
			<skill id="4408" level="1"/> <!-- HP Increase (1x) -->
			<skill id="4409" level="1"/> <!-- MP Increase (1x) -->
			<skill id="4410" level="11"/> <!-- Average P. Atk. -->
			<skill id="4411" level="11"/> <!-- Average M. Atk. -->
			<skill id="4412" level="11"/> <!-- Average P. Def. -->
			<skill id="4413" level="11"/> <!-- Average M. Def. -->
			<skill id="4414" level="2"/> <!-- Standard Type -->
			<skill id="4415" level="3"/> <!-- One-handed Sword -->
			<skill id="4416" level="14"/> <!-- Humans -->
		</skillList>
		<exCrtEffect>true</exCrtEffect>
		<ai aggroRange="1000" clanHelpRange="300" isAggressive="false"/>
		<collision>
			<radius normal="10"/>
			<height normal="24"/>
		</collision>
	</npc>
	<npc id="30437" level="70" type="Merchant" name="Rolento" title="Trader">
		<parameters>
			<param name="MoveAroundSocial" value="0"/>
			<param name="MoveAroundSocial1" value="104"/>
		</parameters>
		<race>DWARF</race>
		<sex>MALE</sex>
		<stats str="40" int="21" dex="30" wit="20" con="43" men="20">
			<vitals hp="2444.46819" hpRegen="7.5" mp="1345.8" mpRegen="2.7"/>
			<attack physical="688.86373" magical="470.40463" random="30" critical="4" accuracy="5" attackSpeed="253" type="SWORD" range="40" distance="80" width="120"/>
			<defence physical="295.91597" magical="216.53847"/>
			<speed>
				<walk ground="50"/>
				<run ground="120"/>
			</speed>
		</stats>
		<status attackable="false"/>
		<skillList>
			<skill id="4045" level="1"/> <!-- Resist Full Magic Attack -->
			<skill id="4408" level="1"/> <!-- HP Increase (1x) -->
			<skill id="4409" level="1"/> <!-- MP Increase (1x) -->
			<skill id="4410" level="11"/> <!-- Average P. Atk. -->
			<skill id="4411" level="11"/> <!-- Average M. Atk. -->
			<skill id="4412" level="11"/> <!-- Average P. Def. -->
			<skill id="4413" level="11"/> <!-- Average M. Def. -->
			<skill id="4414" level="2"/> <!-- Standard Type -->
			<skill id="4415" level="3"/> <!-- One-handed Sword -->
			<skill id="4416" level="18"/> <!-- Dwarves -->
		</skillList>
		<exCrtEffect>true</exCrtEffect>
		<ai aggroRange="1000" clanHelpRange="300" isAggressive="false"/>
		<collision>
			<radius normal="8"/>
			<height normal="17.5"/>
		</collision>
	</npc>
	<npc id="30452" level="80" type="Guard" name="Kurt" title="Guard">
		<parameters>
			<param name="MoveAroundSocial" value="0"/>
			<param name="MoveAroundSocial1" value="92"/>
		</parameters>
		<race>HUMAN</race>
		<sex>MALE</sex>
		<equipment rhand="2" lhand="20"/> <!-- rhand: Long Sword lhand: Buckler -->
		<stats str="40" int="21" dex="30" wit="20" con="43" men="20">
			<vitals hp="3290.11306877694" hpRegen="8.5" mp="1674.8" mpRegen="3"/>
			<attack physical="970.537548504614" magical="662.751329129412" random="30" critical="4" accuracy="5" attackSpeed="253" type="SWORD" range="40" distance="80" width="120"/>
			<defence physical="341.375" magical="249.80341" shield="148" shieldRate="20"/>
			<speed>
				<walk ground="50"/>
				<run ground="160"/>
			</speed>
		</stats>
		<status attackable="false" undying="false"/>
		<skillList>
			<skill id="4045" level="1"/> <!-- Resist Full Magic Attack -->
			<skill id="4408" level="1"/> <!-- HP Increase (1x) -->
			<skill id="4409" level="1"/> <!-- MP Increase (1x) -->
			<skill id="4410" level="16"/> <!-- Very Strong P. Atk. -->
			<skill id="4411" level="16"/> <!-- Very Strong M. Atk. -->
			<skill id="4412" level="16"/> <!-- Very Strong P. Def. -->
			<skill id="4413" level="16"/> <!-- Very Strong M. Def. -->
			<skill id="4414" level="2"/> <!-- Standard Type -->
			<skill id="4415" level="3"/> <!-- One-handed Sword -->
			<skill id="4416" level="14"/> <!-- Humans -->
		</skillList>
		<exCrtEffect>true</exCrtEffect>
		<ai aggroRange="1000" clanHelpRange="300"/>
		<collision>
			<radius normal="8"/>
			<height normal="24"/>
		</collision>
	</npc>
	<npc id="30458" level="70" type="Trainer" name="Poitan" title="Blacksmith">
		<parameters>
			<param name="MoveAroundSocial" value="0"/>
			<param name="MoveAroundSocial1" value="93"/>
		</parameters>
		<race>DWARF</race>
		<sex>MALE</sex>
		<equipment rhand="89"/> <!-- rhand: Big Hammer -->
		<stats str="40" int="21" dex="30" wit="20" con="43" men="20">
			<vitals hp="2444.46819" hpRegen="7.5" mp="1345.8" mpRegen="2.7"/>
			<attack physical="688.86373" magical="470.40463" random="30" critical="4" accuracy="5" attackSpeed="253" type="SWORD" range="40" distance="80" width="120"/>
			<defence physical="295.91597" magical="216.53847"/>
			<speed>
				<walk ground="50"/>
				<run ground="120"/>
			</speed>
		</stats>
		<status attackable="false"/>
		<skillList>
			<skill id="4045" level="1"/> <!-- Resist Full Magic Attack -->
			<skill id="4408" level="1"/> <!-- HP Increase (1x) -->
			<skill id="4409" level="1"/> <!-- MP Increase (1x) -->
			<skill id="4410" level="11"/> <!-- Average P. Atk. -->
			<skill id="4411" level="11"/> <!-- Average M. Atk. -->
			<skill id="4412" level="11"/> <!-- Average P. Def. -->
			<skill id="4413" level="11"/> <!-- Average M. Def. -->
			<skill id="4414" level="2"/> <!-- Standard Type -->
			<skill id="4415" level="3"/> <!-- One-handed Sword -->
			<skill id="4416" level="18"/> <!-- Dwarves -->
		</skillList>
		<exCrtEffect>true</exCrtEffect>
		<ai aggroRange="1000" clanHelpRange="300" isAggressive="false"/>
		<collision>
			<radius normal="7"/>
			<height normal="16.5"/>
		</collision>
	</npc>
	<npc id="30459" level="70" type="Trainer" name="Wandius" title="Master">
		<parameters>
			<param name="MoveAroundSocial" value="0"/>
			<param name="MoveAroundSocial1" value="187"/>
		</parameters>
		<race>ELF</race>
		<sex>MALE</sex>
		<stats str="40" int="21" dex="30" wit="20" con="43" men="20">
			<vitals hp="2444.46819" hpRegen="7.5" mp="1345.8" mpRegen="2.7"/>
			<attack physical="688.86373" magical="470.40463" random="30" critical="4" accuracy="5" attackSpeed="253" type="SWORD" range="40" distance="80" width="120"/>
			<defence physical="295.91597" magical="216.53847"/>
			<speed>
				<walk ground="50"/>
				<run ground="120"/>
			</speed>
		</stats>
		<status attackable="false"/>
		<skillList>
			<skill id="4045" level="1"/> <!-- Resist Full Magic Attack -->
			<skill id="4408" level="1"/> <!-- HP Increase (1x) -->
			<skill id="4409" level="1"/> <!-- MP Increase (1x) -->
			<skill id="4410" level="11"/> <!-- Average P. Atk. -->
			<skill id="4411" level="11"/> <!-- Average M. Atk. -->
			<skill id="4412" level="11"/> <!-- Average P. Def. -->
			<skill id="4413" level="11"/> <!-- Average M. Def. -->
			<skill id="4414" level="2"/> <!-- Standard Type -->
			<skill id="4415" level="3"/> <!-- One-handed Sword -->
			<skill id="4416" level="15"/> <!-- Elves -->
		</skillList>
		<exCrtEffect>true</exCrtEffect>
		<ai aggroRange="1000" clanHelpRange="300" isAggressive="false"/>
		<collision>
			<radius normal="7"/>
			<height normal="22.5"/>
		</collision>
	</npc>
	<npc id="30460" level="70" type="Trainer" name="Cardien" title="Master">
		<parameters>
			<param name="MoveAroundSocial" value="0"/>
			<param name="MoveAroundSocial1" value="123"/>
		</parameters>
		<race>ELF</race>
		<sex>FEMALE</sex>
		<stats str="40" int="21" dex="30" wit="20" con="43" men="20">
			<vitals hp="2444.46819" hpRegen="7.5" mp="1345.8" mpRegen="2.7"/>
			<attack physical="688.86373" magical="470.40463" random="30" critical="4" accuracy="5" attackSpeed="253" type="SWORD" range="40" distance="80" width="120"/>
			<defence physical="295.91597" magical="216.53847"/>
			<speed>
				<walk ground="50"/>
				<run ground="120"/>
			</speed>
		</stats>
		<status attackable="false"/>
		<skillList>
			<skill id="4045" level="1"/> <!-- Resist Full Magic Attack -->
			<skill id="4408" level="1"/> <!-- HP Increase (1x) -->
			<skill id="4409" level="1"/> <!-- MP Increase (1x) -->
			<skill id="4410" level="11"/> <!-- Average P. Atk. -->
			<skill id="4411" level="11"/> <!-- Average M. Atk. -->
			<skill id="4412" level="11"/> <!-- Average P. Def. -->
			<skill id="4413" level="11"/> <!-- Average M. Def. -->
			<skill id="4414" level="2"/> <!-- Standard Type -->
			<skill id="4415" level="3"/> <!-- One-handed Sword -->
			<skill id="4416" level="15"/> <!-- Elves -->
		</skillList>
		<exCrtEffect>true</exCrtEffect>
		<ai aggroRange="1000" clanHelpRange="300" isAggressive="false"/>
		<collision>
			<radius normal="8"/>
			<height normal="22.5"/>
		</collision>
	</npc>
	<npc id="30461" level="70" type="Trainer" name="Mirien" title="Magister">
		<parameters>
			<param name="MoveAroundSocial" value="0"/>
			<param name="MoveAroundSocial1" value="100"/>
		</parameters>
		<race>ELF</race>
		<sex>FEMALE</sex>
		<stats str="40" int="21" dex="30" wit="20" con="43" men="20">
			<vitals hp="2444.46819" hpRegen="7.5" mp="1345.8" mpRegen="2.7"/>
			<attack physical="688.86373" magical="470.40463" random="30" critical="4" accuracy="5" attackSpeed="253" type="SWORD" range="40" distance="80" width="120"/>
			<defence physical="295.91597" magical="216.53847"/>
			<speed>
				<walk ground="50"/>
				<run ground="120"/>
			</speed>
		</stats>
		<status attackable="false"/>
		<skillList>
			<skill id="4045" level="1"/> <!-- Resist Full Magic Attack -->
			<skill id="4408" level="1"/> <!-- HP Increase (1x) -->
			<skill id="4409" level="1"/> <!-- MP Increase (1x) -->
			<skill id="4410" level="11"/> <!-- Average P. Atk. -->
			<skill id="4411" level="11"/> <!-- Average M. Atk. -->
			<skill id="4412" level="11"/> <!-- Average P. Def. -->
			<skill id="4413" level="11"/> <!-- Average M. Def. -->
			<skill id="4414" level="2"/> <!-- Standard Type -->
			<skill id="4415" level="3"/> <!-- One-handed Sword -->
			<skill id="4416" level="15"/> <!-- Elves -->
		</skillList>
		<exCrtEffect>true</exCrtEffect>
		<ai type="MAGE" aggroRange="1000" clanHelpRange="300" isAggressive="false"/>
		<collision>
			<radius normal="7"/>
			<height normal="21.2"/>
		</collision>
	</npc>
	<npc id="30462" level="70" type="VillageMasterDElf" name="Tronix" title="Grand Master">
		<parameters>
			<param name="MoveAroundSocial" value="0"/>
			<param name="MoveAroundSocial1" value="103"/>
		</parameters>
		<race>DARK_ELF</race>
		<sex>MALE</sex>
		<stats str="40" int="21" dex="30" wit="20" con="43" men="20">
			<vitals hp="2444.46819" hpRegen="7.5" mp="1345.8" mpRegen="2.7"/>
			<attack physical="688.86373" magical="470.40463" random="30" critical="4" accuracy="5" attackSpeed="253" type="SWORD" range="40" distance="80" width="120"/>
			<defence physical="295.91597" magical="216.53847"/>
			<speed>
				<walk ground="50"/>
				<run ground="120"/>
			</speed>
		</stats>
		<status attackable="false"/>
		<skillList>
			<skill id="4045" level="1"/> <!-- Resist Full Magic Attack -->
			<skill id="4408" level="1"/> <!-- HP Increase (1x) -->
			<skill id="4409" level="1"/> <!-- MP Increase (1x) -->
			<skill id="4410" level="11"/> <!-- Average P. Atk. -->
			<skill id="4411" level="11"/> <!-- Average M. Atk. -->
			<skill id="4412" level="11"/> <!-- Average P. Def. -->
			<skill id="4413" level="11"/> <!-- Average M. Def. -->
			<skill id="4414" level="2"/> <!-- Standard Type -->
			<skill id="4415" level="3"/> <!-- One-handed Sword -->
			<skill id="4416" level="16"/> <!-- Dark Elves -->
		</skillList>
		<exCrtEffect>true</exCrtEffect>
		<ai aggroRange="1000" clanHelpRange="300" isAggressive="false"/>
		<collision>
			<radius normal="8"/>
			<height normal="23"/>
		</collision>
	</npc>
	<npc id="30463" level="70" type="Trainer" name="Ixia" title="Master">
		<parameters>
			<param name="MoveAroundSocial" value="0"/>
			<param name="MoveAroundSocial1" value="103"/>
		</parameters>
		<race>DARK_ELF</race>
		<sex>FEMALE</sex>
		<stats str="40" int="21" dex="30" wit="20" con="43" men="20">
			<vitals hp="2444.46819" hpRegen="7.5" mp="1345.8" mpRegen="2.7"/>
			<attack physical="688.86373" magical="470.40463" random="30" critical="4" accuracy="5" attackSpeed="253" type="SWORD" range="40" distance="80" width="120"/>
			<defence physical="295.91597" magical="216.53847"/>
			<speed>
				<walk ground="50"/>
				<run ground="120"/>
			</speed>
		</stats>
		<status attackable="false"/>
		<skillList>
			<skill id="4045" level="1"/> <!-- Resist Full Magic Attack -->
			<skill id="4408" level="1"/> <!-- HP Increase (1x) -->
			<skill id="4409" level="1"/> <!-- MP Increase (1x) -->
			<skill id="4410" level="11"/> <!-- Average P. Atk. -->
			<skill id="4411" level="11"/> <!-- Average M. Atk. -->
			<skill id="4412" level="11"/> <!-- Average P. Def. -->
			<skill id="4413" level="11"/> <!-- Average M. Def. -->
			<skill id="4414" level="2"/> <!-- Standard Type -->
			<skill id="4415" level="3"/> <!-- One-handed Sword -->
			<skill id="4416" level="16"/> <!-- Dark Elves -->
		</skillList>
		<exCrtEffect>true</exCrtEffect>
		<ai aggroRange="1000" clanHelpRange="300" isAggressive="false"/>
		<collision>
			<radius normal="8"/>
			<height normal="23"/>
		</collision>
	</npc>
	<npc id="30464" level="70" type="Trainer" name="Clayton" title="Magister">
		<parameters>
			<param name="MoveAroundSocial" value="0"/>
			<param name="MoveAroundSocial1" value="156"/>
			<param name="skill_sharing_item" value="15309"/> <!-- Holy Pomander - Shillien Saint -->
			<param name="token_num" value="4"/>
		</parameters>
		<race>DARK_ELF</race>
		<sex>MALE</sex>
		<stats str="40" int="21" dex="30" wit="20" con="43" men="20">
			<vitals hp="2444.46819" hpRegen="7.5" mp="1345.8" mpRegen="2.7"/>
			<attack physical="688.86373" magical="470.40463" random="30" critical="4" accuracy="5" attackSpeed="253" type="SWORD" range="40" distance="80" width="120"/>
			<defence physical="295.91597" magical="216.53847"/>
			<speed>
				<walk ground="50"/>
				<run ground="120"/>
			</speed>
		</stats>
		<status attackable="false"/>
		<skillList>
			<skill id="4045" level="1"/> <!-- Resist Full Magic Attack -->
			<skill id="4408" level="1"/> <!-- HP Increase (1x) -->
			<skill id="4409" level="1"/> <!-- MP Increase (1x) -->
			<skill id="4410" level="11"/> <!-- Average P. Atk. -->
			<skill id="4411" level="11"/> <!-- Average M. Atk. -->
			<skill id="4412" level="11"/> <!-- Average P. Def. -->
			<skill id="4413" level="11"/> <!-- Average M. Def. -->
			<skill id="4414" level="2"/> <!-- Standard Type -->
			<skill id="4415" level="3"/> <!-- One-handed Sword -->
			<skill id="4416" level="16"/> <!-- Dark Elves -->
		</skillList>
		<exCrtEffect>true</exCrtEffect>
		<ai type="MAGE" aggroRange="1000" clanHelpRange="300" isAggressive="false"/>
		<collision>
			<radius normal="8"/>
			<height normal="22"/>
		</collision>
	</npc>
	<npc id="30465" level="80" type="Guard" name="Herven" title="Guard">
		<parameters>
			<param name="MoveAroundSocial" value="0"/>
			<param name="MoveAroundSocial1" value="92"/>
		</parameters>
		<race>HUMAN</race>
		<sex>MALE</sex>
		<equipment rhand="275"/> <!-- rhand: Long Bow -->
		<stats str="40" int="21" dex="30" wit="20" con="43" men="20">
			<vitals hp="3290.11306877694" hpRegen="8.5" mp="1674.8" mpRegen="3"/>
			<attack physical="970.537548504614" magical="662.751329129412" random="10" critical="8" accuracy="0" attackSpeed="253" reuseDelay="1500" type="BOW" range="1100" distance="10" width="0"/>
			<defence physical="341.375" magical="249.80341"/>
			<speed>
				<walk ground="50"/>
				<run ground="160"/>
			</speed>
		</stats>
		<status attackable="false" undying="false"/>
		<skillList>
			<skill id="4045" level="1"/> <!-- Resist Full Magic Attack -->
			<skill id="4408" level="1"/> <!-- HP Increase (1x) -->
			<skill id="4409" level="1"/> <!-- MP Increase (1x) -->
			<skill id="4410" level="16"/> <!-- Very Strong P. Atk. -->
			<skill id="4411" level="16"/> <!-- Very Strong M. Atk. -->
			<skill id="4412" level="16"/> <!-- Very Strong P. Def. -->
			<skill id="4413" level="16"/> <!-- Very Strong M. Def. -->
			<skill id="4414" level="2"/> <!-- Standard Type -->
			<skill id="4415" level="9"/> <!-- Bows -->
			<skill id="4416" level="14"/> <!-- Humans -->
		</skillList>
		<exCrtEffect>true</exCrtEffect>
		<ai aggroRange="1000" clanHelpRange="300"/>
		<collision>
			<radius normal="8"/>
			<height normal="24"/>
		</collision>
	</npc>
	<npc id="30466" level="80" type="Guard" name="Bright" title="Guard">
		<parameters>
			<param name="MoveAroundSocial" value="0"/>
			<param name="MoveAroundSocial1" value="92"/>
		</parameters>
		<race>HUMAN</race>
		<sex>MALE</sex>
		<equipment rhand="2" lhand="20"/> <!-- rhand: Long Sword lhand: Buckler -->
		<stats str="40" int="21" dex="30" wit="20" con="43" men="20">
			<vitals hp="3290.11306877694" hpRegen="8.5" mp="1674.8" mpRegen="3"/>
			<attack physical="970.537548504614" magical="662.751329129412" random="30" critical="4" accuracy="5" attackSpeed="253" type="SWORD" range="40" distance="80" width="120"/>
			<defence physical="341.375" magical="249.80341" shield="148" shieldRate="20"/>
			<speed>
				<walk ground="50"/>
				<run ground="160"/>
			</speed>
		</stats>
		<status attackable="false" undying="false"/>
		<skillList>
			<skill id="4045" level="1"/> <!-- Resist Full Magic Attack -->
			<skill id="4408" level="1"/> <!-- HP Increase (1x) -->
			<skill id="4409" level="1"/> <!-- MP Increase (1x) -->
			<skill id="4410" level="16"/> <!-- Very Strong P. Atk. -->
			<skill id="4411" level="16"/> <!-- Very Strong M. Atk. -->
			<skill id="4412" level="16"/> <!-- Very Strong P. Def. -->
			<skill id="4413" level="16"/> <!-- Very Strong M. Def. -->
			<skill id="4414" level="2"/> <!-- Standard Type -->
			<skill id="4415" level="3"/> <!-- One-handed Sword -->
			<skill id="4416" level="14"/> <!-- Humans -->
		</skillList>
		<exCrtEffect>true</exCrtEffect>
		<ai aggroRange="1000" clanHelpRange="300"/>
		<collision>
			<radius normal="8"/>
			<height normal="24"/>
		</collision>
	</npc>
	<npc id="30469" level="70" type="Folk" name="Jonas">
		<parameters>
			<param name="MoveAroundSocial" value="0"/>
			<param name="MoveAroundSocial1" value="120"/>
		</parameters>
		<race>HUMAN</race>
		<sex>MALE</sex>
		<stats str="40" int="21" dex="30" wit="20" con="43" men="20">
			<vitals hp="2444.46819" hpRegen="7.5" mp="1345.8" mpRegen="2.7"/>
			<attack physical="688.86373" magical="470.40463" random="30" critical="4" accuracy="5" attackSpeed="253" type="SWORD" range="40" distance="80" width="120"/>
			<defence physical="295.91597" magical="216.53847"/>
			<speed>
				<walk ground="50"/>
				<run ground="120"/>
			</speed>
		</stats>
		<status attackable="false"/>
		<skillList>
			<skill id="4045" level="1"/> <!-- Resist Full Magic Attack -->
			<skill id="4408" level="1"/> <!-- HP Increase (1x) -->
			<skill id="4409" level="1"/> <!-- MP Increase (1x) -->
			<skill id="4410" level="11"/> <!-- Average P. Atk. -->
			<skill id="4411" level="11"/> <!-- Average M. Atk. -->
			<skill id="4412" level="11"/> <!-- Average P. Def. -->
			<skill id="4413" level="11"/> <!-- Average M. Def. -->
			<skill id="4414" level="2"/> <!-- Standard Type -->
			<skill id="4415" level="3"/> <!-- One-handed Sword -->
			<skill id="4416" level="14"/> <!-- Humans -->
		</skillList>
		<exCrtEffect>true</exCrtEffect>
		<ai aggroRange="1000" clanHelpRange="300"/>
		<collision>
			<radius normal="8"/>
			<height normal="22"/>
		</collision>
	</npc>
	<npc id="30471" level="70" type="Trainer" name="Rupio" title="Blacksmith">
		<parameters>
			<param name="MoveAroundSocial" value="0"/>
			<param name="MoveAroundSocial1" value="93"/>
		</parameters>
		<race>DWARF</race>
		<sex>MALE</sex>
		<equipment rhand="89"/> <!-- rhand: Big Hammer -->
		<stats str="40" int="21" dex="30" wit="20" con="43" men="20">
			<vitals hp="2444.46819" hpRegen="7.5" mp="1345.8" mpRegen="2.7"/>
			<attack physical="688.86373" magical="470.40463" random="30" critical="4" accuracy="5" attackSpeed="253" type="SWORD" range="40" distance="80" width="120"/>
			<defence physical="295.91597" magical="216.53847"/>
			<speed>
				<walk ground="50"/>
				<run ground="120"/>
			</speed>
		</stats>
		<status attackable="false"/>
		<skillList>
			<skill id="4045" level="1"/> <!-- Resist Full Magic Attack -->
			<skill id="4408" level="1"/> <!-- HP Increase (1x) -->
			<skill id="4409" level="1"/> <!-- MP Increase (1x) -->
			<skill id="4410" level="11"/> <!-- Average P. Atk. -->
			<skill id="4411" level="11"/> <!-- Average M. Atk. -->
			<skill id="4412" level="11"/> <!-- Average P. Def. -->
			<skill id="4413" level="11"/> <!-- Average M. Def. -->
			<skill id="4414" level="2"/> <!-- Standard Type -->
			<skill id="4415" level="3"/> <!-- One-handed Sword -->
			<skill id="4416" level="18"/> <!-- Dwarves -->
		</skillList>
		<exCrtEffect>true</exCrtEffect>
		<ai aggroRange="1000" clanHelpRange="300" isAggressive="false"/>
		<collision>
			<radius normal="7"/>
			<height normal="16.5"/>
		</collision>
	</npc>
	<npc id="30472" level="70" type="Trainer" name="Rosheria" title="Master">
		<parameters>
			<param name="MoveAroundSocial" value="0"/>
			<param name="MoveAroundSocial1" value="123"/>
		</parameters>
		<race>ELF</race>
		<sex>FEMALE</sex>
		<stats str="40" int="21" dex="30" wit="20" con="43" men="20">
			<vitals hp="2444.46819" hpRegen="7.5" mp="1345.8" mpRegen="2.7"/>
			<attack physical="688.86373" magical="470.40463" random="30" critical="4" accuracy="5" attackSpeed="253" type="SWORD" range="40" distance="80" width="120"/>
			<defence physical="295.91597" magical="216.53847"/>
			<speed>
				<walk ground="50"/>
				<run ground="120"/>
			</speed>
		</stats>
		<status attackable="false"/>
		<skillList>
			<skill id="4045" level="1"/> <!-- Resist Full Magic Attack -->
			<skill id="4408" level="1"/> <!-- HP Increase (1x) -->
			<skill id="4409" level="1"/> <!-- MP Increase (1x) -->
			<skill id="4410" level="11"/> <!-- Average P. Atk. -->
			<skill id="4411" level="11"/> <!-- Average M. Atk. -->
			<skill id="4412" level="11"/> <!-- Average P. Def. -->
			<skill id="4413" level="11"/> <!-- Average M. Def. -->
			<skill id="4414" level="2"/> <!-- Standard Type -->
			<skill id="4415" level="3"/> <!-- One-handed Sword -->
			<skill id="4416" level="15"/> <!-- Elves -->
		</skillList>
		<exCrtEffect>true</exCrtEffect>
		<ai aggroRange="1000" clanHelpRange="300" isAggressive="false"/>
		<collision>
			<radius normal="8"/>
			<height normal="22.5"/>
		</collision>
	</npc>
	<npc id="30473" level="70" type="Trainer" name="Bandellos" title="Priest">
		<parameters>
			<param name="MoveAroundSocial" value="0"/>
			<param name="MoveAroundSocial1" value="187"/>
			<param name="skill_sharing_item" value="15308"/> <!-- Holy Pomander - Eva's Saint -->
			<param name="token_num" value="1"/>
		</parameters>
		<race>ELF</race>
		<sex>MALE</sex>
		<stats str="40" int="21" dex="30" wit="20" con="43" men="20">
			<vitals hp="2444.46819" hpRegen="7.5" mp="1345.8" mpRegen="2.7"/>
			<attack physical="688.86373" magical="470.40463" random="30" critical="4" accuracy="5" attackSpeed="253" type="SWORD" range="40" distance="80" width="120"/>
			<defence physical="295.91597" magical="216.53847"/>
			<speed>
				<walk ground="50"/>
				<run ground="120"/>
			</speed>
		</stats>
		<status attackable="false"/>
		<skillList>
			<skill id="4045" level="1"/> <!-- Resist Full Magic Attack -->
			<skill id="4408" level="1"/> <!-- HP Increase (1x) -->
			<skill id="4409" level="1"/> <!-- MP Increase (1x) -->
			<skill id="4410" level="11"/> <!-- Average P. Atk. -->
			<skill id="4411" level="11"/> <!-- Average M. Atk. -->
			<skill id="4412" level="11"/> <!-- Average P. Def. -->
			<skill id="4413" level="11"/> <!-- Average M. Def. -->
			<skill id="4414" level="2"/> <!-- Standard Type -->
			<skill id="4415" level="3"/> <!-- One-handed Sword -->
			<skill id="4416" level="15"/> <!-- Elves -->
		</skillList>
		<exCrtEffect>true</exCrtEffect>
		<ai type="MAGE" aggroRange="1000" clanHelpRange="300" isAggressive="false"/>
		<collision>
			<radius normal="7"/>
			<height normal="22.2"/>
		</collision>
	</npc>
	<npc id="30474" level="70" type="VillageMasterDElf" name="Angus" title="Grand Master">
		<parameters>
			<param name="MoveAroundSocial" value="0"/>
			<param name="MoveAroundSocial1" value="103"/>
			<param name="chk_my_cat" value="SUB_GROUP_DE"/>
		</parameters>
		<race>DARK_ELF</race>
		<sex>MALE</sex>
		<stats str="40" int="21" dex="30" wit="20" con="43" men="20">
			<vitals hp="2444.46819" hpRegen="7.5" mp="1345.8" mpRegen="2.7"/>
			<attack physical="688.86373" magical="470.40463" random="30" critical="4" accuracy="5" attackSpeed="253" type="SWORD" range="40" distance="80" width="120"/>
			<defence physical="295.91597" magical="216.53847"/>
			<speed>
				<walk ground="50"/>
				<run ground="120"/>
			</speed>
		</stats>
		<status attackable="false"/>
		<skillList>
			<skill id="4045" level="1"/> <!-- Resist Full Magic Attack -->
			<skill id="4408" level="1"/> <!-- HP Increase (1x) -->
			<skill id="4409" level="1"/> <!-- MP Increase (1x) -->
			<skill id="4410" level="11"/> <!-- Average P. Atk. -->
			<skill id="4411" level="11"/> <!-- Average M. Atk. -->
			<skill id="4412" level="11"/> <!-- Average P. Def. -->
			<skill id="4413" level="11"/> <!-- Average M. Def. -->
			<skill id="4414" level="2"/> <!-- Standard Type -->
			<skill id="4415" level="3"/> <!-- One-handed Sword -->
			<skill id="4416" level="16"/> <!-- Dark Elves -->
		</skillList>
		<exCrtEffect>true</exCrtEffect>
		<ai aggroRange="1000" clanHelpRange="300" isAggressive="false"/>
		<collision>
			<radius normal="8"/>
			<height normal="23"/>
		</collision>
	</npc>
	<npc id="30475" level="70" type="Trainer" name="Stapin" title="Master">
		<parameters>
			<param name="MoveAroundSocial" value="0"/>
			<param name="MoveAroundSocial1" value="120"/>
		</parameters>
		<race>DARK_ELF</race>
		<sex>MALE</sex>
		<stats str="40" int="21" dex="30" wit="20" con="43" men="20">
			<vitals hp="2444.46819" hpRegen="7.5" mp="1345.8" mpRegen="2.7"/>
			<attack physical="688.86373" magical="470.40463" random="30" critical="4" accuracy="5" attackSpeed="253" type="SWORD" range="40" distance="80" width="120"/>
			<defence physical="295.91597" magical="216.53847"/>
			<speed>
				<walk ground="50"/>
				<run ground="120"/>
			</speed>
		</stats>
		<status attackable="false"/>
		<skillList>
			<skill id="4045" level="1"/> <!-- Resist Full Magic Attack -->
			<skill id="4408" level="1"/> <!-- HP Increase (1x) -->
			<skill id="4409" level="1"/> <!-- MP Increase (1x) -->
			<skill id="4410" level="11"/> <!-- Average P. Atk. -->
			<skill id="4411" level="11"/> <!-- Average M. Atk. -->
			<skill id="4412" level="11"/> <!-- Average P. Def. -->
			<skill id="4413" level="11"/> <!-- Average M. Def. -->
			<skill id="4414" level="2"/> <!-- Standard Type -->
			<skill id="4415" level="3"/> <!-- One-handed Sword -->
			<skill id="4416" level="16"/> <!-- Dark Elves -->
		</skillList>
		<exCrtEffect>true</exCrtEffect>
		<ai aggroRange="1000" clanHelpRange="300" isAggressive="false"/>
		<collision>
			<radius normal="8"/>
			<height normal="23"/>
		</collision>
	</npc>
	<npc id="30476" level="70" type="Trainer" name="Kaira" title="Magister">
		<parameters>
			<param name="MoveAroundSocial" value="0"/>
			<param name="MoveAroundSocial1" value="110"/>
			<param name="skill_sharing_item" value="15309"/> <!-- Holy Pomander - Shillien Saint -->
			<param name="token_num" value="4"/>
		</parameters>
		<race>DARK_ELF</race>
		<sex>FEMALE</sex>
		<stats str="40" int="21" dex="30" wit="20" con="43" men="20">
			<vitals hp="2444.46819" hpRegen="7.5" mp="1345.8" mpRegen="2.7"/>
			<attack physical="688.86373" magical="470.40463" random="30" critical="4" accuracy="5" attackSpeed="253" type="SWORD" range="40" distance="80" width="120"/>
			<defence physical="295.91597" magical="216.53847"/>
			<speed>
				<walk ground="50"/>
				<run ground="120"/>
			</speed>
		</stats>
		<status attackable="false"/>
		<skillList>
			<skill id="4045" level="1"/> <!-- Resist Full Magic Attack -->
			<skill id="4408" level="1"/> <!-- HP Increase (1x) -->
			<skill id="4409" level="1"/> <!-- MP Increase (1x) -->
			<skill id="4410" level="11"/> <!-- Average P. Atk. -->
			<skill id="4411" level="11"/> <!-- Average M. Atk. -->
			<skill id="4412" level="11"/> <!-- Average P. Def. -->
			<skill id="4413" level="11"/> <!-- Average M. Def. -->
			<skill id="4414" level="2"/> <!-- Standard Type -->
			<skill id="4415" level="3"/> <!-- One-handed Sword -->
			<skill id="4416" level="16"/> <!-- Dark Elves -->
		</skillList>
		<exCrtEffect>true</exCrtEffect>
		<ai type="MAGE" aggroRange="1000" clanHelpRange="300" isAggressive="false"/>
		<collision>
			<radius normal="8"/>
			<height normal="23"/>
		</collision>
	</npc>
	<npc id="30477" level="70" type="Folk" name="Sir Ortho Lancer">
		<parameters>
			<param name="MoveAroundSocial" value="0"/>
			<param name="MoveAroundSocial1" value="158"/>
		</parameters>
		<race>HUMAN</race>
		<sex>MALE</sex>
		<stats str="40" int="21" dex="30" wit="20" con="43" men="20">
			<vitals hp="2444.46819" hpRegen="7.5" mp="1345.8" mpRegen="2.7"/>
			<attack physical="688.86373" magical="470.40463" random="30" critical="4" accuracy="5" attackSpeed="253" type="SWORD" range="40" distance="80" width="120"/>
			<defence physical="295.91597" magical="216.53847"/>
			<speed>
				<walk ground="50"/>
				<run ground="120"/>
			</speed>
		</stats>
		<status attackable="false"/>
		<skillList>
			<skill id="4045" level="1"/> <!-- Resist Full Magic Attack -->
			<skill id="4408" level="1"/> <!-- HP Increase (1x) -->
			<skill id="4409" level="1"/> <!-- MP Increase (1x) -->
			<skill id="4410" level="11"/> <!-- Average P. Atk. -->
			<skill id="4411" level="11"/> <!-- Average M. Atk. -->
			<skill id="4412" level="11"/> <!-- Average P. Def. -->
			<skill id="4413" level="11"/> <!-- Average M. Def. -->
			<skill id="4414" level="2"/> <!-- Standard Type -->
			<skill id="4415" level="3"/> <!-- One-handed Sword -->
			<skill id="4416" level="14"/> <!-- Humans -->
		</skillList>
		<exCrtEffect>true</exCrtEffect>
		<ai aggroRange="1000" clanHelpRange="300"/>
		<collision>
			<radius normal="7"/>
			<height normal="24"/>
		</collision>
	</npc>
	<npc id="30478" level="80" type="Guard" name="Reikin" title="Guard">
		<parameters>
			<param name="MoveAroundSocial" value="0"/>
			<param name="MoveAroundSocial1" value="92"/>
		</parameters>
		<race>HUMAN</race>
		<sex>MALE</sex>
		<equipment rhand="275"/> <!-- rhand: Long Bow -->
		<stats str="40" int="21" dex="30" wit="20" con="43" men="20">
			<vitals hp="3290.11306877694" hpRegen="8.5" mp="1674.8" mpRegen="3"/>
			<attack physical="970.537548504614" magical="662.751329129412" random="10" critical="8" accuracy="0" attackSpeed="253" reuseDelay="1500" type="BOW" range="1100" distance="10" width="0"/>
			<defence physical="341.375" magical="249.80341"/>
			<speed>
				<walk ground="50"/>
				<run ground="160"/>
			</speed>
		</stats>
		<status attackable="false" undying="false"/>
		<skillList>
			<skill id="4045" level="1"/> <!-- Resist Full Magic Attack -->
			<skill id="4408" level="1"/> <!-- HP Increase (1x) -->
			<skill id="4409" level="1"/> <!-- MP Increase (1x) -->
			<skill id="4410" level="16"/> <!-- Very Strong P. Atk. -->
			<skill id="4411" level="16"/> <!-- Very Strong M. Atk. -->
			<skill id="4412" level="16"/> <!-- Very Strong P. Def. -->
			<skill id="4413" level="16"/> <!-- Very Strong M. Def. -->
			<skill id="4414" level="2"/> <!-- Standard Type -->
			<skill id="4415" level="9"/> <!-- Bows -->
			<skill id="4416" level="14"/> <!-- Humans -->
		</skillList>
		<exCrtEffect>true</exCrtEffect>
		<ai aggroRange="1000" clanHelpRange="300"/>
		<collision>
			<radius normal="8"/>
			<height normal="24"/>
		</collision>
	</npc>
	<npc id="30483" level="70" type="Folk" name="Mozella" title="Gatekeeper">
		<parameters>
			<param name="MoveAroundSocial" value="0"/>
			<param name="MoveAroundSocial1" value="90"/>
		</parameters>
		<race>HUMAN</race>
		<sex>FEMALE</sex>
		<stats str="40" int="21" dex="30" wit="20" con="43" men="20">
			<vitals hp="2444.46819" hpRegen="7.5" mp="1345.8" mpRegen="2.7"/>
			<attack physical="688.86373" magical="470.40463" random="30" critical="4" accuracy="5" attackSpeed="253" type="SWORD" range="40" distance="80" width="120"/>
			<defence physical="295.91597" magical="216.53847"/>
			<speed>
				<walk ground="50"/>
				<run ground="120"/>
			</speed>
		</stats>
		<status attackable="false"/>
		<skillList>
			<skill id="4045" level="1"/> <!-- Resist Full Magic Attack -->
			<skill id="4408" level="1"/> <!-- HP Increase (1x) -->
			<skill id="4409" level="1"/> <!-- MP Increase (1x) -->
			<skill id="4410" level="11"/> <!-- Average P. Atk. -->
			<skill id="4411" level="11"/> <!-- Average M. Atk. -->
			<skill id="4412" level="11"/> <!-- Average P. Def. -->
			<skill id="4413" level="11"/> <!-- Average M. Def. -->
			<skill id="4414" level="2"/> <!-- Standard Type -->
			<skill id="4415" level="3"/> <!-- One-handed Sword -->
			<skill id="4416" level="14"/> <!-- Humans -->
		</skillList>
		<exCrtEffect>true</exCrtEffect>
		<ai aggroRange="1000" clanHelpRange="300" isAggressive="false"/>
		<collision>
			<radius normal="8"/>
			<height normal="25"/>
		</collision>
	</npc>
	<npc id="30484" level="70" type="Teleporter" name="Ponti" title="Gatekeeper">
		<parameters>
			<param name="MoveAroundSocial" value="0"/>
			<param name="MoveAroundSocial1" value="90"/>
			<param name="PosX1" value="17252"/>
			<param name="PosY1" value="114121"/>
			<param name="PosZ1" value="-3439"/>
			<param name="PosX2" value="17253"/>
			<param name="PosY2" value="114232"/>
			<param name="PosZ2" value="-3439"/>
		</parameters>
		<race>HUMAN</race>
		<sex>FEMALE</sex>
		<stats str="40" int="21" dex="30" wit="20" con="43" men="20">
			<vitals hp="2444.46819" hpRegen="7.5" mp="1345.8" mpRegen="2.7"/>
			<attack physical="688.86373" magical="470.40463" random="30" critical="4" accuracy="5" attackSpeed="253" type="SWORD" range="40" distance="80" width="120"/>
			<defence physical="295.91597" magical="216.53847"/>
			<speed>
				<walk ground="50"/>
				<run ground="120"/>
			</speed>
		</stats>
		<status attackable="false"/>
		<skillList>
			<skill id="4045" level="1"/> <!-- Resist Full Magic Attack -->
			<skill id="4408" level="1"/> <!-- HP Increase (1x) -->
			<skill id="4409" level="1"/> <!-- MP Increase (1x) -->
			<skill id="4410" level="11"/> <!-- Average P. Atk. -->
			<skill id="4411" level="11"/> <!-- Average M. Atk. -->
			<skill id="4412" level="11"/> <!-- Average P. Def. -->
			<skill id="4413" level="11"/> <!-- Average M. Def. -->
			<skill id="4414" level="2"/> <!-- Standard Type -->
			<skill id="4415" level="3"/> <!-- One-handed Sword -->
			<skill id="4416" level="14"/> <!-- Humans -->
		</skillList>
		<exCrtEffect>true</exCrtEffect>
		<ai aggroRange="1000" clanHelpRange="300" isAggressive="false"/>
		<collision>
			<radius normal="8"/>
			<height normal="25"/>
		</collision>
	</npc>
	<npc id="30485" level="70" type="Teleporter" name="Capella" title="Gatekeeper">
		<parameters>
			<param name="MoveAroundSocial" value="0"/>
			<param name="MoveAroundSocial1" value="90"/>
			<param name="PosX1" value="17668"/>
			<param name="PosY1" value="113999"/>
			<param name="PosZ1" value="-11672"/>
			<param name="PosX2" value="17781"/>
			<param name="PosY2" value="113999"/>
			<param name="PosZ2" value="-11672"/>
		</parameters>
		<race>HUMAN</race>
		<sex>FEMALE</sex>
		<stats str="40" int="21" dex="30" wit="20" con="43" men="20">
			<vitals hp="2444.46819" hpRegen="7.5" mp="1345.8" mpRegen="2.7"/>
			<attack physical="688.86373" magical="470.40463" random="30" critical="4" accuracy="5" attackSpeed="253" type="SWORD" range="40" distance="80" width="120"/>
			<defence physical="295.91597" magical="216.53847"/>
			<speed>
				<walk ground="50"/>
				<run ground="120"/>
			</speed>
		</stats>
		<status attackable="false"/>
		<skillList>
			<skill id="4045" level="1"/> <!-- Resist Full Magic Attack -->
			<skill id="4408" level="1"/> <!-- HP Increase (1x) -->
			<skill id="4409" level="1"/> <!-- MP Increase (1x) -->
			<skill id="4410" level="11"/> <!-- Average P. Atk. -->
			<skill id="4411" level="11"/> <!-- Average M. Atk. -->
			<skill id="4412" level="11"/> <!-- Average P. Def. -->
			<skill id="4413" level="11"/> <!-- Average M. Def. -->
			<skill id="4414" level="2"/> <!-- Standard Type -->
			<skill id="4415" level="3"/> <!-- One-handed Sword -->
			<skill id="4416" level="14"/> <!-- Humans -->
		</skillList>
		<exCrtEffect>true</exCrtEffect>
		<ai aggroRange="1000" clanHelpRange="300" isAggressive="false"/>
		<collision>
			<radius normal="8"/>
			<height normal="25"/>
		</collision>
	</npc>
	<npc id="30486" level="70" type="Teleporter" name="Hanna" title="Gatekeeper">
		<parameters>
			<param name="MoveAroundSocial" value="0"/>
			<param name="MoveAroundSocial1" value="90"/>
		</parameters>
		<race>HUMAN</race>
		<sex>FEMALE</sex>
		<stats str="40" int="21" dex="30" wit="20" con="43" men="20">
			<vitals hp="2444.46819" hpRegen="7.5" mp="1345.8" mpRegen="2.7"/>
			<attack physical="688.86373" magical="470.40463" random="30" critical="4" accuracy="5" attackSpeed="253" type="SWORD" range="40" distance="80" width="120"/>
			<defence physical="295.91597" magical="216.53847"/>
			<speed>
				<walk ground="50"/>
				<run ground="120"/>
			</speed>
		</stats>
		<status attackable="false"/>
		<skillList>
			<skill id="4045" level="1"/> <!-- Resist Full Magic Attack -->
			<skill id="4408" level="1"/> <!-- HP Increase (1x) -->
			<skill id="4409" level="1"/> <!-- MP Increase (1x) -->
			<skill id="4410" level="11"/> <!-- Average P. Atk. -->
			<skill id="4411" level="11"/> <!-- Average M. Atk. -->
			<skill id="4412" level="11"/> <!-- Average P. Def. -->
			<skill id="4413" level="11"/> <!-- Average M. Def. -->
			<skill id="4414" level="2"/> <!-- Standard Type -->
			<skill id="4415" level="3"/> <!-- One-handed Sword -->
			<skill id="4416" level="14"/> <!-- Humans -->
		</skillList>
		<exCrtEffect>true</exCrtEffect>
		<ai aggroRange="1000" clanHelpRange="300" isAggressive="false"/>
		<collision>
			<radius normal="8"/>
			<height normal="25"/>
		</collision>
	</npc>
	<npc id="30487" level="70" type="Teleporter" name="Penelope" title="Gatekeeper">
		<parameters>
			<param name="MoveAroundSocial" value="0"/>
			<param name="MoveAroundSocial1" value="90"/>
			<param name="PosX1" value="17776"/>
			<param name="PosY1" value="108288"/>
			<param name="PosZ1" value="-9057"/>
			<param name="PosX2" value="17664"/>
			<param name="PosY2" value="108288"/>
			<param name="PosZ2" value="-9057"/>
		</parameters>
		<race>HUMAN</race>
		<sex>FEMALE</sex>
		<stats str="40" int="21" dex="30" wit="20" con="43" men="20">
			<vitals hp="2444.46819" hpRegen="7.5" mp="1345.8" mpRegen="2.7"/>
			<attack physical="688.86373" magical="470.40463" random="30" critical="4" accuracy="5" attackSpeed="253" type="SWORD" range="40" distance="80" width="120"/>
			<defence physical="295.91597" magical="216.53847"/>
			<speed>
				<walk ground="50"/>
				<run ground="120"/>
			</speed>
		</stats>
		<status attackable="false"/>
		<skillList>
			<skill id="4045" level="1"/> <!-- Resist Full Magic Attack -->
			<skill id="4408" level="1"/> <!-- HP Increase (1x) -->
			<skill id="4409" level="1"/> <!-- MP Increase (1x) -->
			<skill id="4410" level="11"/> <!-- Average P. Atk. -->
			<skill id="4411" level="11"/> <!-- Average M. Atk. -->
			<skill id="4412" level="11"/> <!-- Average P. Def. -->
			<skill id="4413" level="11"/> <!-- Average M. Def. -->
			<skill id="4414" level="2"/> <!-- Standard Type -->
			<skill id="4415" level="3"/> <!-- One-handed Sword -->
			<skill id="4416" level="14"/> <!-- Humans -->
		</skillList>
		<exCrtEffect>true</exCrtEffect>
		<ai aggroRange="1000" clanHelpRange="300" isAggressive="false"/>
		<collision>
			<radius normal="8"/>
			<height normal="25"/>
		</collision>
	</npc>
	<npc id="30497" level="70" type="Folk" name="Edmond">
		<parameters>
			<param name="MoveAroundSocial" value="0"/>
			<param name="MoveAroundSocial1" value="120"/>
		</parameters>
		<race>HUMAN</race>
		<sex>MALE</sex>
		<stats str="40" int="21" dex="30" wit="20" con="43" men="20">
			<vitals hp="2444.46819" hpRegen="7.5" mp="1345.8" mpRegen="2.7"/>
			<attack physical="688.86373" magical="470.40463" random="30" critical="4" accuracy="5" attackSpeed="253" type="SWORD" range="40" distance="80" width="120"/>
			<defence physical="295.91597" magical="216.53847"/>
			<speed>
				<walk ground="50"/>
				<run ground="120"/>
			</speed>
		</stats>
		<status attackable="false"/>
		<skillList>
			<skill id="4045" level="1"/> <!-- Resist Full Magic Attack -->
			<skill id="4408" level="1"/> <!-- HP Increase (1x) -->
			<skill id="4409" level="1"/> <!-- MP Increase (1x) -->
			<skill id="4410" level="11"/> <!-- Average P. Atk. -->
			<skill id="4411" level="11"/> <!-- Average M. Atk. -->
			<skill id="4412" level="11"/> <!-- Average P. Def. -->
			<skill id="4413" level="11"/> <!-- Average M. Def. -->
			<skill id="4414" level="2"/> <!-- Standard Type -->
			<skill id="4415" level="3"/> <!-- One-handed Sword -->
			<skill id="4416" level="14"/> <!-- Humans -->
		</skillList>
		<exCrtEffect>true</exCrtEffect>
		<ai aggroRange="1000" clanHelpRange="300"/>
		<collision>
			<radius normal="8"/>
			<height normal="22"/>
		</collision>
	</npc>
	<npc id="30498" level="70" type="VillageMasterDwarf" name="Moke" title="Warehouse Chief">
		<parameters>
			<param name="MoveAroundSocial" value="0"/>
			<param name="MoveAroundSocial1" value="93"/>
		</parameters>
		<race>DWARF</race>
		<sex>MALE</sex>
		<stats str="40" int="21" dex="30" wit="20" con="43" men="20">
			<vitals hp="2444.46819" hpRegen="7.5" mp="1345.8" mpRegen="2.7"/>
			<attack physical="688.86373" magical="470.40463" random="30" critical="4" accuracy="5" attackSpeed="253" type="SWORD" range="40" distance="80" width="120"/>
			<defence physical="295.91597" magical="216.53847"/>
			<speed>
				<walk ground="50"/>
				<run ground="120"/>
			</speed>
		</stats>
		<status attackable="false"/>
		<skillList>
			<skill id="4045" level="1"/> <!-- Resist Full Magic Attack -->
			<skill id="4408" level="1"/> <!-- HP Increase (1x) -->
			<skill id="4409" level="1"/> <!-- MP Increase (1x) -->
			<skill id="4410" level="11"/> <!-- Average P. Atk. -->
			<skill id="4411" level="11"/> <!-- Average M. Atk. -->
			<skill id="4412" level="11"/> <!-- Average P. Def. -->
			<skill id="4413" level="11"/> <!-- Average M. Def. -->
			<skill id="4414" level="2"/> <!-- Standard Type -->
			<skill id="4415" level="3"/> <!-- One-handed Sword -->
			<skill id="4416" level="18"/> <!-- Dwarves -->
		</skillList>
		<exCrtEffect>true</exCrtEffect>
		<ai aggroRange="1000" clanHelpRange="300" isAggressive="false"/>
		<collision>
			<radius normal="8"/>
			<height normal="17.5"/>
		</collision>
	</npc>
	<npc id="30499" level="70" type="VillageMasterDwarf" name="Tapoy" title="Head Blacksmith">
		<parameters>
			<param name="MoveAroundSocial" value="0"/>
			<param name="MoveAroundSocial1" value="85"/>
		</parameters>
		<race>DWARF</race>
		<sex>MALE</sex>
		<stats str="40" int="21" dex="30" wit="20" con="43" men="20">
			<vitals hp="2444.46819" hpRegen="7.5" mp="1345.8" mpRegen="2.7"/>
			<attack physical="688.86373" magical="470.40463" random="30" critical="4" accuracy="5" attackSpeed="253" type="SWORD" range="40" distance="80" width="120"/>
			<defence physical="295.91597" magical="216.53847"/>
			<speed>
				<walk ground="50"/>
				<run ground="120"/>
			</speed>
		</stats>
		<status attackable="false"/>
		<skillList>
			<skill id="4045" level="1"/> <!-- Resist Full Magic Attack -->
			<skill id="4408" level="1"/> <!-- HP Increase (1x) -->
			<skill id="4409" level="1"/> <!-- MP Increase (1x) -->
			<skill id="4410" level="11"/> <!-- Average P. Atk. -->
			<skill id="4411" level="11"/> <!-- Average M. Atk. -->
			<skill id="4412" level="11"/> <!-- Average P. Def. -->
			<skill id="4413" level="11"/> <!-- Average M. Def. -->
			<skill id="4414" level="2"/> <!-- Standard Type -->
			<skill id="4415" level="3"/> <!-- One-handed Sword -->
			<skill id="4416" level="18"/> <!-- Dwarves -->
		</skillList>
		<exCrtEffect>true</exCrtEffect>
		<ai aggroRange="1000" clanHelpRange="300" isAggressive="false"/>
		<collision>
			<radius normal="8"/>
			<height normal="16.5"/>
		</collision>
	</npc>
</list>