﻿<?xml version="1.0" encoding="UTF-8"?>
<list xmlns:xsi="http://www.w3.org/2001/XMLSchema-instance" xsi:noNamespaceSchemaLocation="../../xsd/npcs.xsd">
	<npc id="32100" level="70" type="Folk" name="Tony the Cat" title="Event Manager">
		<parameters>
			<param name="MoveAroundSocial" value="0" />
			<param name="MoveAroundSocial1" value="0" />
		</parameters>
		<race>ELEMENTAL</race>
		<sex>FEMALE</sex>
		<stats str="40" int="21" dex="30" wit="20" con="43" men="20">
			<vitals hp="2444.46819" hpRegen="7.5" mp="1345.8" mpRegen="2.7" />
			<attack physical="688.86373" magical="470.40463" random="10" critical="4" accuracy="5" attackSpeed="253" type="FIST" range="40" distance="80" width="120" />
			<defence physical="295.91597" magical="216.53847" />
			<speed>
				<walk ground="48" />
				<run ground="120" />
			</speed>
			<hitTime>340</hitTime>
		</stats>
		<status attackable="false" />
		<skillList>
			<skill id="4045" level="1" /> <!-- Resist Full Magic Attack -->
			<skill id="4408" level="1" /> <!-- HP Increase (1x) -->
			<skill id="4409" level="1" /> <!-- MP Increase (1x) -->
			<skill id="4410" level="11" /> <!-- Average P. Atk. -->
			<skill id="4411" level="11" /> <!-- Average M. Atk. -->
			<skill id="4412" level="11" /> <!-- Average P. Def. -->
			<skill id="4413" level="11" /> <!-- Average M. Def. -->
			<skill id="4414" level="2" /> <!-- Standard Type -->
			<skill id="4415" level="1" /> <!-- Bare Hands -->
			<skill id="4416" level="7" /> <!-- Spirits -->
		</skillList>
		<exCrtEffect>true</exCrtEffect>
		<collision>
			<radius normal="8" />
			<height normal="15" />
		</collision>
	</npc>
	<npc id="32101" level="70" type="Folk" name="Tony the Cat" title="Event Manager">
		<parameters>
			<param name="MoveAroundSocial" value="0" />
			<param name="MoveAroundSocial1" value="0" />
		</parameters>
		<race>ELEMENTAL</race>
		<sex>FEMALE</sex>
		<stats str="40" int="21" dex="30" wit="20" con="43" men="20">
			<vitals hp="2444.46819" hpRegen="7.5" mp="1345.8" mpRegen="2.7" />
			<attack physical="688.86373" magical="470.40463" random="10" critical="4" accuracy="5" attackSpeed="253" type="FIST" range="40" distance="80" width="120" />
			<defence physical="295.91597" magical="216.53847" />
			<speed>
				<walk ground="48" />
				<run ground="120" />
			</speed>
			<hitTime>340</hitTime>
		</stats>
		<status attackable="false" />
		<skillList>
			<skill id="4045" level="1" /> <!-- Resist Full Magic Attack -->
			<skill id="4408" level="1" /> <!-- HP Increase (1x) -->
			<skill id="4409" level="1" /> <!-- MP Increase (1x) -->
			<skill id="4410" level="11" /> <!-- Average P. Atk. -->
			<skill id="4411" level="11" /> <!-- Average M. Atk. -->
			<skill id="4412" level="11" /> <!-- Average P. Def. -->
			<skill id="4413" level="11" /> <!-- Average M. Def. -->
			<skill id="4414" level="2" /> <!-- Standard Type -->
			<skill id="4415" level="1" /> <!-- Bare Hands -->
			<skill id="4416" level="7" /> <!-- Spirits -->
		</skillList>
		<exCrtEffect>true</exCrtEffect>
		<collision>
			<radius normal="8" />
			<height normal="15" />
		</collision>
	</npc>
	<npc id="32102" level="70" type="Folk" name="Tony the Cat" title="Event Manager">
		<parameters>
			<param name="MoveAroundSocial" value="0" />
			<param name="MoveAroundSocial1" value="0" />
		</parameters>
		<race>ELEMENTAL</race>
		<sex>FEMALE</sex>
		<stats str="40" int="21" dex="30" wit="20" con="43" men="20">
			<vitals hp="2444.46819" hpRegen="7.5" mp="1345.8" mpRegen="2.7" />
			<attack physical="688.86373" magical="470.40463" random="10" critical="4" accuracy="5" attackSpeed="253" type="FIST" range="40" distance="80" width="120" />
			<defence physical="295.91597" magical="216.53847" />
			<speed>
				<walk ground="48" />
				<run ground="120" />
			</speed>
			<hitTime>340</hitTime>
		</stats>
		<status attackable="false" />
		<skillList>
			<skill id="4045" level="1" /> <!-- Resist Full Magic Attack -->
			<skill id="4408" level="1" /> <!-- HP Increase (1x) -->
			<skill id="4409" level="1" /> <!-- MP Increase (1x) -->
			<skill id="4410" level="11" /> <!-- Average P. Atk. -->
			<skill id="4411" level="11" /> <!-- Average M. Atk. -->
			<skill id="4412" level="11" /> <!-- Average P. Def. -->
			<skill id="4413" level="11" /> <!-- Average M. Def. -->
			<skill id="4414" level="2" /> <!-- Standard Type -->
			<skill id="4415" level="1" /> <!-- Bare Hands -->
			<skill id="4416" level="7" /> <!-- Spirits -->
		</skillList>
		<exCrtEffect>true</exCrtEffect>
		<collision>
			<radius normal="8" />
			<height normal="15" />
		</collision>
	</npc>
	<npc id="32103" level="70" type="Folk" name="Telling the Cat" title="Event Manager">
		<parameters>
			<param name="MoveAroundSocial" value="0" />
			<param name="MoveAroundSocial1" value="0" />
		</parameters>
		<race>ELEMENTAL</race>
		<sex>FEMALE</sex>
		<stats str="40" int="21" dex="30" wit="20" con="43" men="20">
			<vitals hp="2444.46819" hpRegen="7.5" mp="1345.8" mpRegen="2.7" />
			<attack physical="688.86373" magical="470.40463" random="10" critical="4" accuracy="5" attackSpeed="253" type="FIST" range="40" distance="80" width="120" />
			<defence physical="295.91597" magical="216.53847" />
			<speed>
				<walk ground="48" />
				<run ground="120" />
			</speed>
			<hitTime>340</hitTime>
		</stats>
		<status attackable="false" />
		<skillList>
			<skill id="4045" level="1" /> <!-- Resist Full Magic Attack -->
			<skill id="4408" level="1" /> <!-- HP Increase (1x) -->
			<skill id="4409" level="1" /> <!-- MP Increase (1x) -->
			<skill id="4410" level="11" /> <!-- Average P. Atk. -->
			<skill id="4411" level="11" /> <!-- Average M. Atk. -->
			<skill id="4412" level="11" /> <!-- Average P. Def. -->
			<skill id="4413" level="11" /> <!-- Average M. Def. -->
			<skill id="4414" level="2" /> <!-- Standard Type -->
			<skill id="4415" level="1" /> <!-- Bare Hands -->
			<skill id="4416" level="7" /> <!-- Spirits -->
		</skillList>
		<exCrtEffect>true</exCrtEffect>
		<collision>
			<radius normal="8" />
			<height normal="15" />
		</collision>
	</npc>
	<npc id="32104" level="70" type="Folk" name="Vervato">
		<parameters>
			<param name="MoveAroundSocial" value="80" />
			<param name="MoveAroundSocial1" value="80" />
			<param name="commission" value="200000" />
		</parameters>
		<race>HUMANOID</race>
		<sex>MALE</sex>
		<stats str="40" int="21" dex="30" wit="20" con="43" men="20">
			<vitals hp="2444.46819" hpRegen="7.5" mp="1345.8" mpRegen="2.7" />
			<attack physical="688.86373" magical="470.40463" random="30" critical="4" accuracy="5" attackSpeed="253" type="SWORD" range="40" distance="80" width="120" />
			<defence physical="295.91597" magical="216.53847" />
			<speed>
				<walk ground="60" />
				<run ground="100" />
			</speed>
		</stats>
		<status attackable="false" />
		<skillList>
			<skill id="4045" level="1" /> <!-- Resist Full Magic Attack -->
			<skill id="4408" level="1" /> <!-- HP Increase (1x) -->
			<skill id="4409" level="1" /> <!-- MP Increase (1x) -->
			<skill id="4410" level="11" /> <!-- Average P. Atk. -->
			<skill id="4411" level="11" /> <!-- Average M. Atk. -->
			<skill id="4412" level="11" /> <!-- Average P. Def. -->
			<skill id="4413" level="11" /> <!-- Average M. Def. -->
			<skill id="4414" level="2" /> <!-- Standard Type -->
			<skill id="4415" level="3" /> <!-- One-handed Sword -->
			<skill id="4416" level="6" /> <!-- Humanoids -->
		</skillList>
		<exCrtEffect>true</exCrtEffect>
		<collision>
			<radius normal="25" />
			<height normal="33" />
		</collision>
	</npc>
	<npc id="32105" level="70" type="Merchant" name="Dinn">
		<parameters>
			<param name="MoveAroundSocial" value="0" />
			<param name="MoveAroundSocial1" value="120" />
		</parameters>
		<race>HUMAN</race>
		<sex>MALE</sex>
		<stats str="40" int="21" dex="30" wit="20" con="43" men="20">
			<vitals hp="2444.46819" hpRegen="7.5" mp="1345.8" mpRegen="2.7" />
			<attack physical="688.86373" magical="470.40463" random="30" critical="4" accuracy="5" attackSpeed="253" type="SWORD" range="40" distance="80" width="120" />
			<defence physical="295.91597" magical="216.53847" />
			<speed>
				<walk ground="50" />
				<run ground="100" />
			</speed>
		</stats>
		<status attackable="false" />
		<skillList>
			<skill id="4045" level="1" /> <!-- Resist Full Magic Attack -->
			<skill id="4408" level="1" /> <!-- HP Increase (1x) -->
			<skill id="4409" level="1" /> <!-- MP Increase (1x) -->
			<skill id="4410" level="11" /> <!-- Average P. Atk. -->
			<skill id="4411" level="11" /> <!-- Average M. Atk. -->
			<skill id="4412" level="11" /> <!-- Average P. Def. -->
			<skill id="4413" level="11" /> <!-- Average M. Def. -->
			<skill id="4414" level="2" /> <!-- Standard Type -->
			<skill id="4415" level="3" /> <!-- One-handed Sword -->
			<skill id="4416" level="14" /> <!-- Humans -->
		</skillList>
		<exCrtEffect>true</exCrtEffect>
		<collision>
			<radius normal="8" />
			<height normal="23" />
		</collision>
	</npc>
	<npc id="32106" level="70" type="Merchant" name="Singsing">
		<parameters>
			<param name="MoveAroundSocial" value="0" />
			<param name="MoveAroundSocial1" value="120" />
		</parameters>
		<race>HUMAN</race>
		<sex>MALE</sex>
		<stats str="40" int="21" dex="30" wit="20" con="43" men="20">
			<vitals hp="2444.46819" hpRegen="7.5" mp="1345.8" mpRegen="2.7" />
			<attack physical="688.86373" magical="470.40463" random="30" critical="4" accuracy="5" attackSpeed="253" type="SWORD" range="40" distance="80" width="120" />
			<defence physical="295.91597" magical="216.53847" />
			<speed>
				<walk ground="50" />
				<run ground="100" />
			</speed>
		</stats>
		<status attackable="false" />
		<skillList>
			<skill id="4045" level="1" /> <!-- Resist Full Magic Attack -->
			<skill id="4408" level="1" /> <!-- HP Increase (1x) -->
			<skill id="4409" level="1" /> <!-- MP Increase (1x) -->
			<skill id="4410" level="11" /> <!-- Average P. Atk. -->
			<skill id="4411" level="11" /> <!-- Average M. Atk. -->
			<skill id="4412" level="11" /> <!-- Average P. Def. -->
			<skill id="4413" level="11" /> <!-- Average M. Def. -->
			<skill id="4414" level="2" /> <!-- Standard Type -->
			<skill id="4415" level="3" /> <!-- One-handed Sword -->
			<skill id="4416" level="14" /> <!-- Humans -->
		</skillList>
		<exCrtEffect>true</exCrtEffect>
		<collision>
			<radius normal="8" />
			<height normal="23" />
		</collision>
	</npc>
	<npc id="32107" level="70" type="Folk" name="Teleportation Cubic">
		<parameters>
			<param name="MoveAroundSocial" value="0" />
			<param name="MoveAroundSocial1" value="0" />
		</parameters>
		<race>ETC</race>
		<sex>ETC</sex>
		<stats str="40" int="21" dex="30" wit="20" con="43" men="20">
			<vitals hp="2444.46819" hpRegen="7.5" mp="1345.8" mpRegen="2.7" />
			<attack physical="688.86373" magical="470.40463" random="30" critical="4" accuracy="5" attackSpeed="253" type="SWORD" range="40" distance="80" width="120" />
			<defence physical="295.91597" magical="216.53847" />
			<speed>
				<walk ground="50" />
				<run ground="120" />
			</speed>
		</stats>
		<status attackable="false" />
		<skillList>
			<skill id="4045" level="1" /> <!-- Resist Full Magic Attack -->
			<skill id="4390" level="1" /> <!-- NPC Abnormal Immunity -->
			<skill id="4408" level="1" /> <!-- HP Increase (1x) -->
			<skill id="4409" level="1" /> <!-- MP Increase (1x) -->
			<skill id="4410" level="11" /> <!-- Average P. Atk. -->
			<skill id="4411" level="11" /> <!-- Average M. Atk. -->
			<skill id="4412" level="11" /> <!-- Average P. Def. -->
			<skill id="4413" level="11" /> <!-- Average M. Def. -->
			<skill id="4414" level="2" /> <!-- Standard Type -->
			<skill id="4415" level="3" /> <!-- One-handed Sword -->
			<skill id="4416" level="19" /> <!-- Others -->
		</skillList>
		<exCrtEffect>true</exCrtEffect>
		<collision>
			<radius normal="40" />
			<height normal="80" />
		</collision>
	</npc>
	<npc id="32108" level="70" type="FlyTerrainObject" name="">
		<parameters>
			<param name="mobile_type" value="1" />
		</parameters>
		<race>HUMANOID</race>
		<sex>MALE</sex>
		<stats str="40" int="21" dex="30" wit="20" con="43" men="20">
			<vitals hp="2444.46819" hpRegen="7.5" mp="1345.8" mpRegen="2.7" />
			<attack physical="688.86373" magical="470.40463" random="30" critical="4" accuracy="5" attackSpeed="253" type="SWORD" range="40" distance="80" width="120" />
			<defence physical="295.91597" magical="216.53847" />
			<speed>
				<walk ground="60" />
				<run ground="160" />
			</speed>
			<hitTime>430</hitTime>
		</stats>
		<status attackable="false" flying="true" />
		<skillList>
			<skill id="4045" level="1" /> <!-- Resist Full Magic Attack -->
			<skill id="4408" level="1" /> <!-- HP Increase (1x) -->
			<skill id="4409" level="1" /> <!-- MP Increase (1x) -->
			<skill id="4410" level="11" /> <!-- Average P. Atk. -->
			<skill id="4411" level="11" /> <!-- Average M. Atk. -->
			<skill id="4412" level="11" /> <!-- Average P. Def. -->
			<skill id="4413" level="11" /> <!-- Average M. Def. -->
			<skill id="4414" level="2" /> <!-- Standard Type -->
			<skill id="4415" level="3" /> <!-- One-handed Sword -->
			<skill id="4416" level="6" /> <!-- Humanoids -->
		</skillList>
		<exCrtEffect>true</exCrtEffect>
		<collision>
			<radius normal="1" />
			<height normal="30" />
		</collision>
	</npc>
	<npc id="32109" level="70" type="Folk" name="Shilen's Stone Statue">
		<race>ETC</race>
		<sex>ETC</sex>
		<stats str="40" int="21" dex="30" wit="20" con="43" men="20">
			<vitals hp="2444.46819" hpRegen="7.5" mp="1345.8" mpRegen="2.7" />
			<attack physical="688.86373" magical="470.40463" random="30" critical="4" accuracy="5" attackSpeed="253" type="SWORD" range="40" distance="80" width="120" />
			<defence physical="295.91597" magical="216.53847" />
			<speed>
				<walk ground="50" />
				<run ground="100" />
			</speed>
		</stats>
		<status attackable="false" />
		<skillList>
			<skill id="4045" level="1" /> <!-- Resist Full Magic Attack -->
			<skill id="4390" level="1" /> <!-- NPC Abnormal Immunity -->
			<skill id="4408" level="1" /> <!-- HP Increase (1x) -->
			<skill id="4409" level="1" /> <!-- MP Increase (1x) -->
			<skill id="4410" level="11" /> <!-- Average P. Atk. -->
			<skill id="4411" level="11" /> <!-- Average M. Atk. -->
			<skill id="4412" level="11" /> <!-- Average P. Def. -->
			<skill id="4413" level="11" /> <!-- Average M. Def. -->
			<skill id="4414" level="2" /> <!-- Standard Type -->
			<skill id="4415" level="3" /> <!-- One-handed Sword -->
			<skill id="4416" level="19" /> <!-- Others -->
		</skillList>
		<exCrtEffect>true</exCrtEffect>
		<collision>
			<radius normal="24" />
			<height normal="72.5" />
		</collision>
	</npc>
	<npc id="32110" level="70" type="Folk" name="">
		<race>CONSTRUCT</race>
		<sex>MALE</sex>
		<stats str="40" int="21" dex="30" wit="20" con="43" men="20">
			<vitals hp="2444.46819" hpRegen="7.5" mp="1345.8" mpRegen="2.7" />
			<attack physical="688.86373" magical="470.40463" random="30" critical="4" accuracy="5" attackSpeed="253" type="SWORD" range="40" distance="80" width="120" />
			<defence physical="295.91597" magical="216.53847" />
			<speed>
				<walk ground="1" />
				<run ground="20" />
			</speed>
		</stats>
		<status attackable="false" />
		<skillList>
			<skill id="4045" level="1" /> <!-- Resist Full Magic Attack -->
			<skill id="4390" level="1" /> <!-- NPC Abnormal Immunity -->
			<skill id="4408" level="1" /> <!-- HP Increase (1x) -->
			<skill id="4409" level="1" /> <!-- MP Increase (1x) -->
			<skill id="4410" level="11" /> <!-- Average P. Atk. -->
			<skill id="4411" level="11" /> <!-- Average M. Atk. -->
			<skill id="4412" level="11" /> <!-- Average P. Def. -->
			<skill id="4413" level="11" /> <!-- Average M. Def. -->
			<skill id="4414" level="2" /> <!-- Standard Type -->
			<skill id="4415" level="3" /> <!-- One-handed Sword -->
			<skill id="4416" level="2" /> <!-- Magic Creatures -->
		</skillList>
		<exCrtEffect>true</exCrtEffect>
		<collision>
			<radius normal="0.1" />
			<height normal="0.1" />
		</collision>
	</npc>
	<npc id="32111" level="70" type="Folk" name="Orahochin">
		<parameters>
			<param name="MoveAroundSocial" value="80" />
			<param name="MoveAroundSocial1" value="80" />
		</parameters>
		<race>HUMANOID</race>
		<sex>MALE</sex>
		<equipment rhand="8217" /> <!-- rhand: Monster Only (Zombie Gateguard Spear) -->
		<stats str="40" int="21" dex="30" wit="20" con="43" men="20">
			<vitals hp="2444.46819" hpRegen="7.5" mp="1345.8" mpRegen="2.7" />
			<attack physical="688.86373" magical="470.40463" random="30" critical="4" accuracy="5" attackSpeed="253" type="SWORD" range="40" distance="80" width="120" />
			<defence physical="295.91597" magical="216.53847" />
			<speed>
				<walk ground="60" />
				<run ground="100" />
			</speed>
		</stats>
		<status attackable="false" />
		<skillList>
			<skill id="4045" level="1" /> <!-- Resist Full Magic Attack -->
			<skill id="4408" level="1" /> <!-- HP Increase (1x) -->
			<skill id="4409" level="1" /> <!-- MP Increase (1x) -->
			<skill id="4410" level="11" /> <!-- Average P. Atk. -->
			<skill id="4411" level="11" /> <!-- Average M. Atk. -->
			<skill id="4412" level="11" /> <!-- Average P. Def. -->
			<skill id="4413" level="11" /> <!-- Average M. Def. -->
			<skill id="4414" level="2" /> <!-- Standard Type -->
			<skill id="4416" level="6" /> <!-- Humanoids -->
		</skillList>
		<exCrtEffect>true</exCrtEffect>
		<collision>
			<radius normal="25" />
			<height normal="33" />
		</collision>
	</npc>
	<npc id="32112" level="70" type="Folk" name="Gariachin">
		<parameters>
			<param name="MoveAroundSocial" value="80" />
			<param name="MoveAroundSocial1" value="80" />
		</parameters>
		<race>HUMANOID</race>
		<sex>MALE</sex>
		<stats str="40" int="21" dex="30" wit="20" con="43" men="20">
			<vitals hp="2444.46819" hpRegen="7.5" mp="1345.8" mpRegen="2.7" />
			<attack physical="688.86373" magical="470.40463" random="30" critical="4" accuracy="5" attackSpeed="253" type="SWORD" range="40" distance="80" width="120" />
			<defence physical="295.91597" magical="216.53847" />
			<speed>
				<walk ground="60" />
				<run ground="100" />
			</speed>
		</stats>
		<status attackable="false" />
		<skillList>
			<skill id="4045" level="1" /> <!-- Resist Full Magic Attack -->
			<skill id="4408" level="1" /> <!-- HP Increase (1x) -->
			<skill id="4409" level="1" /> <!-- MP Increase (1x) -->
			<skill id="4410" level="11" /> <!-- Average P. Atk. -->
			<skill id="4411" level="11" /> <!-- Average M. Atk. -->
			<skill id="4412" level="11" /> <!-- Average P. Def. -->
			<skill id="4413" level="11" /> <!-- Average M. Def. -->
			<skill id="4414" level="2" /> <!-- Standard Type -->
			<skill id="4415" level="3" /> <!-- One-handed Sword -->
			<skill id="4416" level="6" /> <!-- Humanoids -->
		</skillList>
		<exCrtEffect>true</exCrtEffect>
		<collision>
			<radius normal="25" />
			<height normal="33" />
		</collision>
	</npc>
	<npc id="32113" level="70" type="Folk" name="Marquez">
		<parameters>
			<param name="MoveAroundSocial" value="0" />
			<param name="MoveAroundSocial1" value="120" />
		</parameters>
		<race>HUMAN</race>
		<sex>MALE</sex>
		<stats str="40" int="21" dex="30" wit="20" con="43" men="20">
			<vitals hp="2444.46819" hpRegen="7.5" mp="1345.8" mpRegen="2.7" />
			<attack physical="688.86373" magical="470.40463" random="30" critical="4" accuracy="5" attackSpeed="253" type="SWORD" range="40" distance="80" width="120" />
			<defence physical="295.91597" magical="216.53847" />
			<speed>
				<walk ground="50" />
				<run ground="100" />
			</speed>
		</stats>
		<status attackable="false" />
		<skillList>
			<skill id="4045" level="1" /> <!-- Resist Full Magic Attack -->
			<skill id="4408" level="1" /> <!-- HP Increase (1x) -->
			<skill id="4409" level="1" /> <!-- MP Increase (1x) -->
			<skill id="4410" level="11" /> <!-- Average P. Atk. -->
			<skill id="4411" level="11" /> <!-- Average M. Atk. -->
			<skill id="4412" level="11" /> <!-- Average P. Def. -->
			<skill id="4413" level="11" /> <!-- Average M. Def. -->
			<skill id="4414" level="2" /> <!-- Standard Type -->
			<skill id="4415" level="3" /> <!-- One-handed Sword -->
			<skill id="4416" level="14" /> <!-- Humans -->
		</skillList>
		<exCrtEffect>true</exCrtEffect>
		<collision>
			<radius normal="8" />
			<height normal="23" />
		</collision>
	</npc>
	<npc id="32114" level="70" type="Folk" name="Mushika">
		<parameters>
			<param name="MoveAroundSocial" value="80" />
			<param name="MoveAroundSocial1" value="80" />
		</parameters>
		<race>HUMANOID</race>
		<sex>MALE</sex>
		<stats str="40" int="21" dex="30" wit="20" con="43" men="20">
			<vitals hp="2444.46819" hpRegen="7.5" mp="1345.8" mpRegen="2.7" />
			<attack physical="688.86373" magical="470.40463" random="30" critical="4" accuracy="5" attackSpeed="253" type="SWORD" range="40" distance="80" width="120" />
			<defence physical="295.91597" magical="216.53847" />
			<speed>
				<walk ground="60" />
				<run ground="100" />
			</speed>
		</stats>
		<status attackable="false" />
		<skillList>
			<skill id="4045" level="1" /> <!-- Resist Full Magic Attack -->
			<skill id="4408" level="1" /> <!-- HP Increase (1x) -->
			<skill id="4409" level="1" /> <!-- MP Increase (1x) -->
			<skill id="4410" level="11" /> <!-- Average P. Atk. -->
			<skill id="4411" level="11" /> <!-- Average M. Atk. -->
			<skill id="4412" level="11" /> <!-- Average P. Def. -->
			<skill id="4413" level="11" /> <!-- Average M. Def. -->
			<skill id="4414" level="2" /> <!-- Standard Type -->
			<skill id="4415" level="3" /> <!-- One-handed Sword -->
			<skill id="4416" level="6" /> <!-- Humanoids -->
		</skillList>
		<exCrtEffect>true</exCrtEffect>
		<collision>
			<radius normal="30" />
			<height normal="42.5105" />
		</collision>
	</npc>
	<npc id="32115" level="70" type="Folk" name="Asamah">
		<parameters>
			<param name="MoveAroundSocial" value="80" />
			<param name="MoveAroundSocial1" value="80" />
		</parameters>
		<race>HUMANOID</race>
		<sex>MALE</sex>
		<stats str="40" int="21" dex="30" wit="20" con="43" men="20">
			<vitals hp="2444.46819" hpRegen="7.5" mp="1345.8" mpRegen="2.7" />
			<attack physical="688.86373" magical="470.40463" random="30" critical="4" accuracy="5" attackSpeed="253" type="SWORD" range="40" distance="80" width="120" />
			<defence physical="295.91597" magical="216.53847" />
			<speed>
				<walk ground="60" />
				<run ground="100" />
			</speed>
		</stats>
		<status attackable="false" />
		<skillList>
			<skill id="4045" level="1" /> <!-- Resist Full Magic Attack -->
			<skill id="4408" level="1" /> <!-- HP Increase (1x) -->
			<skill id="4409" level="1" /> <!-- MP Increase (1x) -->
			<skill id="4410" level="11" /> <!-- Average P. Atk. -->
			<skill id="4411" level="11" /> <!-- Average M. Atk. -->
			<skill id="4412" level="11" /> <!-- Average P. Def. -->
			<skill id="4413" level="11" /> <!-- Average M. Def. -->
			<skill id="4414" level="2" /> <!-- Standard Type -->
			<skill id="4415" level="3" /> <!-- One-handed Sword -->
			<skill id="4416" level="6" /> <!-- Humanoids -->
		</skillList>
		<exCrtEffect>true</exCrtEffect>
		<collision>
			<radius normal="45" />
			<height normal="41.5" />
		</collision>
	</npc>
	<npc id="32116" level="70" type="Folk" name="Kirikachin">
		<parameters>
			<param name="MoveAroundSocial" value="80" />
			<param name="MoveAroundSocial1" value="80" />
		</parameters>
		<race>HUMANOID</race>
		<sex>MALE</sex>
		<stats str="40" int="21" dex="30" wit="20" con="43" men="20">
			<vitals hp="2444.46819" hpRegen="7.5" mp="1345.8" mpRegen="2.7" />
			<attack physical="688.86373" magical="470.40463" random="30" critical="4" accuracy="5" attackSpeed="253" type="SWORD" range="40" distance="80" width="120" />
			<defence physical="295.91597" magical="216.53847" />
			<speed>
				<walk ground="60" />
				<run ground="100" />
			</speed>
		</stats>
		<status attackable="false" />
		<skillList>
			<skill id="4045" level="1" /> <!-- Resist Full Magic Attack -->
			<skill id="4408" level="1" /> <!-- HP Increase (1x) -->
			<skill id="4409" level="1" /> <!-- MP Increase (1x) -->
			<skill id="4410" level="11" /> <!-- Average P. Atk. -->
			<skill id="4411" level="11" /> <!-- Average M. Atk. -->
			<skill id="4412" level="11" /> <!-- Average P. Def. -->
			<skill id="4413" level="11" /> <!-- Average M. Def. -->
			<skill id="4414" level="2" /> <!-- Standard Type -->
			<skill id="4415" level="3" /> <!-- One-handed Sword -->
			<skill id="4416" level="6" /> <!-- Humanoids -->
		</skillList>
		<exCrtEffect>true</exCrtEffect>
		<collision>
			<radius normal="45" />
			<height normal="41.5" />
		</collision>
	</npc>
	<npc id="32117" level="70" type="Folk" name="Karakawei">
		<parameters>
			<param name="MoveAroundSocial" value="80" />
			<param name="MoveAroundSocial1" value="80" />
		</parameters>
		<race>HUMANOID</race>
		<sex>MALE</sex>
		<stats str="40" int="21" dex="30" wit="20" con="43" men="20">
			<vitals hp="2444.46819" hpRegen="7.5" mp="1345.8" mpRegen="2.7" />
			<attack physical="688.86373" magical="470.40463" random="30" critical="4" accuracy="5" attackSpeed="253" type="SWORD" range="40" distance="80" width="120" />
			<defence physical="295.91597" magical="216.53847" />
			<speed>
				<walk ground="60" />
				<run ground="100" />
			</speed>
		</stats>
		<status attackable="false" />
		<skillList>
			<skill id="4045" level="1" /> <!-- Resist Full Magic Attack -->
			<skill id="4408" level="1" /> <!-- HP Increase (1x) -->
			<skill id="4409" level="1" /> <!-- MP Increase (1x) -->
			<skill id="4410" level="11" /> <!-- Average P. Atk. -->
			<skill id="4411" level="11" /> <!-- Average M. Atk. -->
			<skill id="4412" level="11" /> <!-- Average P. Def. -->
			<skill id="4413" level="11" /> <!-- Average M. Def. -->
			<skill id="4414" level="2" /> <!-- Standard Type -->
			<skill id="4415" level="3" /> <!-- One-handed Sword -->
			<skill id="4416" level="6" /> <!-- Humanoids -->
		</skillList>
		<exCrtEffect>true</exCrtEffect>
		<collision>
			<radius normal="25" />
			<height normal="33" />
		</collision>
	</npc>
	<npc id="32118" level="70" type="Folk" name="Mantarasa Egg">
		<parameters>
			<param name="MoveAroundSocial" value="0" />
			<param name="MoveAroundSocial1" value="0" />
		</parameters>
		<race>ETC</race>
		<sex>ETC</sex>
		<stats str="40" int="21" dex="30" wit="20" con="43" men="20">
			<vitals hp="2444.46819" hpRegen="7.5" mp="1345.8" mpRegen="2.7" />
			<attack physical="688.86373" magical="470.40463" random="30" critical="4" accuracy="5" attackSpeed="253" type="SWORD" range="40" distance="80" width="120" />
			<defence physical="295.91597" magical="216.53847" />
			<speed>
				<walk ground="50" />
				<run ground="100" />
			</speed>
		</stats>
		<status attackable="false" />
		<skillList>
			<skill id="4045" level="1" /> <!-- Resist Full Magic Attack -->
			<skill id="4390" level="1" /> <!-- NPC Abnormal Immunity -->
			<skill id="4408" level="1" /> <!-- HP Increase (1x) -->
			<skill id="4409" level="1" /> <!-- MP Increase (1x) -->
			<skill id="4410" level="11" /> <!-- Average P. Atk. -->
			<skill id="4411" level="11" /> <!-- Average M. Atk. -->
			<skill id="4412" level="11" /> <!-- Average P. Def. -->
			<skill id="4413" level="11" /> <!-- Average M. Def. -->
			<skill id="4414" level="2" /> <!-- Standard Type -->
			<skill id="4415" level="3" /> <!-- One-handed Sword -->
			<skill id="4416" level="19" /> <!-- Others -->
		</skillList>
		<exCrtEffect>true</exCrtEffect>
		<collision>
			<radius normal="53" />
			<height normal="11.5" />
		</collision>
	</npc>
	<npc id="32119" level="70" type="Folk" name="Ulu Kaimu">
		<parameters>
			<param name="MoveAroundSocial" value="0" />
			<param name="MoveAroundSocial1" value="0" />
		</parameters>
		<race>CONSTRUCT</race>
		<sex>FEMALE</sex>
		<stats str="40" int="21" dex="30" wit="20" con="43" men="20">
			<vitals hp="2444.46819" hpRegen="7.5" mp="1345.8" mpRegen="2.7" />
			<attack physical="688.86373" magical="470.40463" random="30" critical="4" accuracy="5" attackSpeed="253" type="SWORD" range="40" distance="80" width="120" />
			<defence physical="295.91597" magical="216.53847" />
			<speed>
				<walk ground="10" />
				<run ground="100" />
			</speed>
			<hitTime>500</hitTime>
		</stats>
		<status attackable="false" />
		<skillList>
			<skill id="4045" level="1" /> <!-- Resist Full Magic Attack -->
			<skill id="4390" level="1" /> <!-- NPC Abnormal Immunity -->
			<skill id="4408" level="1" /> <!-- HP Increase (1x) -->
			<skill id="4409" level="1" /> <!-- MP Increase (1x) -->
			<skill id="4410" level="11" /> <!-- Average P. Atk. -->
			<skill id="4411" level="11" /> <!-- Average M. Atk. -->
			<skill id="4412" level="11" /> <!-- Average P. Def. -->
			<skill id="4413" level="11" /> <!-- Average M. Def. -->
			<skill id="4414" level="2" /> <!-- Standard Type -->
			<skill id="4415" level="3" /> <!-- One-handed Sword -->
			<skill id="4416" level="2" /> <!-- Magic Creatures -->
		</skillList>
		<exCrtEffect>true</exCrtEffect>
		<collision>
			<radius normal="25" />
			<height normal="33.5" />
		</collision>
	</npc>
	<npc id="32120" level="70" type="Folk" name="Balu Kaimu">
		<parameters>
			<param name="MoveAroundSocial" value="0" />
			<param name="MoveAroundSocial1" value="0" />
		</parameters>
		<race>CONSTRUCT</race>
		<sex>FEMALE</sex>
		<stats str="40" int="21" dex="30" wit="20" con="43" men="20">
			<vitals hp="2444.46819" hpRegen="7.5" mp="1345.8" mpRegen="2.7" />
			<attack physical="688.86373" magical="470.40463" random="30" critical="4" accuracy="5" attackSpeed="253" type="SWORD" range="40" distance="80" width="120" />
			<defence physical="295.91597" magical="216.53847" />
			<speed>
				<walk ground="10" />
				<run ground="100" />
			</speed>
			<hitTime>500</hitTime>
		</stats>
		<status attackable="false" />
		<skillList>
			<skill id="4045" level="1" /> <!-- Resist Full Magic Attack -->
			<skill id="4390" level="1" /> <!-- NPC Abnormal Immunity -->
			<skill id="4408" level="1" /> <!-- HP Increase (1x) -->
			<skill id="4409" level="1" /> <!-- MP Increase (1x) -->
			<skill id="4410" level="11" /> <!-- Average P. Atk. -->
			<skill id="4411" level="11" /> <!-- Average M. Atk. -->
			<skill id="4412" level="11" /> <!-- Average P. Def. -->
			<skill id="4413" level="11" /> <!-- Average M. Def. -->
			<skill id="4414" level="2" /> <!-- Standard Type -->
			<skill id="4415" level="3" /> <!-- One-handed Sword -->
			<skill id="4416" level="2" /> <!-- Magic Creatures -->
		</skillList>
		<exCrtEffect>true</exCrtEffect>
		<collision>
			<radius normal="25" />
			<height normal="33.5" />
		</collision>
	</npc>
	<npc id="32121" level="70" type="Folk" name="Chuta Kaimu">
		<parameters>
			<param name="MoveAroundSocial" value="0" />
			<param name="MoveAroundSocial1" value="0" />
		</parameters>
		<race>CONSTRUCT</race>
		<sex>FEMALE</sex>
		<stats str="40" int="21" dex="30" wit="20" con="43" men="20">
			<vitals hp="2444.46819" hpRegen="7.5" mp="1345.8" mpRegen="2.7" />
			<attack physical="688.86373" magical="470.40463" random="30" critical="4" accuracy="5" attackSpeed="253" type="SWORD" range="40" distance="80" width="120" />
			<defence physical="295.91597" magical="216.53847" />
			<speed>
				<walk ground="10" />
				<run ground="100" />
			</speed>
			<hitTime>500</hitTime>
		</stats>
		<status attackable="false" />
		<skillList>
			<skill id="4045" level="1" /> <!-- Resist Full Magic Attack -->
			<skill id="4390" level="1" /> <!-- NPC Abnormal Immunity -->
			<skill id="4408" level="1" /> <!-- HP Increase (1x) -->
			<skill id="4409" level="1" /> <!-- MP Increase (1x) -->
			<skill id="4410" level="11" /> <!-- Average P. Atk. -->
			<skill id="4411" level="11" /> <!-- Average M. Atk. -->
			<skill id="4412" level="11" /> <!-- Average P. Def. -->
			<skill id="4413" level="11" /> <!-- Average M. Def. -->
			<skill id="4414" level="2" /> <!-- Standard Type -->
			<skill id="4415" level="3" /> <!-- One-handed Sword -->
			<skill id="4416" level="2" /> <!-- Magic Creatures -->
		</skillList>
		<exCrtEffect>true</exCrtEffect>
		<collision>
			<radius normal="25" />
			<height normal="33.5" />
		</collision>
	</npc>
	<npc id="32122" level="70" type="Folk" name="Warrior's Grave">
		<parameters>
			<param name="MoveAroundSocial" value="0" />
			<param name="MoveAroundSocial1" value="0" />
		</parameters>
		<race>CONSTRUCT</race>
		<sex>FEMALE</sex>
		<stats str="40" int="21" dex="30" wit="20" con="43" men="20">
			<vitals hp="2444.46819" hpRegen="7.5" mp="1345.8" mpRegen="2.7" />
			<attack physical="688.86373" magical="470.40463" random="30" critical="4" accuracy="5" attackSpeed="253" type="SWORD" range="40" distance="80" width="120" />
			<defence physical="295.91597" magical="216.53847" />
			<speed>
				<walk ground="10" />
				<run ground="100" />
			</speed>
			<hitTime>500</hitTime>
		</stats>
		<status attackable="false" />
		<skillList>
			<skill id="4045" level="1" /> <!-- Resist Full Magic Attack -->
			<skill id="4390" level="1" /> <!-- NPC Abnormal Immunity -->
			<skill id="4408" level="1" /> <!-- HP Increase (1x) -->
			<skill id="4409" level="1" /> <!-- MP Increase (1x) -->
			<skill id="4410" level="11" /> <!-- Average P. Atk. -->
			<skill id="4411" level="11" /> <!-- Average M. Atk. -->
			<skill id="4412" level="11" /> <!-- Average P. Def. -->
			<skill id="4413" level="11" /> <!-- Average M. Def. -->
			<skill id="4414" level="2" /> <!-- Standard Type -->
			<skill id="4415" level="3" /> <!-- One-handed Sword -->
			<skill id="4416" level="2" /> <!-- Magic Creatures -->
		</skillList>
		<exCrtEffect>true</exCrtEffect>
		<collision>
			<radius normal="16" />
			<height normal="18.5" />
		</collision>
	</npc>
	<npc id="32123" level="70" type="Folk" name="Valakas">
		<race>DRAGON</race>
		<sex>MALE</sex>
		<stats str="40" int="21" dex="30" wit="20" con="43" men="20">
			<vitals hp="2444.46819" hpRegen="7.5" mp="1345.8" mpRegen="2.7" />
			<attack physical="688.86373" magical="470.40463" random="30" critical="4" accuracy="5" attackSpeed="253" type="SWORD" range="40" distance="80" width="120" />
			<defence physical="295.91597" magical="216.53847" />
			<speed>
				<walk ground="120" />
				<run ground="290" />
			</speed>
		</stats>
		<status attackable="false" flying="true" noSleepMode="true" />
		<skillList>
			<skill id="4045" level="1" /> <!-- Resist Full Magic Attack -->
			<skill id="4408" level="1" /> <!-- HP Increase (1x) -->
			<skill id="4409" level="1" /> <!-- MP Increase (1x) -->
			<skill id="4410" level="11" /> <!-- Average P. Atk. -->
			<skill id="4411" level="11" /> <!-- Average M. Atk. -->
			<skill id="4412" level="11" /> <!-- Average P. Def. -->
			<skill id="4413" level="11" /> <!-- Average M. Def. -->
			<skill id="4414" level="2" /> <!-- Standard Type -->
			<skill id="4415" level="3" /> <!-- One-handed Sword -->
			<skill id="4416" level="10" /> <!-- Dragons -->
		</skillList>
		<exCrtEffect>true</exCrtEffect>
		<collision>
			<radius normal="190" />
			<height normal="335" />
		</collision>
	</npc>
	<npc id="32124" level="70" type="Folk" name="Great Soul">
		<parameters>
			<param name="MoveAroundSocial" value="0" />
			<param name="MoveAroundSocial1" value="0" />
		</parameters>
		<race>ETC</race>
		<sex>ETC</sex>
		<stats str="40" int="21" dex="30" wit="20" con="43" men="20">
			<vitals hp="2444.46819" hpRegen="7.5" mp="1345.8" mpRegen="2.7" />
			<attack physical="688.86373" magical="470.40463" random="30" critical="4" accuracy="5" attackSpeed="253" type="SWORD" range="40" distance="80" width="120" />
			<defence physical="295.91597" magical="216.53847" />
			<speed>
				<walk ground="50" />
				<run ground="100" />
			</speed>
		</stats>
		<status attackable="false" />
		<skillList>
			<skill id="4045" level="1" /> <!-- Resist Full Magic Attack -->
			<skill id="4390" level="1" /> <!-- NPC Abnormal Immunity -->
			<skill id="4408" level="1" /> <!-- HP Increase (1x) -->
			<skill id="4409" level="1" /> <!-- MP Increase (1x) -->
			<skill id="4410" level="11" /> <!-- Average P. Atk. -->
			<skill id="4411" level="11" /> <!-- Average M. Atk. -->
			<skill id="4412" level="11" /> <!-- Average P. Def. -->
			<skill id="4413" level="11" /> <!-- Average M. Def. -->
			<skill id="4414" level="2" /> <!-- Standard Type -->
			<skill id="4415" level="3" /> <!-- One-handed Sword -->
			<skill id="4416" level="19" /> <!-- Others -->
		</skillList>
		<exCrtEffect>true</exCrtEffect>
		<collision>
			<radius normal="14" />
			<height normal="25" />
		</collision>
	</npc>
	<npc id="32125" level="70" type="Folk" name="Great Soul">
		<parameters>
			<param name="MoveAroundSocial" value="0" />
			<param name="MoveAroundSocial1" value="0" />
		</parameters>
		<race>ETC</race>
		<sex>ETC</sex>
		<stats str="40" int="21" dex="30" wit="20" con="43" men="20">
			<vitals hp="2444.46819" hpRegen="7.5" mp="1345.8" mpRegen="2.7" />
			<attack physical="688.86373" magical="470.40463" random="30" critical="4" accuracy="5" attackSpeed="253" type="SWORD" range="40" distance="80" width="120" />
			<defence physical="295.91597" magical="216.53847" />
			<speed>
				<walk ground="50" />
				<run ground="100" />
			</speed>
		</stats>
		<status attackable="false" />
		<skillList>
			<skill id="4045" level="1" /> <!-- Resist Full Magic Attack -->
			<skill id="4390" level="1" /> <!-- NPC Abnormal Immunity -->
			<skill id="4408" level="1" /> <!-- HP Increase (1x) -->
			<skill id="4409" level="1" /> <!-- MP Increase (1x) -->
			<skill id="4410" level="11" /> <!-- Average P. Atk. -->
			<skill id="4411" level="11" /> <!-- Average M. Atk. -->
			<skill id="4412" level="11" /> <!-- Average P. Def. -->
			<skill id="4413" level="11" /> <!-- Average M. Def. -->
			<skill id="4414" level="2" /> <!-- Standard Type -->
			<skill id="4415" level="3" /> <!-- One-handed Sword -->
			<skill id="4416" level="19" /> <!-- Others -->
		</skillList>
		<exCrtEffect>true</exCrtEffect>
		<collision>
			<radius normal="14" />
			<height normal="25" />
		</collision>
	</npc>
	<npc id="32126" level="70" type="Folk" name="Priest Guard">
		<race>HUMAN</race>
		<sex>MALE</sex>
		<equipment rhand="7824" /> <!-- rhand: Traveler's Long Bow -->
		<stats str="40" int="21" dex="30" wit="20" con="43" men="20">
			<vitals hp="2444.46819" hpRegen="7.5" mp="1345.8" mpRegen="2.7" />
			<attack physical="688.86373" magical="470.40463" random="10" critical="8" accuracy="0" attackSpeed="253" reuseDelay="1500" type="BOW" range="1100" distance="10" width="0" />
			<defence physical="295.91597" magical="216.53847" />
			<speed>
				<walk ground="50" />
				<run ground="140" />
			</speed>
		</stats>
		<status attackable="false" />
		<skillList>
			<skill id="4045" level="1" /> <!-- Resist Full Magic Attack -->
			<skill id="4408" level="1" /> <!-- HP Increase (1x) -->
			<skill id="4409" level="1" /> <!-- MP Increase (1x) -->
			<skill id="4410" level="11" /> <!-- Average P. Atk. -->
			<skill id="4411" level="11" /> <!-- Average M. Atk. -->
			<skill id="4412" level="11" /> <!-- Average P. Def. -->
			<skill id="4413" level="11" /> <!-- Average M. Def. -->
			<skill id="4414" level="2" /> <!-- Standard Type -->
			<skill id="4415" level="9" /> <!-- Bows -->
			<skill id="4416" level="14" /> <!-- Humans -->
		</skillList>
		<exCrtEffect>true</exCrtEffect>
		<collision>
			<radius normal="8" />
			<height normal="23.5" />
		</collision>
	</npc>
	<npc id="32127" level="70" type="Folk" name="Priest Guard">
		<race>HUMAN</race>
		<sex>MALE</sex>
		<equipment rhand="7824" /> <!-- rhand: Traveler's Long Bow -->
		<stats str="40" int="21" dex="30" wit="20" con="43" men="20">
			<vitals hp="2444.46819" hpRegen="7.5" mp="1345.8" mpRegen="2.7" />
			<attack physical="688.86373" magical="470.40463" random="10" critical="8" accuracy="0" attackSpeed="253" reuseDelay="1500" type="BOW" range="1100" distance="10" width="0" />
			<defence physical="295.91597" magical="216.53847" />
			<speed>
				<walk ground="50" />
				<run ground="140" />
			</speed>
		</stats>
		<status attackable="false" />
		<skillList>
			<skill id="4045" level="1" /> <!-- Resist Full Magic Attack -->
			<skill id="4408" level="1" /> <!-- HP Increase (1x) -->
			<skill id="4409" level="1" /> <!-- MP Increase (1x) -->
			<skill id="4410" level="11" /> <!-- Average P. Atk. -->
			<skill id="4411" level="11" /> <!-- Average M. Atk. -->
			<skill id="4412" level="11" /> <!-- Average P. Def. -->
			<skill id="4413" level="11" /> <!-- Average M. Def. -->
			<skill id="4414" level="2" /> <!-- Standard Type -->
			<skill id="4415" level="9" /> <!-- Bows -->
			<skill id="4416" level="14" /> <!-- Humans -->
		</skillList>
		<exCrtEffect>true</exCrtEffect>
		<collision>
			<radius normal="8" />
			<height normal="23.5" />
		</collision>
	</npc>
	<npc id="32128" level="70" type="Folk" name="Guardian Wizard of the Cloth">
		<parameters>
			<minions name="Privates">
				<npc id="32127" count="6" respawnTime="0" weightPoint="1" />
			</minions>
		</parameters>
		<race>HUMAN</race>
		<sex>FEMALE</sex>
		<equipment rhand="4900" /> <!-- rhand: Staff of Evil Spirits - Magic Focus -->
		<stats str="40" int="21" dex="30" wit="20" con="43" men="20">
			<vitals hp="2444.46819" hpRegen="7.5" mp="1345.8" mpRegen="2.7" />
			<attack physical="688.86373" magical="470.40463" random="30" critical="4" accuracy="5" attackSpeed="253" type="SWORD" range="40" distance="80" width="120" />
			<defence physical="295.91597" magical="216.53847" />
			<speed>
				<walk ground="50" />
				<run ground="140" />
			</speed>
		</stats>
		<status attackable="false" />
		<skillList>
			<skill id="4045" level="1" /> <!-- Resist Full Magic Attack -->
			<skill id="4408" level="1" /> <!-- HP Increase (1x) -->
			<skill id="4409" level="1" /> <!-- MP Increase (1x) -->
			<skill id="4410" level="11" /> <!-- Average P. Atk. -->
			<skill id="4411" level="11" /> <!-- Average M. Atk. -->
			<skill id="4412" level="11" /> <!-- Average P. Def. -->
			<skill id="4413" level="11" /> <!-- Average M. Def. -->
			<skill id="4414" level="2" /> <!-- Standard Type -->
			<skill id="4415" level="3" /> <!-- One-handed Sword -->
			<skill id="4416" level="14" /> <!-- Humans -->
		</skillList>
		<exCrtEffect>true</exCrtEffect>
		<collision>
			<radius normal="8" />
			<height normal="24.5" />
		</collision>
	</npc>
	<npc id="32129" level="70" type="Folk" name="">
		<race>ETC</race>
		<sex>ETC</sex>
		<stats str="40" int="21" dex="30" wit="20" con="43" men="20">
			<vitals hp="2444.46819" hpRegen="7.5" mp="1345.8" mpRegen="2.7" />
			<attack physical="688.86373" magical="470.40463" random="30" critical="4" accuracy="5" attackSpeed="253" type="SWORD" range="40" distance="80" width="120" />
			<defence physical="295.91597" magical="216.53847" />
			<speed>
				<walk ground="50" />
				<run ground="100" />
			</speed>
		</stats>
		<status attackable="false" />
		<skillList>
			<skill id="4045" level="1" /> <!-- Resist Full Magic Attack -->
			<skill id="4390" level="1" /> <!-- NPC Abnormal Immunity -->
			<skill id="4408" level="1" /> <!-- HP Increase (1x) -->
			<skill id="4409" level="1" /> <!-- MP Increase (1x) -->
			<skill id="4410" level="11" /> <!-- Average P. Atk. -->
			<skill id="4411" level="11" /> <!-- Average M. Atk. -->
			<skill id="4412" level="11" /> <!-- Average P. Def. -->
			<skill id="4413" level="11" /> <!-- Average M. Def. -->
			<skill id="4414" level="2" /> <!-- Standard Type -->
			<skill id="4415" level="3" /> <!-- One-handed Sword -->
			<skill id="4416" level="19" /> <!-- Others -->
		</skillList>
		<exCrtEffect>true</exCrtEffect>
		<collision>
			<radius normal="5" />
			<height normal="10" />
		</collision>
	</npc>
	<npc id="32130" level="70" type="Folk" name="Strategist Lucien" title="Event Manager">
		<parameters>
			<param name="MoveAroundSocial" value="80" />
			<param name="MoveAroundSocial1" value="80" />
		</parameters>
		<race>ELEMENTAL</race>
		<sex>MALE</sex>
		<stats str="40" int="21" dex="30" wit="20" con="43" men="20">
			<vitals hp="2444.46819" hpRegen="7.5" mp="1345.8" mpRegen="2.7" />
			<attack physical="688.86373" magical="470.40463" random="30" critical="4" accuracy="5" attackSpeed="253" type="SWORD" range="40" distance="80" width="120" />
			<defence physical="295.91597" magical="216.53847" />
			<speed>
				<walk ground="160" />
				<run ground="120" />
			</speed>
		</stats>
		<status attackable="false" />
		<skillList>
			<skill id="4045" level="1" /> <!-- Resist Full Magic Attack -->
			<skill id="4408" level="1" /> <!-- HP Increase (1x) -->
			<skill id="4409" level="1" /> <!-- MP Increase (1x) -->
			<skill id="4410" level="11" /> <!-- Average P. Atk. -->
			<skill id="4411" level="11" /> <!-- Average M. Atk. -->
			<skill id="4412" level="11" /> <!-- Average P. Def. -->
			<skill id="4413" level="11" /> <!-- Average M. Def. -->
			<skill id="4414" level="2" /> <!-- Standard Type -->
			<skill id="4415" level="3" /> <!-- One-handed Sword -->
			<skill id="4416" level="7" /> <!-- Spirits -->
		</skillList>
		<exCrtEffect>true</exCrtEffect>
		<collision>
			<radius normal="6" />
			<height normal="16.0055" />
		</collision>
	</npc>
	<npc id="32131" level="70" type="Folk" name="Magic Laboratory Worker" title="Event Manager">
		<race>DWARF</race>
		<sex>FEMALE</sex>
		<equipment rhand="313" /> <!-- rhand: Temptation of Abyss -->
		<stats str="40" int="21" dex="30" wit="20" con="43" men="20">
			<vitals hp="2444.46819" hpRegen="7.5" mp="1345.8" mpRegen="2.7" />
			<attack physical="688.86373" magical="470.40463" random="30" critical="4" accuracy="5" attackSpeed="253" type="SWORD" range="40" distance="80" width="120" />
			<defence physical="295.91597" magical="216.53847" />
			<speed>
				<walk ground="50" />
				<run ground="120" />
			</speed>
		</stats>
		<status attackable="false" />
		<skillList>
			<skill id="4045" level="1" /> <!-- Resist Full Magic Attack -->
			<skill id="4408" level="1" /> <!-- HP Increase (1x) -->
			<skill id="4409" level="1" /> <!-- MP Increase (1x) -->
			<skill id="4410" level="11" /> <!-- Average P. Atk. -->
			<skill id="4411" level="11" /> <!-- Average M. Atk. -->
			<skill id="4412" level="11" /> <!-- Average P. Def. -->
			<skill id="4413" level="11" /> <!-- Average M. Def. -->
			<skill id="4414" level="2" /> <!-- Standard Type -->
			<skill id="4415" level="3" /> <!-- One-handed Sword -->
			<skill id="4416" level="18" /> <!-- Dwarves -->
		</skillList>
		<exCrtEffect>true</exCrtEffect>
		<collision>
			<radius normal="8" />
			<height normal="17.5" />
		</collision>
	</npc>
	<npc id="32132" level="70" type="Folk" name="Alchemist's Servitor">
		<race>ETC</race>
		<sex>ETC</sex>
		<stats str="40" int="21" dex="30" wit="20" con="43" men="20">
			<vitals hp="2444.46819" hpRegen="7.5" mp="1345.8" mpRegen="2.7" />
			<attack physical="688.86373" magical="470.40463" random="10" critical="4" accuracy="5" attackSpeed="253" type="FIST" range="40" distance="80" width="120" />
			<defence physical="295.91597" magical="216.53847" />
			<speed>
				<walk ground="50" />
				<run ground="1" />
			</speed>
		</stats>
		<status attackable="false" />
		<skillList>
			<skill id="4045" level="1" /> <!-- Resist Full Magic Attack -->
			<skill id="4390" level="1" /> <!-- NPC Abnormal Immunity -->
			<skill id="4408" level="1" /> <!-- HP Increase (1x) -->
			<skill id="4409" level="1" /> <!-- MP Increase (1x) -->
			<skill id="4410" level="11" /> <!-- Average P. Atk. -->
			<skill id="4411" level="11" /> <!-- Average M. Atk. -->
			<skill id="4412" level="11" /> <!-- Average P. Def. -->
			<skill id="4413" level="11" /> <!-- Average M. Def. -->
			<skill id="4414" level="2" /> <!-- Standard Type -->
			<skill id="4415" level="1" /> <!-- Bare Hands -->
			<skill id="4416" level="19" /> <!-- Others -->
		</skillList>
		<exCrtEffect>true</exCrtEffect>
		<collision>
			<radius normal="7" />
			<height normal="15" />
		</collision>
	</npc>
</list>
