<?xml version="1.0" encoding="UTF-8"?>
<list xmlns:xsi="http://www.w3.org/2001/XMLSchema-instance" xsi:noNamespaceSchemaLocation="../../../xsd/npcs.xsd">
	<npc id="500" displayId="30115" name="Jurek" usingServerSideName="true" title="Faction Manager" usingServerSideTitle="true" type="Folk">
		<race>HUMAN</race>
		<sex>MALE</sex>
		<stats>
			<vitals hp="2444.46819" hpRegen="7.5" mp="1345.8" mpRegen="2.7" />
			<attack physical="688.86373" magical="470.40463" random="30" critical="4" accuracy="95" attackSpeed="253" type="SWORD" range="40" distance="80" width="120" />
			<defence physical="295.91597" magical="216.53847" />
			<speed>
				<walk ground="50" />
				<run ground="120" />
			</speed>
		</stats>
		<status attackable="false" />
		<collision>
			<radius normal="8" />
			<height normal="23" />
		</collision>
	</npc>
	<npc id="501" displayId="31033" level="85" type="Guard" name="Sentinel" usingServerSideName="true">
		<parameters>
			<param name="NoFnHi" value="1" />
			<param name="MoveAroundSocial" value="0" />
			<param name="MoveAroundSocial1" value="79" />
		</parameters>
		<race>ELF</race>
		<sex>MALE</sex>
		<equipment rhand="276" /> <!-- rhand: Elven Bow -->
		<stats>
			<vitals hp="3290.11306877694" hpRegen="8.5" mp="1674.8" mpRegen="3" />
			<attack physical="970.537548504614" magical="662.751329129412" random="10" critical="8" accuracy="100" attackSpeed="253" reuseDelay="1500" type="BOW" range="1100" distance="10" width="0" />
			<defence physical="341.375" magical="249.80341" />
			<speed>
				<walk ground="50" />
				<run ground="160" />
			</speed>
		</stats>
		<status attackable="false" undying="false" />
		<skillList>
			<skill id="4045" level="1" /> <!-- Resist Full Magic Attack -->
			<skill id="4410" level="16" /> <!-- Very Strong P. Atk. -->
			<skill id="4411" level="16" /> <!-- Very Strong M. Atk. -->
			<skill id="4412" level="16" /> <!-- Very Strong P. Def. -->
			<skill id="4413" level="16" /> <!-- Very Strong M. Def. -->
			<skill id="4414" level="2" /> <!-- Standard Type -->
			<skill id="4415" level="9" /> <!-- Bows -->
			<skill id="4416" level="15" /> <!-- Elves -->
		</skillList>
		<exCrtEffect>true</exCrtEffect>
		<ai aggroRange="500" clanHelpRange="300">
			<clanList>
				<clan>Good</clan>
			</clanList>
		</ai>
		<collision>
			<radius normal="8" />
			<height normal="23.5" />
		</collision>
	</npc>
	<npc id="502" displayId="31036" level="85" type="Guard" name="Centurion" usingServerSideName="true">
		<parameters>
			<param name="NoFnHi" value="1" />
			<param name="MoveAroundSocial" value="0" />
			<param name="MoveAroundSocial1" value="140" />
		</parameters>
		<race>ORC</race>
		<sex>MALE</sex>
		<equipment rhand="273" /> <!-- rhand: Composite Bow -->
		<stats>
			<vitals hp="13290.11306877694" hpRegen="8.5" mp="11674.8" mpRegen="3" />
			<attack physical="970.537548504614" magical="662.751329129412" random="10" critical="8" accuracy="100" attackSpeed="253" reuseDelay="1500" type="BOW" range="1100" distance="10" width="0" />
			<defence physical="341.375" magical="249.80341" />
			<speed>
				<walk ground="50" />
				<run ground="160" />
			</speed>
		</stats>
		<status attackable="false" undying="false" />
		<skillList>
			<skill id="4045" level="1" /> <!-- Resist Full Magic Attack -->
			<skill id="4410" level="16" /> <!-- Very Strong P. Atk. -->
			<skill id="4411" level="16" /> <!-- Very Strong M. Atk. -->
			<skill id="4412" level="16" /> <!-- Very Strong P. Def. -->
			<skill id="4413" level="16" /> <!-- Very Strong M. Def. -->
			<skill id="4414" level="2" /> <!-- Standard Type -->
			<skill id="4415" level="9" /> <!-- Bows -->
			<skill id="4416" level="17" /> <!-- Orcs -->
		</skillList>
		<exCrtEffect>true</exCrtEffect>
		<ai aggroRange="500" clanHelpRange="300">
			<clanList>
				<clan>Evil</clan>
			</clanList>
		</ai>
		<collision>
			<radius normal="8" />
			<height normal="27" />
		</collision>
	</npc>
</list>