﻿<?xml version="1.0" encoding="UTF-8"?>
<list xmlns:xsi="http://www.w3.org/2001/XMLSchema-instance" xsi:noNamespaceSchemaLocation="../../xsd/skills.xsd">
	<skill id="301" levels="5" name="Summon Big Boom" enchantGroup1="1">
		<!-- Summons a Big Boom that self-destructs by explosion. Summoning it requires 3 Crystals: D-Grade. Afterwards 5 additional crystals will be consumed at a regular interval for 4 times. 30% of acquired Exp will be consumed. -->
		<table name="#itemConsumeCount">3 3 4 4 5</table>
		<table name="#magicLevel">58 62 66 70 74</table>
		<table name="#mpConsume">74 82 88 94 100</table>
		<table name="#npcIds">14702 14703 14704 14705 14706</table>
		<table name="#ench1expPenalty">0.72 0.74 0.76 0.78 0.8 0.82 0.84 0.86 0.88 0.9 0.92 0.94 0.96 0.98 1 1 1 1 1 1 1 1 1 1 1 1 1 1 1 1</table>
		<table name="#enchNpcIds">14707 14708 14709 14710 14711 14712 14713 14714 14715 14716 14717 14718 14719 14720 14721 14722 14723 14724 14725 14726 14727 14728 14729 14730 14731 14732 14733 14734 14735 14736</table>
		<set name="hitTime" val="6000" />
		<set name="icon" val="icon.skill0301" />
		<set name="itemConsumeCount" val="#itemConsumeCount" />
		<set name="itemConsumeId" val="1458" /> <!-- Crystal: D-Grade -->
		<set name="magicLevel" val="#magicLevel" />
		<set name="mpConsume" val="#mpConsume" />
		<set name="operateType" val="A1" />
		<set name="reuseDelay" val="5000" />
		<set name="targetType" val="SELF" />
		<cond>
			<player canSummon="true" />
		</cond>
		<for>
			<effect name="Summon">
				<param npcId="#npcIds" />
				<param consumeItemId="1458" consumeItemCount="5" />
				<param lifeTime="1200" />
				<param expMultiplier="0.7" />
			</effect>
		</for>
		<enchant1for>
			<effect name="Summon">
				<param npcId="#enchNpcIds" />
				<param consumeItemId="1458" consumeItemCount="5" />
				<param lifeTime="1200" />
				<param expMultiplier="#ench1expPenalty" />
			</effect>
		</enchant1for>
	</skill>
	<skill id="302" levels="9" name="Spoil Festival" enchantGroup1="2" enchantGroup2="2">
		<!-- Throws multiple enemies into a state of Spoil. -->
		<table name="#effectPoints">-268 -341 -408 -467 -523 -582 -611 -635 -655</table>
		<table name="#magicLevel">28 36 43 49 55 62 66 70 74</table>
		<table name="#mpConsume">73 93 113 131 150 172 183 194 204</table>
		<table name="#ench1ActivateRates">0 1 2 2 3 4 4 5 6 6 7 8 8 9 10 10 11 12 12 13 14 14 15 16 16 17 18 18 19 20</table>
		<table name="#ench2ActivateRates">0 0 1 1 1 2 2 2 3 3 3 4 4 4 5 5 5 6 6 6 7 7 7 8 8 8 9 9 9 10</table>
		<table name="#enchMagicLvl">76 76 76 77 77 77 78 78 78 79 79 79 80 80 80 81 81 81 82 82 82 83 83 83 84 84 84 85 85 85</table>
		<set name="affectLimit" val="9-10" />
		<set name="affectRange" val="200" />
		<set name="castRange" val="40" />
		<set name="effectPoint" val="#effectPoints" />
		<set name="effectRange" val="400" />
		<set name="hitTime" val="1800" />
		<set name="icon" val="icon.skill0302" />
		<set name="magicLevel" val="#magicLevel" />
		<set name="mpConsume" val="#mpConsume" />
		<set name="nextActionAttack" val="true" />
		<set name="operateType" val="A1" />
		<set name="reuseDelay" val="3000" />
		<set name="targetType" val="AREA" />
		<enchant1 name="abnormalLevel" val="3" />
		<enchant1 name="abnormalTime" val="30" />
		<enchant1 name="abnormalType" val="ATTACK_TIME_UP" />
		<enchant1 name="activateRate" val="#ench1ActivateRates" />
		<enchant1 name="basicProperty" val="MEN" />
		<enchant1 name="element" val="3" /> <!-- Earth -->
		<enchant1 name="elementPower" val="20" />
		<enchant1 name="isDebuff" val="true" />
		<enchant1 name="operateType" val="A2" />
		<enchant1 name="lvlBonusRate" val="1" />
		<enchant1 name="magicLevel" val="#enchMagicLvl" />
		<enchant1 name="offensive" val="true" />
		<enchant2 name="abnormalLevel" val="3" />
		<enchant2 name="abnormalTime" val="15" />
		<enchant2 name="abnormalType" val="DOT_ATTR" />
		<enchant2 name="activateRate" val="#ench2ActivateRates" />
		<enchant2 name="basicProperty" val="MEN" />
		<enchant2 name="element" val="3" /> <!-- Earth -->
		<enchant2 name="elementPower" val="20" />
		<enchant2 name="isDebuff" val="true" />
		<enchant2 name="operateType" val="A2" />
		<enchant2 name="lvlBonusRate" val="1" />
		<enchant2 name="magicLevel" val="#enchMagicLvl" />
		<enchant2 name="offensive" val="true" />
		<for>
			<effect name="Spoil" />
		</for>
		<enchant1for>
			<effect name="Debuff">
				<mul stat="pAtkSpd" val="0.77" />
			</effect>
			<effect name="Spoil" />
		</enchant1for>
		<enchant2for>
			<effect name="DamOverTime" ticks="5">
				<param power="118" />
			</effect>
			<effect name="Spoil" />
		</enchant2for>
	</skill>
	<skill id="303" levels="4" name="Soul of Sagittarius" enchantGroup1="1">
		<!-- Temporarily increases maximum MP. Effect 1. -->
		<table name="#abnormalLevels">1 2 3 4</table>
		<table name="#effectPoints">438 549 597 635</table>
		<table name="#hpConsume">185 271 316 364</table>
		<table name="#magicLevel">40 58 64 70</table>
		<table name="#maxMp">1.1 1.15 1.2 1.25</table>
		<table name="#ench1abnormalLevel">4 4 4 4 4 4 4 4 4 5 5 5 5 5 5 5 5 5 5 6 6 6 6 6 6 6 6 6 6 6</table>
		<table name="#ench1hpConsume">358 352 346 340 334 328 322 316 310 304 298 292 286 280 274 267 261 255 249 243 237 231 225 219 213 207 201 195 189 183</table>
		<table name="#ench1maxMp">1.25 1.25 1.25 1.25 1.25 1.25 1.25 1.25 1.25 1.3 1.3 1.3 1.3 1.3 1.3 1.3 1.3 1.3 1.3 1.35 1.35 1.35 1.35 1.35 1.35 1.35 1.35 1.35 1.35 1.35</table>
		<table name="#enchMagicLvl">76 76 76 77 77 77 78 78 78 79 79 79 80 80 80 81 81 81 82 82 82 83 83 83 84 84 84 85 85 85</table>
		<set name="abnormalLevel" val="#abnormalLevels" />
		<set name="abnormalTime" val="1200" />
		<set name="abnormalType" val="MAX_MP_UP" />
		<set name="effectPoint" val="#effectPoints" />
		<set name="hitTime" val="2000" />
		<set name="hpConsume" val="#hpConsume" />
		<set name="icon" val="icon.skill0303" />
		<set name="magicLevel" val="#magicLevel" />
		<set name="operateType" val="A2" />
		<set name="reuseDelay" val="4000" />
		<set name="targetType" val="SELF" />
		<enchant1 name="hpConsume" val="#ench1hpConsume" />
		<enchant1 name="magicLevel" val="#enchMagicLvl" />
		<for>
			<effect name="Buff">
				<mul stat="maxMp" val="#maxMp" />
			</effect>
		</for>
		<enchant1for>
			<effect name="Buff">
				<mul stat="maxMp" val="#ench1maxMp" />
			</effect>
		</enchant1for>
	</skill>
	<skill id="304" levels="1" name="Song of Vitality" enchantGroup1="1" enchantGroup2="1">
		<!-- Instantly increases party members' maximum HP. Continuous singing consumes additional MP. -->
		<table name="#ench1AbnormalTimes">125 131 136 142 147 153 158 164 169 175 180 186 191 197 202 208 213 219 224 230 235 241 246 252 257 263 268 274 279 285</table>
		<table name="#ench2MpConsume">58 57 56 55 53 52 51 50 48 47 46 45 43 42 41 40 39 37 36 35 34 32 31 30 29 27 26 25 24 22</table>
		<table name="#enchMagicLvl">76 76 76 77 77 77 78 78 78 79 79 79 80 80 80 81 81 81 82 82 82 83 83 83 84 84 84 85 85 85</table>
		<set name="abnormalLevel" val="1" />
		<set name="abnormalTime" val="120" />
		<set name="abnormalType" val="SONG_OF_VITALITY" />
		<set name="affectRange" val="1000" />
		<set name="effectPoint" val="611" />
		<set name="hitTime" val="2500" />
		<set name="icon" val="icon.skill0304" />
		<set name="isMagic" val="1" /> <!-- Dance Skill to Mage skill -->
		<set name="magicLevel" val="66" />
		<set name="mpConsume" val="60" />
		<set name="operateType" val="A2" />
		<set name="reuseDelay" val="3000" />
		<set name="targetType" val="PARTY" />
		<enchant1 name="abnormalTime" val="#ench1AbnormalTimes" />
		<enchant1 name="aggroPoints" val="655" />
		<enchant1 name="magicLevel" val="#enchMagicLvl" />
		<enchant2 name="aggroPoints" val="655" />
		<enchant2 name="magicLevel" val="#enchMagicLvl" />
		<enchant2 name="mpConsume" val="#ench2MpConsume" />
		<for>
			<effect name="Buff">
				<mul stat="maxHp" val="1.3" />
			</effect>
		</for>
	</skill>
	<skill id="305" levels="1" name="Song of Vengeance" enchantGroup1="1" enchantGroup2="1">
		<!-- Temporarily reflects damage received by party members back upon the enemy. Excludes damage received from skill or remote attack. Continuous singing consumes additional MP. -->
		<table name="#ench1AbnormalTimes">125 131 136 142 147 153 158 164 169 175 180 186 191 197 202 208 213 219 224 230 235 241 246 252 257 263 268 274 279 285</table>
		<table name="#ench2MpConsume">58 57 56 55 53 52 51 50 48 47 46 45 43 42 41 40 39 37 36 35 34 32 31 30 29 27 26 25 24 22</table>
		<table name="#enchMagicLvl">76 76 76 77 77 77 78 78 78 79 79 79 80 80 80 81 81 81 82 82 82 83 83 83 84 84 84 85 85 85</table>
		<set name="abnormalLevel" val="1" />
		<set name="abnormalTime" val="120" />
		<set name="abnormalType" val="SONG_OF_VENGEANCE" />
		<set name="affectRange" val="1000" />
		<set name="effectPoint" val="655" />
		<set name="hitTime" val="2500" />
		<set name="icon" val="icon.skill0305" />
		<set name="isMagic" val="1" /> <!-- Dance Skill to Mage skill -->
		<set name="magicLevel" val="74" />
		<set name="mpConsume" val="60" />
		<set name="operateType" val="A2" />
		<set name="reuseDelay" val="3000" />
		<set name="targetType" val="PARTY" />
		<enchant1 name="abnormalTime" val="#ench1AbnormalTimes" />
		<enchant1 name="magicLevel" val="#enchMagicLvl" />
		<enchant2 name="magicLevel" val="#enchMagicLvl" />
		<enchant2 name="mpConsume" val="#ench2MpConsume" />
		<for>
			<effect name="Buff">
				<add stat="reflectDam" val="20" />
			</effect>
		</for>
	</skill>
	<skill id="306" levels="1" name="Song of Flame Guard" enchantGroup1="1" enchantGroup2="1">
		<!-- Temporarily increases party members' resistance to attacks by fire. Continuous singing consumes additional MP. -->
		<table name="#ench1AbnormalTimes">125 131 136 142 147 153 158 164 169 175 180 186 191 197 202 208 213 219 224 230 235 241 246 252 257 263 268 274 279 285</table>
		<table name="#ench2MpConsume">58 57 56 55 53 52 51 50 48 47 46 45 43 42 41 40 39 37 36 35 34 32 31 30 29 27 26 25 24 22</table>
		<table name="#enchMagicLvl">76 76 76 77 77 77 78 78 78 79 79 79 80 80 80 81 81 81 82 82 82 83 83 83 84 84 84 85 85 85</table>
		<set name="abnormalLevel" val="1" />
		<set name="abnormalTime" val="120" />
		<set name="abnormalType" val="SONG_OF_FLAME_GUARD" />
		<set name="affectRange" val="1000" />
		<set name="effectPoint" val="582" />
		<set name="hitTime" val="2500" />
		<set name="icon" val="icon.skill0306" />
		<set name="isMagic" val="1" /> <!-- Dance Skill to Mage skill -->
		<set name="magicLevel" val="62" />
		<set name="mpConsume" val="60" />
		<set name="operateType" val="A2" />
		<set name="reuseDelay" val="3000" />
		<set name="targetType" val="PARTY" />
		<enchant1 name="abnormalTime" val="#ench1AbnormalTimes" />
		<enchant1 name="aggroPoints" val="655" />
		<enchant1 name="magicLevel" val="#enchMagicLvl" />
		<enchant2 name="aggroPoints" val="655" />
		<enchant2 name="magicLevel" val="#enchMagicLvl" />
		<enchant2 name="mpConsume" val="#ench2MpConsume" />
		<for>
			<effect name="Buff">
				<add stat="fireRes" val="30" />
			</effect>
		</for>
	</skill>
	<skill id="307" levels="1" name="Dance of Aqua Guard" enchantGroup1="1" enchantGroup2="1">
		<!-- Temporarily increases party members' resistance to attacks by water. Continuous dancing consumes additional MP. An equipped Dual-Sword Weapon is required to use this skill. -->
		<table name="#ench1AbnormalTimes">125 131 136 142 147 153 158 164 169 175 180 186 191 197 202 208 213 219 224 230 235 241 246 252 257 263 268 274 279 285</table>
		<table name="#ench2MpConsume">58 57 56 55 53 52 51 50 48 47 46 45 43 42 41 40 39 37 36 35 34 32 31 30 29 27 26 25 24 22</table>
		<table name="#enchMagicLvl">76 76 76 77 77 77 78 78 78 79 79 79 80 80 80 81 81 81 82 82 82 83 83 83 84 84 84 85 85 85</table>
		<set name="abnormalLevel" val="1" />
		<set name="abnormalTime" val="120" />
		<set name="abnormalType" val="DANCE_OF_AQUA_GUARD" />
		<set name="affectRange" val="1000" />
		<set name="effectPoint" val="635" />
		<set name="hitTime" val="2500" />
		<set name="icon" val="icon.skill0307" />
		<set name="isMagic" val="1" /> <!-- Dance Skill to Mage skill -->
		<set name="magicLevel" val="70" />
		<set name="mpConsume" val="60" />
		<set name="operateType" val="A2" />
		<set name="reuseDelay" val="3000" />
		<set name="targetType" val="PARTY" />
		<enchant1 name="abnormalTime" val="#ench1AbnormalTimes" />
		<enchant1 name="aggroPoints" val="655" />
		<enchant1 name="magicLevel" val="#enchMagicLvl" />
		<enchant2 name="aggroPoints" val="655" />
		<enchant2 name="magicLevel" val="#enchMagicLvl" />
		<enchant2 name="mpConsume" val="#ench2MpConsume" />
		<cond msgId="113" addName="1">
			<using kind="DUAL" />
		</cond>
		<for>
			<effect name="Buff">
				<add stat="waterRes" val="30" />
			</effect>
		</for>
	</skill>
	<skill id="308" levels="1" name="Song of Storm Guard" enchantGroup1="1" enchantGroup2="1">
		<!-- Temporarily increases party members' resistance to attacks by wind. Continuous singing consumes additional MP. -->
		<table name="#ench1AbnormalTimes">125 131 136 142 147 153 158 164 169 175 180 186 191 197 202 208 213 219 224 230 235 241 246 252 257 263 268 274 279 285</table>
		<table name="#ench2MpConsume">58 57 56 55 53 52 51 50 48 47 46 45 43 42 41 40 39 37 36 35 34 32 31 30 29 27 26 25 24 22</table>
		<table name="#enchMagicLvl">76 76 76 77 77 77 78 78 78 79 79 79 80 80 80 81 81 81 82 82 82 83 83 83 84 84 84 85 85 85</table>
		<set name="abnormalLevel" val="1" />
		<set name="abnormalTime" val="120" />
		<set name="abnormalType" val="SONG_OF_STORM_GUARD" />
		<set name="affectRange" val="1000" />
		<set name="effectPoint" val="635" />
		<set name="hitTime" val="2500" />
		<set name="icon" val="icon.skill0308" />
		<set name="isMagic" val="1" /> <!-- Dance Skill to Mage skill -->
		<set name="magicLevel" val="70" />
		<set name="mpConsume" val="60" />
		<set name="operateType" val="A2" />
		<set name="reuseDelay" val="3000" />
		<set name="targetType" val="PARTY" />
		<enchant1 name="abnormalTime" val="#ench1AbnormalTimes" />
		<enchant1 name="aggroPoints" val="655" />
		<enchant1 name="magicLevel" val="#enchMagicLvl" />
		<enchant2 name="aggroPoints" val="655" />
		<enchant2 name="magicLevel" val="#enchMagicLvl" />
		<enchant2 name="mpConsume" val="#ench2MpConsume" />
		<for>
			<effect name="Buff">
				<add stat="windRes" val="30" />
			</effect>
		</for>
	</skill>
	<skill id="309" levels="1" name="Dance of Earth Guard" enchantGroup1="1" enchantGroup2="1">
		<!-- Temporarily increases party members' resistance to attacks by earth. Continuous dancing consumes additional MP. An equipped Dual-Sword Weapon is required to use this skill. -->
		<table name="#ench1AbnormalTimes">125 131 136 142 147 153 158 164 169 175 180 186 191 197 202 208 213 219 224 230 235 241 246 252 257 263 268 274 279 285</table>
		<table name="#ench2MpConsume">58 57 56 55 53 52 51 50 48 47 46 45 43 42 41 40 39 37 36 35 34 32 31 30 29 27 26 25 24 22</table>
		<table name="#enchMagicLvl">76 76 76 77 77 77 78 78 78 79 79 79 80 80 80 81 81 81 82 82 82 83 83 83 84 84 84 85 85 85</table>
		<set name="abnormalLevel" val="1" />
		<set name="abnormalTime" val="120" />
		<set name="abnormalType" val="DANCE_OF_EARTH_GUARD" />
		<set name="affectRange" val="1000" />
		<set name="effectPoint" val="582" />
		<set name="hitTime" val="2500" />
		<set name="icon" val="icon.skill0309" />
		<set name="isMagic" val="1" /> <!-- Dance Skill to Mage skill -->
		<set name="magicLevel" val="62" />
		<set name="mpConsume" val="60" />
		<set name="operateType" val="A2" />
		<set name="reuseDelay" val="3000" />
		<set name="targetType" val="PARTY" />
		<enchant1 name="abnormalTime" val="#ench1AbnormalTimes" />
		<enchant1 name="aggroPoints" val="655" />
		<enchant1 name="magicLevel" val="#enchMagicLvl" />
		<enchant2 name="aggroPoints" val="655" />
		<enchant2 name="magicLevel" val="#enchMagicLvl" />
		<enchant2 name="mpConsume" val="#ench2MpConsume" />
		<cond msgId="113" addName="1">
			<using kind="DUAL" />
		</cond>
		<for>
			<effect name="Buff">
				<add stat="earthRes" val="30" />
			</effect>
		</for>
	</skill>
	<skill id="310" levels="1" name="Dance of the Vampire" enchantGroup1="1" enchantGroup2="1">
		<!-- Partially restores party members' HP by using damage inflicted upon the enemy. Damage inflicted by skill or remote attack is excluded. Continuous dancing consumes additional MP. An equipped Dual-Sword Weapon is required to use this skill. -->
		<table name="#ench1AbnormalTimes">125 131 136 142 147 153 158 164 169 175 180 186 191 197 202 208 213 219 224 230 235 241 246 252 257 263 268 274 279 285</table>
		<table name="#ench2MpConsume">58 57 56 55 53 52 51 50 48 47 46 45 43 42 41 40 39 37 36 35 34 32 31 30 29 27 26 25 24 22</table>
		<table name="#enchMagicLvl">76 76 76 77 77 77 78 78 78 79 79 79 80 80 80 81 81 81 82 82 82 83 83 83 84 84 84 85 85 85</table>
		<set name="abnormalLevel" val="1" />
		<set name="abnormalTime" val="120" />
		<set name="abnormalType" val="DANCE_OF_VAMPIRE" />
		<set name="affectRange" val="1000" />
		<set name="effectPoint" val="655" />
		<set name="hitTime" val="2500" />
		<set name="icon" val="icon.skill0310" />
		<set name="isMagic" val="1" /> <!-- Dance Skill to Mage skill -->
		<set name="magicLevel" val="74" />
		<set name="mpConsume" val="60" />
		<set name="operateType" val="A2" />
		<set name="reuseDelay" val="3000" />
		<set name="targetType" val="PARTY" />
		<enchant1 name="abnormalTime" val="#ench1AbnormalTimes" />
		<enchant1 name="magicLevel" val="#enchMagicLvl" />
		<enchant2 name="magicLevel" val="#enchMagicLvl" />
		<enchant2 name="mpConsume" val="#ench2MpConsume" />
		<cond msgId="113" addName="1">
			<using kind="DUAL" />
		</cond>
		<for>
			<effect name="Buff">
				<add stat="absorbDam" val="8" /> <!-- absorb 8% HP from damage inflicted on enemies -->
			</effect>
		</for>
	</skill>
	<skill id="311" levels="1" name="Dance of Protection" enchantGroup1="1" enchantGroup2="1">
		<!-- Temporarily increases party members' resistance to terrain damage. Continuous dancing consumes additional MP. An equipped Dual-Sword Weapon is required to use this skill. -->
		<table name="#ench1AbnormalTimes">125 131 136 142 147 153 158 164 169 175 180 186 191 197 202 208 213 219 224 230 235 241 246 252 257 263 268 274 279 285</table>
		<table name="#ench2MpConsume">58 57 56 55 53 52 51 50 48 47 46 45 43 42 41 40 39 37 36 35 34 32 31 30 29 27 26 25 24 22</table>
		<table name="#enchMagicLvl">76 76 76 77 77 77 78 78 78 79 79 79 80 80 80 81 81 81 82 82 82 83 83 83 84 84 84 85 85 85</table>
		<set name="abnormalLevel" val="1" />
		<set name="abnormalTime" val="120" />
		<set name="abnormalType" val="DANCE_OF_PROTECTION" />
		<set name="affectRange" val="1000" />
		<set name="effectPoint" val="611" />
		<set name="hitTime" val="2500" />
		<set name="icon" val="icon.skill0311" />
		<set name="isMagic" val="1" /> <!-- Dance Skill to Mage skill -->
		<set name="magicLevel" val="66" />
		<set name="mpConsume" val="60" />
		<set name="operateType" val="A2" />
		<set name="reuseDelay" val="3000" />
		<set name="targetType" val="PARTY" />
		<enchant1 name="abnormalTime" val="#ench1AbnormalTimes" />
		<enchant1 name="aggroPoints" val="655" />
		<enchant1 name="magicLevel" val="#enchMagicLvl" />
		<enchant2 name="aggroPoints" val="655" />
		<enchant2 name="magicLevel" val="#enchMagicLvl" />
		<enchant2 name="mpConsume" val="#ench2MpConsume" />
		<cond msgId="113" addName="1">
			<using kind="DUAL" />
		</cond>
		<for>
			<effect name="Buff">
				<sub stat="damageZoneVuln" val="30" />
			</effect>
		</for>
	</skill>
	<skill id="312" levels="20" name="Vicious Stance" enchantGroup1="1" enchantGroup2="1">
		<!-- Increases one's critical attack power. MP will be consumed continuously. -->
		<table name="#crit">35 48 64 84 109 139 166 196 229 266 306 349 379 410 443 475 509 542 576 609</table>
		<table name="#magicLevel">20 24 28 32 36 40 43 46 49 52 55 58 60 62 64 66 68 70 72 74</table>
		<table name="#mpInitialConsume">4 5 5 6 7 7 8 9 9 10 10 11 11 12 12 13 13 13 14 14</table>
		<table name="#ench1crit">615 620 626 631 637 642 648 653 659 664 670 675 681 686 692 697 702 708 713 719 724 730 735 741 746 752 757 763 768 774</table>
		<table name="#ench2mpInitialConsume">13 13 13 12 12 12 11 11 11 10 10 10 9 9 9 8 8 8 7 7 7 6 6 6 5 5 5 4 4 4</table>
		<table name="#ench2val">0.79 0.78 0.78 0.77 0.76 0.76 0.75 0.74 0.74 0.73 0.72 0.72 0.71 0.7 0.7 0.69 0.68 0.68 0.67 0.66 0.66 0.65 0.64 0.64 0.63 0.62 0.62 0.61 0.6 0.6</table>
		<table name="#enchMagicLvl">76 76 76 77 77 77 78 78 78 79 79 79 80 80 80 81 81 81 82 82 82 83 83 83 84 84 84 85 85 85</table>
		<set name="abnormalVisualEffect" val="NONE" />
		<set name="icon" val="icon.skill0312" />
		<set name="magicLevel" val="#magicLevel" />
		<set name="mpInitialConsume" val="#mpInitialConsume" />
		<set name="operateType" val="T" />
		<set name="targetType" val="SELF" />
		<enchant1 name="magicLevel" val="#enchMagicLvl" />
		<enchant1 name="mpInitialConsume" val="14" />
		<enchant2 name="magicLevel" val="#enchMagicLvl" />
		<enchant2 name="mpInitialConsume" val="#ench2mpInitialConsume" />
		<for>
			<effect name="MpConsumePerLevel" ticks="5">
				<param power="0.8" />
				<add stat="critDmgAdd" val="#crit" />
			</effect>
		</for>
		<enchant1for>
			<effect name="MpConsumePerLevel" ticks="5">
				<param power="0.8" />
				<add stat="critDmgAdd" val="#ench1crit" />
			</effect>
		</enchant1for>
		<enchant2for>
			<effect name="MpConsumePerLevel" ticks="5">
				<param power="#ench2val" />
				<add stat="critDmgAdd" val="609" />
			</effect>
		</enchant2for>
	</skill>
	<skill id="313" levels="8" name="Snipe" enchantGroup1="1" enchantGroup2="1">
		<!-- Temporarily increases Accuracy, P. Atk., range of attack, and critical attack rate. Immobilizes while in effect. An equipped bow is required to use this skill. Effect 1. -->
		<table name="#abnormalLevels">1 2 3 4 5 6 7 8</table>
		<table name="#accCombat">3 3 4 4 5 5 6 6</table>
		<table name="#effectPoints">566 582 597 611 624 635 646 655</table>
		<table name="#magicLevel">60 62 64 66 68 70 72 74</table>
		<table name="#mpConsume">28 29 30 31 32 33 34 34</table>
		<table name="#pAtk">124 134 145 155 166 177 188 199</table>
		<table name="#pAtkRange">50 50 100 100 150 150 200 200</table>
		<table name="#ench1abnormalLevel">9 9 9 9 10 10 10 10 10 11 11 11 11 11 12 12 12 12 12 13 13 13 13 13 14 14 14 14 14 15</table>
		<table name="#ench1pAtk">202 204 206 208 210 212 214 216 218 220 222 224 226 228 230 232 234 236 238 240 242 244 246 248 250 252 254 256 258 260</table>
		<table name="#ench2decreasePenalty">0.07 0.08 0.1 0.11 0.13 0.14 0.16 0.17 0.19 0.2 0.22 0.23 0.25 0.26 0.28 0.29 0.31 0.32 0.34 0.35 0.37 0.38 0.4 0.41 0.43 0.44 0.46 0.47 0.49 0.50</table>
		<table name="#ench2MpConsume">33 33 32 32 32 31 31 30 30 29 29 28 28 28 27 27 26 26 25 25 25 24 24 23 23 22 22 21 20 20</table>
		<table name="#enchMagicLvl">76 76 76 77 77 77 78 78 78 79 79 79 80 80 80 81 81 81 82 82 82 83 83 83 84 84 84 85 85 85</table>
		<set name="abnormalLevel" val="#abnormalLevels" />
		<set name="abnormalTime" val="120" />
		<set name="abnormalType" val="SNIPE" />
		<set name="effectPoint" val="#effectPoints" />
		<set name="hitTime" val="2000" />
		<set name="icon" val="icon.skill0313" />
		<set name="magicLevel" val="#magicLevel" />
		<set name="mpConsume" val="#mpConsume" />
		<set name="operateType" val="A2" />
		<set name="reuseDelay" val="75000" />
		<set name="targetType" val="SELF" />
		<enchant1 name="magicLevel" val="#enchMagicLvl" />
		<enchant2 name="magicLevel" val="#enchMagicLvl" />
		<enchant2 name="mpConsume" val="#ench2MpConsume" />
		<cond msgId="113" addName="1">
			<using kind="BOW" />
		</cond>
		<for>
			<effect name="ImmobileBuff">
				<add stat="pAtk" val="#pAtk">
					<using kind="BOW" />
				</add>
				<add stat="accCombat" val="#accCombat">
					<using kind="BOW" />
				</add>
				<mul stat="critRate" val="1.2">
					<using kind="BOW" />
				</mul>
				<add stat="pAtkRange" val="#pAtkRange">
					<using kind="BOW" />
				</add>
			</effect>
		</for>
		<enchant1for>
			<effect name="ImmobileBuff">
				<add stat="pAtk" val="#ench1pAtk">
					<using kind="BOW" />
				</add>
				<add stat="accCombat" val="6">
					<using kind="BOW" />
				</add>
				<mul stat="critRate" val="1.2">
					<using kind="BOW" />
				</mul>
				<add stat="pAtkRange" val="200">
					<using kind="BOW" />
				</add>
			</effect>
		</enchant1for>
		<enchant2for>
			<effect name="Buff">
				<add stat="pAtk" val="199">
					<using kind="BOW" />
				</add>
				<add stat="accCombat" val="6">
					<using kind="BOW" />
				</add>
				<mul stat="critRate" val="1.2">
					<using kind="BOW" />
				</mul>
				<add stat="pAtkRange" val="200">
					<using kind="BOW" />
				</add>
				<mul stat="runSpd" val="#ench2decreasePenalty" />
			</effect>
		</enchant2for>
	</skill>
	<skill id="314" levels="16" name="Fatal Counter" enchantGroup1="2" enchantGroup2="2">
		<!-- Shoots an arrow containing pain of user. More powerful effect at lower HP level. An equipped bow is required to use this skill. Power 2908. -->
		<table name="#effectPoints">-567 -575 -583 -591 -599 -607 -614 -621 -627 -634 -640 -646 -651 -656 -661 -665</table>
		<table name="#magicLevel">59 60 61 62 63 64 65 66 67 68 69 70 71 72 73 74</table>
		<table name="#mpConsume">116 119 121 122 124 126 129 131 133 135 138 140 142 144 146 148</table>
		<table name="#power">2908 3030 3154 3280 3408 3537 3668 3800 3933 4067 4201 4336 4470 4604 4738 4870</table>
		<table name="#ench1Power">4915 4959 5003 5047 5090 5134 5178 5222 5266 5310 5354 5398 5442 5486 5529 5573 5617 5661 5705 5749 5793 5837 5881 5925 5968 6012 6056 6100 6144 6188</table>
		<table name="#ench2mpConsume">148 145 143 140 138 135 132 130 127 125 122 120 117 115 112 110 107 105 102 100 97 95 92 90 87 85 82 80 77 75</table>
		<table name="#enchMagicLvl">76 76 76 77 77 77 78 78 78 79 79 79 80 80 80 81 81 81 82 82 82 83 83 83 84 84 84 85 85 85</table>
		<set name="castRange" val="900" />
		<set name="coolTime" val="1000" />
		<set name="effectPoint" val="#effectPoints" />
		<set name="effectRange" val="1400" />
		<set name="hitTime" val="3000" />
		<set name="icon" val="icon.skill0314" />
		<set name="magicLevel" val="#magicLevel" />
		<set name="mpConsume" val="#mpConsume" />
		<set name="operateType" val="A1" />
		<set name="overHit" val="true" />
		<set name="power" val="#power" />
		<set name="reuseDelay" val="5000" />
		<set name="targetType" val="ONE" />
		<enchant1 name="magicLevel" val="#enchMagicLvl" />
		<enchant1 name="power" val="#ench1Power" />
		<enchant2 name="magicLevel" val="#enchMagicLvl" />
		<enchant2 name="mpConsume" val="#ench2mpConsume" />
		<cond msgId="113" addName="1">
			<using kind="BOW" />
		</cond>
		<for>
			<effect name="PhysicalAttackHpLink" />
		</for>
	</skill>
	<skill id="315" levels="16" name="Crush of Doom" enchantGroup1="2" enchantGroup2="2">
		<!-- Attacks the enemy with a powerful force. Usable when one is equipped with a two-handed sword or two-handed blunt weapon. Ignores Shield Defense. Over-hit is possible. Power 4558. -->
		<table name="#effectPoints">-425 -431 -438 -444 -449 -455 -460 -466 -471 -475 -480 -484 -488 -492 -496 -499</table>
		<table name="#hpConsume">208 212 212 217 221 225 229 233 237 240 244 248 251 255 258 261</table>
		<table name="#magicLevel">59 60 61 62 63 64 65 66 67 68 69 70 71 72 73 74</table>
		<table name="#power">4558 4750 4944 5142 5342 5545 5751 5958 6166 6376 6586 6797 7006 7218 7427 7635</table>
		<table name="#ench1Power">7710 7779 7848 7917 7986 8055 8123 8192 8261 8330 8399 8468 8537 8605 8674 8743 8812 8881 8950 9019 9088 9156 9225 9294 9363 9432 9501 9570 9639 9707</table>
		<table name="#ench2HpConsume">259 256 252 249 245 242 239 235 232 228 225 222 218 215 211 208 205 201 198 195 191 188 184 181 178 174 171 167 164 161</table>
		<table name="#enchMagicLvl">76 76 76 77 77 77 78 78 78 79 79 79 80 80 80 81 81 81 82 82 82 83 83 83 84 84 84 85 85 85</table>
		<set name="baseCritRate" val="15" />
		<set name="castRange" val="40" />
		<set name="coolTime" val="1080" />
		<set name="effectPoint" val="#effectPoints" />
		<set name="effectRange" val="400" />
		<set name="hitTime" val="1620" />
		<set name="hpConsume" val="#hpConsume" />
		<set name="icon" val="icon.skill0315" />
		<set name="ignoreShld" val="true" />
		<set name="magicLevel" val="#magicLevel" />
		<set name="nextActionAttack" val="true" />
		<set name="operateType" val="A1" />
		<set name="overHit" val="true" />
		<set name="power" val="#power" />
		<set name="reuseDelay" val="7000" />
		<set name="targetType" val="ONE" />
		<enchant1 name="magicLevel" val="#enchMagicLvl" />
		<enchant1 name="power" val="#ench1Power" />
		<enchant2 name="hpConsume" val="#ench2HpConsume" />
		<enchant2 name="magicLevel" val="#enchMagicLvl" />
		<cond msgId="113" addName="1">
			<and>
				<using kind="SWORD,BLUNT" />
				<using slot="lrhand" />
			</and>
		</cond>
		<for>
			<effect name="PhysicalAttack" />
		</for>
	</skill>
	<skill id="316" levels="1" name="Aegis">
		<!-- Provides defense from all directions when a shield is equipped. -->
		<set name="icon" val="icon.skill0316" />
		<set name="magicLevel" val="60" />
		<set name="operateType" val="P" />
		<set name="targetType" val="SELF" />
		<for>
			<effect name="Buff">
				<set stat="shieldDefAngle" val="360" />
			</effect>
		</for>
	</skill>
	<skill id="317" levels="5" name="Focus Attack">
		<!-- When attacking a single enemy, temporarily increases Accuracy and critical attack power. An equipped spear is required to use this skill. Effect 1. -->
		<table name="#accCombat">2 3 4 5 6</table>
		<table name="#cAtk">1.1 1.15 1.2 1.25 1.3</table>
		<table name="#magicLevel">40 49 58 66 74</table>
		<table name="#mpConsume">18 22 27 31 34</table>
		<set name="abnormalVisualEffect" val="NONE" />
		<set name="icon" val="icon.skill0317" />
		<set name="magicLevel" val="#magicLevel" />
		<set name="mpConsume" val="#mpConsume" />
		<set name="operateType" val="T" />
		<set name="targetType" val="SELF" />
		<for>
			<effect name="Buff">
				<mul stat="critDmg" val="#cAtk">
					<using kind="POLE" />
				</mul>
				<add stat="accCombat" val="#accCombat">
					<using kind="POLE" />
				</add>
				<set stat="atkCountMax" val="1">
					<using kind="POLE" />
				</set>
			</effect>
		</for>
	</skill>
	<skill id="318" levels="1" name="Aegis Stance" enchantGroup1="1">
		<!-- Provides defense from all directions when a shield is equipped. Decreases one's shield defense strength. -->
		<table name="#ench1sDef">0.61 0.62 0.63 0.64 0.65 0.66 0.67 0.68 0.69 0.7 0.71 0.72 0.73 0.74 0.75 0.76 0.77 0.78 0.79 0.8 0.81 0.82 0.83 0.84 0.85 0.86 0.87 0.88 0.89 0.9</table> <!-- Epilogue Modification -->
		<set name="abnormalVisualEffect" val="NONE" />
		<set name="icon" val="icon.skill0318" />
		<set name="magicLevel" val="46" />
		<set name="mpInitialConsume" val="9" />
		<set name="operateType" val="T" />
		<set name="targetType" val="SELF" />
		<for>
			<effect name="Buff">
				<mul stat="sDef" val="0.6" /> <!-- Epilogue Modification -->
				<set stat="shieldDefAngle" val="360" />
			</effect>
		</for>
		<enchant1for>
			<effect name="Buff">
				<mul stat="sDef" val="#ench1sDef" />
				<set stat="shieldDefAngle" val="360" />
			</effect>
		</enchant1for>
	</skill>
	<skill id="319" levels="2" name="Agile Movement">
		<!-- Increases Accuracy and Speed while wearing light armor. -->
		<table name="#accCombat">2 3</table>
		<table name="#magicLevel">20 40</table>
		<table name="#runSpd">5 10</table>
		<set name="icon" val="icon.skill0319" />
		<set name="magicLevel" val="#magicLevel" />
		<set name="operateType" val="P" />
		<set name="targetType" val="SELF" />
		<for>
			<effect name="Buff">
				<add stat="runSpd" val="#runSpd">
					<using kind="LIGHT" />
				</add>
				<add stat="accCombat" val="#accCombat">
					<using kind="LIGHT" />
				</add>
			</effect>
		</for>
	</skill>
	<skill id="320" levels="10" name="Wrath" enchantGroup1="2" enchantGroup2="2">
		<!-- By swinging a spear, decreases CP of near enemies. Usable when a spear is equipped. Power 7%. -->
		<table name="#effectPoints">-307 -311 -314 -317 -320 -323 -326 -328 -331 -333</table>
		<table name="#magicLevel">65 66 67 68 69 70 71 72 73 74</table>
		<table name="#mpConsume">66 67 68 69 70 71 72 73 74 75</table>
		<table name="#power">7 10 12 15 17 20 22 25 27 30</table>
		<table name="#ench1Power">31 32 33 34 35 36 37 38 39 40 41 42 43 44 45 46 47 48 49 50 51 52 53 54 55 56 57 58 59 60</table>
		<table name="#ench2MpConsume">74 72 71 69 68 67 65 64 62 61 59 58 56 55 53 52 50 49 48 46 45 43 42 40 39 37 36 34 33 32</table>
		<table name="#enchMagicLvl">76 76 76 77 77 77 78 78 78 79 79 79 80 80 80 81 81 81 82 82 82 83 83 83 84 84 84 85 85 85</table>
		<set name="affectLimit" val="5-12" />
		<set name="affectRange" val="80" />
		<set name="castRange" val="40" />
		<set name="coolTime" val="720" />
		<set name="effectPoint" val="#effectPoints" />
		<set name="effectRange" val="400" />
		<set name="fanRange" val="0,0,80,150" />
		<set name="hitTime" val="1080" />
		<set name="icon" val="icon.skill0320" />
		<set name="magicLevel" val="#magicLevel" />
		<set name="mpConsume" val="#mpConsume" />
		<set name="operateType" val="A1" />
		<set name="reuseDelay" val="30000" />
		<set name="targetType" val="FRONT_AREA" />
		<enchant1 name="magicLevel" val="#enchMagicLvl" />
		<enchant1 name="power" val="#ench1Power" />
		<enchant2 name="magicLevel" val="#enchMagicLvl" />
		<enchant2 name="mpConsume" val="#ench2MpConsume" />
		<cond msgId="113" addName="1">
			<using kind="POLE" />
		</cond>
		<for>
			<effect name="CpDamPercent">
				<param power="#power" />
			</effect>
		</for>
	</skill>
	<skill id="321" levels="10" name="Blinding Blow">
		<!-- While attempting a powerful attack on the enemy's vital areas, it causes the enemy to show his/her back. Temporarily increases one's Speed greatly. Instant kill is possible. An equipped dagger weapon is required to use this skill. Power 2751. -->
		<table name="#effectPoints">-307 -311 -314 -317 -320 -323 -326 -328 -331 -333</table>
		<table name="#magicLevel">65 66 67 68 69 70 71 72 73 74</table>
		<table name="#mpConsume">63 64 65 66 67 68 69 70 71 72</table>
		<table name="#power">2751 2850 2950 3050 3151 3252 3353 3453 3553 3653</table>
		<set name="abnormalLevel" val="1" />
		<set name="abnormalTime" val="15" />
		<set name="abnormalType" val="SPEED_UP_SPECIAL" />
		<set name="blowChance" val="25" />
		<set name="castRange" val="40" />
		<set name="coolTime" val="720" />
		<set name="effectPoint" val="#effectPoints" />
		<set name="effectRange" val="400" />
		<set name="hitTime" val="1080" />
		<set name="icon" val="icon.skill0321" />
		<set name="magicLevel" val="#magicLevel" />
		<set name="mpConsume" val="#mpConsume" />
		<set name="nextActionAttack" val="true" />
		<set name="operateType" val="A3" />
		<set name="overHit" val="true" />
		<set name="power" val="#power" />
		<set name="reuseDelay" val="30000" />
		<set name="targetType" val="ONE" />
		<cond msgId="113" addName="1">
			<using kind="DAGGER,DUALDAGGER" />
		</cond>
		<for>
			<effect name="FatalBlow" />
			<effect name="Bluff">
				<param chance="80" />
			</effect>
			<effect name="Lethal">
				<param halfLethal="5" />
			</effect>
		</for>
		<selfEffects>
			<effect name="Buff">
				<add stat="runSpd" val="40" />
			</effect>
		</selfEffects>
	</skill>
	<skill id="322" levels="6" name="Shield Fortress" enchantGroup1="1" enchantGroup2="1">
		<!-- Increases personal shield defense rate. Continuously consumes MP. -->
		<table name="#magicLevel">64 66 68 70 72 74</table>
		<table name="#mpInitialConsume">12 13 13 13 14 14</table>
		<table name="#sDef">446 469 491 514 537 560</table>
		<table name="#ench1sDef">565 569 573 577 582 586 590 594 599 603 607 611 616 620 624 628 632 637 641 645 649 654 658 662 666 671 675 679 683 688</table>
		<table name="#ench2mpConsume">13 13 13 12 12 12 11 11 11 10 10 10 9 9 9 8 8 8 7 7 7 6 6 6 5 5 5 4 4 4</table>
		<table name="#ench2val">0.79 0.78 0.78 0.77 0.76 0.76 0.75 0.74 0.74 0.73 0.72 0.72 0.71 0.7 0.7 0.69 0.68 0.68 0.67 0.66 0.66 0.65 0.64 0.64 0.63 0.62 0.62 0.61 0.6 0.6</table>
		<table name="#enchMagicLvl">76 76 76 77 77 77 78 78 78 79 79 79 80 80 80 81 81 81 82 82 82 83 83 83 84 84 84 85 85 85</table>
		<set name="abnormalVisualEffect" val="NONE" />
		<set name="icon" val="icon.skill0322" />
		<set name="magicLevel" val="#magicLevel" />
		<set name="mpInitialConsume" val="#mpInitialConsume" />
		<set name="operateType" val="T" />
		<set name="targetType" val="SELF" />
		<enchant1 name="magicLevel" val="#enchMagicLvl" />
		<enchant2 name="magicLevel" val="#enchMagicLvl" />
		<enchant2 name="mpInitialConsume" val="#ench2mpConsume" />
		<for>
			<effect name="MpConsumePerLevel" ticks="5">
				<param power="0.8" />
				<add stat="sDef" val="#sDef" />
			</effect>
		</for>
		<enchant1for>
			<effect name="MpConsumePerLevel" ticks="5">
				<param power="0.8" />
				<add stat="sDef" val="#ench1sDef" />
			</effect>
		</enchant1for>
		<enchant2for>
			<effect name="MpConsumePerLevel" ticks="5">
				<param power="#ench2val" />
				<add stat="sDef" val="560" />
			</effect>
		</enchant2for>
	</skill>
	<skill id="323" levels="1" name="Quiver of Arrow: Grade A">
		<!-- Summons 700-2800 Mithril Arrows. Consumes 1 A-Grade Crystal. -->
		<table name="#extractableItems">
			1344,700,30;1344,1400,50;1344,2800,20
		</table>
		<set name="capsuled_items_skill" val="#extractableItems" />
		<set name="hitTime" val="3000" />
		<set name="icon" val="icon.skill0323" />
		<set name="isMagic" val="1" /> <!-- Magic Skill -->
		<set name="itemConsumeCount" val="1" />
		<set name="itemConsumeId" val="1461" /> <!-- Crystal: A-Grade -->
		<set name="magicLevel" val="60" />
		<set name="mpConsume" val="366" />
		<set name="operateType" val="A1" />
		<set name="reuseDelay" val="600000" />
		<set name="targetType" val="SELF" />
		<cond msgId="129">
			<and>
				<player invSize="10" />
				<player weight="80" />
			</and>
		</cond>
		<for>
			<effect name="RestorationRandom" />
		</for>
	</skill>
	<skill id="324" levels="1" name="Quiver of Arrow: Grade S">
		<!-- Summons Summons 900-3600 Shining Arrows. Consumes 1 S-Grade Crystal. -->
		<table name="#extractableItems">
			1345,900,30;1345,1800,50;1345,3600,20
		</table>
		<set name="capsuled_items_skill" val="#extractableItems" />
		<set name="hitTime" val="3000" />
		<set name="icon" val="icon.skill0324" />
		<set name="isMagic" val="1" /> <!-- Magic Skill -->
		<set name="itemConsumeCount" val="1" />
		<set name="itemConsumeId" val="1462" /> <!-- Crystal: S Grade -->
		<set name="magicLevel" val="72" />
		<set name="mpConsume" val="398" />
		<set name="operateType" val="A1" />
		<set name="reuseDelay" val="600000" />
		<set name="targetType" val="SELF" />
		<cond msgId="129">
			<and>
				<player invSize="10" />
				<player weight="80" />
			</and>
		</cond>
		<for>
			<effect name="RestorationRandom" />
		</for>
	</skill>
	<skill id="325" levels="1" name="Strider Siege Assault">
		<!-- Strider's powerful attack on castle gate and wall. Can only be used while one is riding on a strider. Consumes 5 spirit ores. Power 15005. -->
		<set name="castRange" val="40" />
		<set name="coolTime" val="720" />
		<set name="effectPoint" val="-100" />
		<set name="effectRange" val="400" />
		<set name="hitTime" val="1080" />
		<set name="icon" val="icon.skill0325" />
		<set name="itemConsumeCount" val="5" />
		<set name="itemConsumeId" val="3031" /> <!-- Spirit Ore -->
		<set name="magicLevel" val="-1" />
		<set name="mpConsume" val="151" />
		<set name="operateType" val="A1" />
		<set name="power" val="15005" />
		<set name="reuseDelay" val="1000" />
		<set name="targetType" val="ONE" />
		<cond msgId="113" addName="1">
			<player SiegeZone="126" /> <!-- TODO: add new condition and ride_state -->
		</cond>
		<for>
			<effect name="PhysicalAttack" />
		</for>
	</skill>
	<skill id="326" levels="1" name="Build Advanced Headquarters">
		<!-- Establishes a siege headquarters with double HP that aids in the recovery and dispatch of clan members to the frontline during a siege. Requires 300 Gemstones: C-Grade. -->
		<set name="hitTime" val="4000" />
		<set name="icon" val="icon.skill0326" />
		<set name="isMagic" val="2" /> <!-- Static Skill -->
		<set name="itemConsumeCount" val="300" />
		<set name="itemConsumeId" val="2131" /> <!-- Gemstone C -->
		<set name="magicLevel" val="-1" />
		<set name="mpInitialConsume" val="30" />
		<set name="operateType" val="A1" />
		<set name="reuseDelay" val="3600000" />
		<set name="targetType" val="SELF" />
		<cond>
			<player canCreateBase="true" />
		</cond>
		<for>
			<effect name="HeadquarterCreate">
				<param isAdvanced="true" />
			</effect>
		</for>
	</skill>
	<skill id="327" levels="1" name="Wyvern Aegis">
		<!-- Temporarily but significantly increases P. Def, M. Def. and resistance to buff-lifting attacks. Usable only while mounted on a Wyvern. Consumes 20 Spirit Ore. Effect 3. -->
		<set name="abnormalLevel" val="3" />
		<set name="abnormalTime" val="9" />
		<set name="abnormalType" val="PD_UP_SPECIAL" />
		<set name="effectPoint" val="662" />
		<set name="hitTime" val="1000" />
		<set name="icon" val="icon.skill0327" />
		<set name="itemConsumeCount" val="20" />
		<set name="itemConsumeId" val="3031" /> <!-- Spirit Ore -->
		<set name="magicLevel" val="-1" />
		<set name="mpConsume" val="69" />
		<set name="operateType" val="A2" />
		<set name="reuseDelay" val="600000" />
		<set name="targetType" val="SELF" />
		<cond msgId="113" addName="1">
			<player flying="true" />
		</cond>
		<for>
			<effect name="Buff">
				<add stat="pDef" val="7000">
					<player flying="true" />
				</add>
				<add stat="mDef" val="6000">
					<player flying="true" />
				</add>
				<sub stat="cancelVuln" val="100" />
			</effect>
		</for>
	</skill>
	<skill id="328" levels="1" name="Wisdom">
		<!-- Increases resistance to Hold, Sleep, and Mental attacks. -->
		<set name="icon" val="icon.skill0328" />
		<set name="magicLevel" val="76" />
		<set name="operateType" val="P" />
		<set name="targetType" val="SELF" />
		<for>
			<effect name="DefenceTrait">
				<param HOLD="20" />
				<param SLEEP="20" />
				<param DERANGEMENT="20" />
			</effect>
		</for>
	</skill>
	<skill id="329" levels="1" name="Health">
		<!-- Increases resistance to Poison and Bleed. -->
		<set name="icon" val="icon.skill0329" />
		<set name="magicLevel" val="76" />
		<set name="operateType" val="P" />
		<set name="targetType" val="SELF" />
		<for>
			<effect name="DefenceTrait">
				<param POISON="20" />
				<param BLEED="20" />
			</effect>
		</for>
	</skill>
	<skill id="330" levels="1" name="Skill Mastery">
		<!-- Masters excellence in skills. Low possibility of being able to re-use skills without delay or doubles the duration. Influenced by STR. -->
		<set name="icon" val="icon.skill0330" />
		<set name="magicLevel" val="77" />
		<set name="operateType" val="P" />
		<set name="targetType" val="SELF" />
		<for>
			<effect name="Buff">
				<add stat="skillCritical" val="1" /> <!-- STR -->
			</effect>
		</for>
	</skill>
	<skill id="331" levels="1" name="Skill Mastery">
		<!-- Masters excellence in skills. Low possibility of being able to re-use skills without delay or doubles the duration. Influenced by INT. -->
		<set name="icon" val="icon.skill0330" />
		<set name="magicLevel" val="77" />
		<set name="operateType" val="P" />
		<set name="targetType" val="SELF" />
		<for>
			<effect name="Buff">
				<add stat="skillCritical" val="4" /> <!-- INT -->
			</effect>
		</for>
	</skill>
	<skill id="332" levels="1" name="Extra Inventory">
		<!-- Increases size of inventory. -->
		<set name="icon" val="icon.skill0332" />
		<set name="magicLevel" val="76" />
		<set name="operateType" val="P" />
		<set name="targetType" val="SELF" />
		<for>
			<effect name="Buff">
				<add stat="inventoryLimit" val="1" />
			</effect>
		</for>
	</skill>
	<skill id="333" levels="1" name="Extra Sales Slots">
		<!-- Increases private store sales slots. -->
		<set name="icon" val="icon.skill0333" />
		<set name="magicLevel" val="76" />
		<set name="operateType" val="P" />
		<set name="targetType" val="SELF" />
		<for>
			<effect name="Buff">
				<add stat="privateBuyLimit" val="1" />
				<add stat="privateSellLimit" val="1" />
			</effect>
		</for>
	</skill>
	<skill id="334" levels="1" name="Focus Skill Mastery">
		<!-- Increases skill success rate significantly. MP will be consumed continuously. -->
		<set name="abnormalVisualEffect" val="NONE" />
		<set name="icon" val="icon.skill0334" />
		<set name="magicLevel" val="78" />
		<set name="mpConsume" val="36" />
		<set name="operateType" val="T" />
		<set name="targetType" val="SELF" />
		<for>
			<effect name="MpConsumePerLevel" ticks="5">
				<param power="2" />
				<mul stat="skillCriticalProbability" val="11" />
			</effect>
		</for>
	</skill>
	<skill id="335" levels="1" name="Fortitude">
		<!-- Increases resistance to Shock/Paralysis attacks significantly. Continuously consumes MP. -->
		<set name="abnormalVisualEffect" val="NONE" />
		<set name="icon" val="icon.skill0335" />
		<set name="magicLevel" val="76" />
		<set name="mpConsume" val="35" />
		<set name="operateType" val="T" />
		<set name="targetType" val="SELF" />
		<for>
			<effect name="DefenceTrait">
				<param SHOCK="30" />
				<param PARALYZE="30" />
			</effect>
		</for>
	</skill>
	<skill id="336" levels="1" name="Arcane Wisdom">
		<!-- Significantly increases efficiency of magic and decreases MP consumption of skills. Casting Spd. is decreased and HP will be continuously consumed while in effect. -->
		<set name="abnormalVisualEffect" val="NONE" />
		<set name="icon" val="icon.skill0336" />
		<set name="magicLevel" val="78" />
		<set name="mpConsume" val="36" />
		<set name="operateType" val="T" />
		<set name="targetType" val="SELF" />
		<for>
			<effect name="DamOverTime" ticks="5">
				<param power="50" />
				<mul stat="mAtkSpd" val="0.9" />
				<mul stat="magicalMpConsumeRate" val="0.7" />
			</effect>
		</for>
	</skill>
	<skill id="337" levels="1" name="Arcane Power">
		<!-- Significantly increases M. Atk. power, but at an increased MP cost per skill. HP will be continuously consumed while in effect. -->
		<set name="abnormalVisualEffect" val="NONE" />
		<set name="icon" val="icon.skill0337" />
		<set name="magicLevel" val="78" />
		<set name="mpConsume" val="36" />
		<set name="operateType" val="T" />
		<set name="targetType" val="SELF" />
		<for>
			<effect name="DamOverTime" ticks="5">
				<param power="50" />
				<mul stat="magicalMpConsumeRate" val="1.1" />
				<mul stat="mAtk" val="1.3" />
			</effect>
		</for>
	</skill>
	<skill id="338" levels="1" name="Arcane Agility">
		<!-- Significantly increases Casting Spd. and decreases skill re-use time at an increased MP consumption per skill. HP will be continuously consumed while in effect. -->
		<set name="abnormalVisualEffect" val="NONE" />
		<set name="icon" val="icon.skill0338" />
		<set name="magicLevel" val="78" />
		<set name="mpConsume" val="36" />
		<set name="operateType" val="T" />
		<set name="targetType" val="SELF" />
		<for>
			<effect name="DamOverTime" ticks="5">
				<param power="50" />
				<mul stat="mAtkSpd" val="1.2" />
				<mul stat="mReuse" val="0.9" />
				<mul stat="magicalMpConsumeRate" val="1.1" />
			</effect>
		</for>
	</skill>
	<skill id="339" levels="1" name="Parry Stance">
		<!-- Uses weapon to block incoming attacks. P. Def and M. Def increase significantly. Speed, Atk. Spd. and accuracy are decreased. MP will be continuously consumed while in effect. -->
		<set name="abnormalVisualEffect" val="NONE" />
		<set name="icon" val="icon.skill0339" />
		<set name="magicLevel" val="78" />
		<set name="mpConsume" val="36" />
		<set name="operateType" val="T" />
		<set name="targetType" val="SELF" />
		<for>
			<effect name="MpConsumePerLevel" ticks="5">
				<param power="1" />
				<mul stat="pDef" val="1.25" />
				<mul stat="mDef" val="1.25" />
				<mul stat="pAtkSpd" val="0.8" />
				<mul stat="runSpd" val="0.9" />
				<sub stat="accCombat" val="4" />
			</effect>
		</for>
	</skill>
	<skill id="340" levels="1" name="Riposte Stance">
		<!-- Uses weapon to reflect incoming attacks. It reflects the damage received and has a chance to reflect buff/de-buff skill attacks. The damage received through skill use and remote attack are excluded. Moving speed, Atk. Spd. and Accuracy are decreased. MP will be continuously consumed while in effect. -->
		<set name="abnormalVisualEffect" val="NONE" />
		<set name="icon" val="icon.skill0340" />
		<set name="magicLevel" val="77" />
		<set name="mpConsume" val="35" />
		<set name="operateType" val="T" />
		<set name="targetType" val="SELF" />
		<for>
			<effect name="MpConsumePerLevel" ticks="5">
				<param power="1" />
				<add stat="reflectDam" val="30" />
				<add stat="reflectSkillPhysic" val="30" />
				<add stat="reflectSkillMagic" val="30" />
				<mul stat="pAtkSpd" val="0.8" />
				<mul stat="runSpd" val="0.9" />
				<sub stat="accCombat" val="4" />
			</effect>
		</for>
	</skill>
	<skill id="341" levels="1" name="Touch of Life" enchantGroup1="6" enchantGroup2="6">
		<!-- Sacrifices one's own HP to bestow a sacred blessing on another character, restoring lost HP. Also temporarily but significantly increases HP regeneration, resistance to buff-lifting attacks, debuff attacks and the effect of one's own HP regeneration magic. -->
		<set name="abnormalLevel" val="1" />
		<set name="abnormalTime" val="120" />
		<set name="abnormalType" val="TOUCH_OF_LIFE" />
		<set name="castRange" val="40" />
		<set name="effectPoint" val="810" />
		<set name="effectRange" val="400" />
		<set name="element" val="4" /> <!-- Holy -->
		<set name="elementPower" val="20" />
		<set name="hitTime" val="1800" />
		<set name="hpConsume" val="1215" />
		<set name="icon" val="icon.skill0341" />
		<set name="magicLevel" val="78" />
		<set name="operateType" val="A2" />
		<set name="reuseDelay" val="300000" />
		<set name="targetType" val="ONE" />
		<for>
			<effect name="Buff">
				<sub stat="cancelVuln" val="100" />
				<sub stat="debuffVuln" val="30" />
				<mul stat="healEffect" val="1.3" />
			</effect>
			<effect name="HealOverTime" ticks="5">
				<param power="50" />
			</effect>
			<effect name="HealPercent">
				<param power="50" />
			</effect>
		</for>
	</skill>
	<skill id="342" levels="1" name="Touch of Death">
		<!-- Sacrifices HP to cast a dark curse upon an enemy that has a chance to remove multiple buffs and significantly decrease maximum CP for a brief time. Decreases resistance to debuff attacks and the effectiveness of HP regeneration magic. Only usable when HP is 75% or lower. -->
		<set name="abnormalLevel" val="1" />
		<set name="abnormalTime" val="120" />
		<set name="abnormalType" val="TOUCH_OF_DEATH" />
		<set name="activateRate" val="80" />
		<set name="basicProperty" val="CON" />
		<set name="castRange" val="40" />
		<set name="effectPoint" val="-1338" />
		<set name="effectRange" val="400" />
		<set name="hitTime" val="1800" />
		<set name="hpConsume" val="669" />
		<set name="icon" val="icon.skill0342" />
		<set name="isDebuff" val="true" />
		<set name="lvlBonusRate" val="1" />
		<set name="magicLevel" val="78" />
		<set name="nextActionAttack" val="true" />
		<set name="operateType" val="A2" />
		<set name="reuseDelay" val="150000" />
		<set name="targetType" val="ONE" />
		<set name="trait" val="DEATH" />
		<for>
			<effect name="Debuff">
				<mul stat="maxCp" val="0.1" />
				<add stat="debuffVuln" val="30" />
				<mul stat="healEffect" val="0.7" />
			</effect>
			<effect name="DispelByCategory">
				<param slot="buff" rate="25" max="5" />
			</effect>
			<effect name="CpDamPercent">
				<param power="90" />
			</effect>
		</for>
	</skill>
	<skill id="343" levels="1" name="Lethal Shot">
		<!-- Shoots a potentially deadly arrow. Over-hit possible. Usable when one is equipped with a bow. Power 5132. -->
		<set name="baseCritRate" val="15" />
		<set name="castRange" val="900" />
		<set name="effectPoint" val="-897" />
		<set name="effectRange" val="1400" />
		<set name="hitTime" val="4000" />
		<set name="icon" val="icon.skill0343" />
		<set name="magicLevel" val="76" />
		<set name="mpConsume" val="153" />
		<set name="operateType" val="A1" />
		<set name="overHit" val="true" />
		<set name="power" val="5132" /> <!-- Epilogue Modification -->
		<set name="reuseDelay" val="8000" />
		<set name="targetType" val="ONE" />
		<set name="trait" val="DEATH" />
		<cond msgId="113" addName="1">
			<using kind="BOW" />
		</cond>
		<for>
			<effect name="PhysicalAttack" />
			<effect name="Lethal">
				<param halfLethal="5" /> <!-- Epilogue Modification -->
			</effect>
		</for>
	</skill>
	<skill id="344" levels="1" name="Lethal Blow">
		<!-- A potentially deadly attack. An equipped dagger weapon is required to use this skill. Power 5773. -->
		<set name="baseCritRate" val="20" />
		<set name="blowChance" val="30" />
		<set name="castRange" val="40" />
		<set name="effectPoint" val="-337" />
		<set name="effectRange" val="400" />
		<set name="hitTime" val="1800" />
		<set name="icon" val="icon.skill0344" />
		<set name="magicLevel" val="76" />
		<set name="mpConsume" val="77" />
		<set name="nextActionAttack" val="true" />
		<set name="operateType" val="A1" />
		<set name="overHit" val="true" />
		<set name="power" val="5773" />
		<set name="reuseDelay" val="4000" />
		<set name="targetType" val="ONE" />
		<set name="trait" val="DEATH" />
		<cond msgId="113" addName="1">
			<using kind="DAGGER,DUALDAGGER" />
		</cond>
		<for>
			<effect name="FatalBlow" />
			<effect name="Lethal">
				<param halfLethal="15" />
			</effect>
		</for>
	</skill>
	<skill id="345" levels="1" name="Sonic Rage">
		<!-- Dual Swords attack that emits a beam to strike a distant target while gathering force for use in other special attack skills. Force can be gathered up to level 7. A critical hit is possible. Usable when one is equipped with a dual-sword type weapon. -->
		<set name="baseCritRate" val="10" />
		<set name="castRange" val="600" />
		<set name="effectPoint" val="-340" />
		<set name="effectRange" val="1100" />
		<set name="hitTime" val="1500" />
		<set name="hpConsume" val="50" />
		<set name="icon" val="icon.skill0345" />
		<set name="magicLevel" val="78" />
		<set name="mpConsume" val="5" />
		<set name="nextActionAttack" val="true" />
		<set name="operateType" val="A1" />
		<set name="overHit" val="true" />
		<set name="targetType" val="ONE" />
		<cond msgId="113" addName="1">
			<using kind="DUAL" />
		</cond>
		<for>
			<effect name="PhysicalAttack" />
		</for>
		<selfEffects>
			<effect name="FocusEnergy">
				<param charge="7" /> <!-- Epilogue Modification -->
			</effect>
		</selfEffects>
	</skill>
	<skill id="346" levels="1" name="Raging Force">
		<!-- A special attack that emits energy striking distant targets - continues to gather force energy for use with other special attack skills. Force can be gathered up to level 7. A critical hit is possible. An equipped hand-to-hand combat weapon is required to use this skill. -->
		<set name="baseCritRate" val="10" />
		<set name="castRange" val="600" />
		<set name="effectPoint" val="-340" />
		<set name="effectRange" val="1100" />
		<set name="hitTime" val="1500" />
		<set name="hpConsume" val="50" />
		<set name="icon" val="icon.skill0346" />
		<set name="magicLevel" val="78" />
		<set name="mpConsume" val="5" />
		<set name="nextActionAttack" val="true" />
		<set name="operateType" val="A1" />
		<set name="overHit" val="true" />
		<set name="targetType" val="ONE" />
		<cond msgId="113" addName="1">
			<using kind="DUALFIST" />
		</cond>
		<for>
			<effect name="PhysicalAttack" />
		</for>
		<selfEffects>
			<effect name="FocusEnergy">
				<param charge="7" /> <!-- Epilogue Modification -->
			</effect>
		</selfEffects>
	</skill>
	<skill id="347" levels="1" name="Earthquake">
		<!-- Sacrifice some HP to strike nearby enemies with a powerful force that cancels their target status. Critical and over-hit are possible. Ignores shield defense. An equipped spear weapon is required to use this skill. Power 4040. -->
		<set name="affectLimit" val="6-12" />
		<set name="affectRange" val="150" />
		<set name="baseCritRate" val="15" /> <!-- Epilogue Modification -->
		<set name="effectPoint" val="-679" />
		<set name="element" val="3" /> <!-- Earth -->
		<set name="elementPower" val="20" />
		<set name="hitTime" val="1800" />
		<set name="hpConsume" val="340" />
		<set name="icon" val="icon.skill0347" />
		<set name="ignoreShld" val="true" />
		<set name="magicLevel" val="78" />
		<set name="mpConsume" val="78" />
		<set name="operateType" val="A1" />
		<set name="overHit" val="true" />
		<set name="power" val="4848" />
		<set name="reuseDelay" val="8000" />
		<set name="targetType" val="AURA" />
		<cond msgId="113" addName="1">
			<using kind="POLE" />
		</cond>
		<for>
			<effect name="TargetCancel">
				<param chance="60" />
			</effect>
			<effect name="PhysicalAttack" />
		</for>
	</skill>
	<skill id="348" levels="1" name="Spoil Crush">
		<!-- While attacking an enemy it changes the inside of the monster so that one can use a sweeper skill. Critical can be used. An equipped blunt weapon is required to use this skill. -->
		<set name="baseCritRate" val="20" />
		<set name="castRange" val="40" />
		<set name="coolTime" val="100" />
		<set name="effectPoint" val="-337" />
		<set name="effectRange" val="400" />
		<set name="hitTime" val="1700" />
		<set name="icon" val="icon.skill0348" />
		<set name="magicLevel" val="76" />
		<set name="mpConsume" val="70" />
		<set name="nextActionAttack" val="true" />
		<set name="operateType" val="A1" />
		<set name="overHit" val="true" />
		<set name="power" val="5" />
		<set name="reuseDelay" val="3000" />
		<set name="targetType" val="ONE" />
		<cond msgId="113" addName="1">
			<using kind="BLUNT" /> <!-- Epilogue Modification -->
		</cond>
		<for>
			<effect name="PhysicalAttack" />
			<effect name="Spoil" />
		</for>
	</skill>
	<skill id="349" levels="1" name="Song of Renewal">
		<!-- Temporarily decreases party members' MP consumption and re-use time while using physical/magic skills. If one sings while sing/dance state is in effect, additional MP will be consumed. -->
		<set name="abnormalLevel" val="1" />
		<set name="abnormalTime" val="120" />
		<set name="abnormalType" val="SONG_OF_RENEWAL" />
		<set name="affectRange" val="1000" />
		<set name="effectPoint" val="666" />
		<set name="hitTime" val="2500" />
		<set name="icon" val="icon.skill0349" />
		<set name="isMagic" val="1" /> <!-- Dance Skill to Mage skill -->
		<set name="magicLevel" val="77" />
		<set name="mpConsume" val="60" />
		<set name="operateType" val="A2" />
		<set name="reuseDelay" val="3000" />
		<set name="targetType" val="PARTY" />
		<for>
			<effect name="Buff">
				<mul stat="mReuse" val="0.8" />
				<mul stat="pReuse" val="0.8" />
				<mul stat="magicalMpConsumeRate" val="0.95" />
				<mul stat="physicalMpConsumeRate" val="0.95" />
				<mul stat="danceMpConsumeRate" val="0.95" />
			</effect>
		</for>
	</skill>
	<skill id="350" levels="1" name="Physical Mirror">
		<!-- A shield power that reflects back buffs/de-buffs one receives from physical skill attacks. An equipped shield is required to use this skill. -->
		<set name="abnormalLevel" val="1" />
		<set name="abnormalTime" val="300" />
		<set name="abnormalType" val="REFLECT_ABNORMAL" />
		<set name="effectPoint" val="669" />
		<set name="hitTime" val="2000" />
		<set name="icon" val="icon.skill0350" />
		<set name="magicLevel" val="78" />
		<set name="mpConsume" val="36" />
		<set name="operateType" val="A2" />
		<set name="reuseDelay" val="150000" />
		<set name="targetType" val="SELF" />
		<cond msgId="113" addName="1">
			<using kind="SHIELD" />
		</cond>
		<for>
			<effect name="Buff">
				<add stat="reflectSkillPhysic" val="30">
					<using kind="SHIELD" />
				</add>
				<add stat="reflectSkillMagic" val="10">
					<using kind="SHIELD" />
				</add>
			</effect>
		</for>
	</skill>
	<skill id="351" levels="1" name="Magical Mirror">
		<!-- A shield power that has a chance to reflect de-buffs from magic skills back to the attacker. An equipped shield is required to use this skill. -->
		<set name="abnormalLevel" val="1" />
		<set name="abnormalTime" val="300" />
		<set name="abnormalType" val="REFLECT_ABNORMAL" />
		<set name="effectPoint" val="669" />
		<set name="hitTime" val="2000" />
		<set name="icon" val="icon.skill0351" />
		<set name="magicLevel" val="78" />
		<set name="mpConsume" val="36" />
		<set name="operateType" val="A2" />
		<set name="reuseDelay" val="150000" />
		<set name="targetType" val="SELF" />
		<cond msgId="113" addName="1">
			<using kind="SHIELD" />
		</cond>
		<for>
			<effect name="Buff">
				<add stat="reflectSkillPhysic" val="10">
					<using kind="SHIELD" />
				</add>
				<add stat="reflectSkillMagic" val="30">
					<using kind="SHIELD" />
				</add>
			</effect>
		</for>
	</skill>
	<skill id="352" levels="1" name="Shield Bash">
		<!-- A shield attack that interrupts an enemy's physical attack and causes them to lose their target. An equipped shield is required to use this skill. -->
		<set name="abnormalLevel" val="1" />
		<set name="abnormalTime" val="2" />
		<set name="abnormalType" val="STUN" />
		<set name="abnormalVisualEffect" val="STUN" />
		<set name="activateRate" val="80" />
		<set name="basicProperty" val="CON" />
		<set name="castRange" val="40" />
		<set name="effectPoint" val="-666" />
		<set name="effectRange" val="400" />
		<set name="hitTime" val="1000" />
		<set name="icon" val="icon.skill0352" />
		<set name="isDebuff" val="true" />
		<set name="lvlBonusRate" val="2" />
		<set name="magicLevel" val="77" />
		<set name="mpConsume" val="18" />
		<set name="nextActionAttack" val="true" />
		<set name="operateType" val="A2" />
		<set name="reuseDelay" val="3000" />
		<set name="targetType" val="ONE" />
		<set name="trait" val="SHOCK" />
		<cond msgId="113" addName="1">
			<using kind="SHIELD" />
		</cond>
		<for>
			<effect name="TargetCancel">
				<param chance="80" />
			</effect>
			<effect name="Stun" />
		</for>
	</skill>
	<skill id="353" levels="1" name="Shield Slam">
		<!-- A shield attack that interrupts an enemy's physical attack and causes them to lose their target. An equipped shield is required to use this skill. -->
		<set name="abnormalLevel" val="1" />
		<set name="abnormalTime" val="60" />
		<set name="abnormalType" val="SILENCE_PHYSICAL" />
		<set name="abnormalVisualEffect" val="SILENCE" />
		<set name="activateRate" val="40" />
		<set name="basicProperty" val="MEN" />
		<set name="castRange" val="40" />
		<set name="effectPoint" val="-666" />
		<set name="effectRange" val="400" />
		<set name="hitTime" val="2000" />
		<set name="icon" val="icon.skill0353" />
		<set name="isDebuff" val="true" />
		<set name="lvlBonusRate" val="1" />
		<set name="magicLevel" val="77" />
		<set name="mpConsume" val="35" />
		<set name="nextActionAttack" val="true" />
		<set name="operateType" val="A2" />
		<set name="reuseDelay" val="8000" />
		<set name="targetType" val="ONE" />
		<set name="trait" val="DERANGEMENT" />
		<cond msgId="113" addName="1">
			<using kind="SHIELD" />
		</cond>
		<for>
			<effect name="TargetCancel">
				<param chance="80" />
			</effect>
			<effect name="PhysicalMute" />
		</for>
	</skill>
	<skill id="354" levels="1" name="Hamstring Shot">
		<!-- Inflicts damage to an enemy while reducing their Speed. A critical hit is possible. An equipped bow is required to use this skill. Power 1973. Effect 3. -->
		<set name="abnormalLevel" val="3" />
		<set name="abnormalTime" val="60" />
		<set name="abnormalType" val="SPEED_DOWN" />
		<set name="activateRate" val="40" />
		<set name="baseCritRate" val="15" />
		<set name="basicProperty" val="MEN" />
		<set name="castRange" val="900" />
		<set name="effectPoint" val="-507" />
		<set name="effectRange" val="1400" />
		<set name="hitTime" val="4000" />
		<set name="icon" val="icon.skill0354" />
		<set name="isDebuff" val="true" />
		<set name="lvlBonusRate" val="1" />
		<set name="magicLevel" val="77" />
		<set name="mpConsume" val="78" />
		<set name="operateType" val="A2" />
		<set name="overHit" val="true" />
		<set name="power" val="1973" />
		<set name="reuseDelay" val="15000" />
		<set name="targetType" val="ONE" />
		<cond msgId="113" addName="1">
			<using kind="BOW" />
		</cond>
		<for>
			<effect name="PhysicalAttack" />
			<effect name="Debuff">
				<mul stat="runSpd" val="0.7" />
			</effect>
		</for>
	</skill>
	<skill id="355" levels="1" name="Focus Death">
		<!-- Decreases the critical rate and increases the success rate of all Mortal Blow type skills. Effectiveness is dependent upon the direction of attack. An equipped dagger weapon is required to use this skill. -->
		<set name="abnormalLevel" val="1" />
		<set name="abnormalTime" val="120" />
		<set name="abnormalType" val="FOCUS_DAGGER" />
		<set name="effectPoint" val="669" />
		<set name="hitTime" val="2000" />
		<set name="icon" val="icon.skill0355" />
		<set name="magicLevel" val="78" />
		<set name="mpConsume" val="36" />
		<set name="operateType" val="A2" />
		<set name="reuseDelay" val="30000" />
		<set name="targetType" val="SELF" />
		<cond msgId="113" addName="1">
			<using kind="DAGGER,DUALDAGGER" />
		</cond>
		<for>
			<effect name="Buff">
				<mul stat="critRate" val="0.7" /> <!-- Decreases critical attack rate by 30% -->
				<mul stat="blowRate" val="1.6" /> <!-- Increases blow land rate by 60% -->
				<mul stat="critDmgPos" val="0.7"> <!-- Decreases frontal critical damage by 30% -->
					<player front="true" />
				</mul>
				<mul stat="critDmgPos" val="1.9"> <!-- Increases rear critical damage by 90% -->
					<player behind="true" />
				</mul>
			</effect>
		</for>
	</skill>
	<skill id="356" levels="1" name="Focus Chance">
		<!-- Increases the critical rate and success rate of all Mortal Blow type skills. Effectiveness is dependent upon the direction of attack. An equipped dagger weapon is required to use this skill. -->
		<set name="abnormalLevel" val="1" />
		<set name="abnormalTime" val="120" />
		<set name="abnormalType" val="FOCUS_DAGGER" />
		<set name="effectPoint" val="669" />
		<set name="hitTime" val="2000" />
		<set name="icon" val="icon.skill0356" />
		<set name="magicLevel" val="78" />
		<set name="mpConsume" val="36" />
		<set name="operateType" val="A2" />
		<set name="reuseDelay" val="30000" />
		<set name="targetType" val="SELF" />
		<cond msgId="113" addName="1">
			<using kind="DAGGER,DUALDAGGER" />
		</cond>
		<for>
			<effect name="Buff">
				<mul stat="critRatePos" val="0.7"> <!-- Decreases frontal critical attack rate by 30% -->
					<player front="true" />
				</mul>
				<mul stat="critRatePos" val="1.3"> <!-- Increase side critical attack rate by 30% -->
					<and>
						<player front="false" />
						<player behind="false" />
					</and>
				</mul>
				<mul stat="critRatePos" val="1.6"> <!-- Increase rear critical attack rate by 60% -->
					<player behind="true" />
				</mul>
			</effect>
		</for>
	</skill>
	<skill id="357" levels="1" name="Focus Power">
		<!-- Temporarily changes the damage of critical attack and all Mortal Blow type skills. Effectiveness is dependent upon the direction of attack. An equipped dagger weapon is required to use this skill. -->
		<table name="#ench1cAtk">1.61 1.62 1.62 1.63 1.64 1.64 1.65 1.65 1.66 1.67 1.67 1.68 1.69 1.69 1.7</table>
		<table name="#ench2cAtk">1.31 1.32 1.32 1.33 1.34 1.34 1.35 1.36 1.36 1.37 1.37 1.38 1.39 1.39 1.4</table>
		<table name="#enchMagicLvl">81 81 81 82 82 82 83 83 83 84 84 84 85 85 85</table>
		<set name="abnormalLevel" val="1" />
		<set name="abnormalTime" val="120" />
		<set name="abnormalType" val="FOCUS_DAGGER" />
		<set name="effectPoint" val="669" />
		<set name="hitTime" val="2000" />
		<set name="icon" val="icon.skill0357" />
		<set name="magicLevel" val="78" />
		<set name="mpConsume" val="36" />
		<set name="operateType" val="A2" />
		<set name="reuseDelay" val="30000" />
		<set name="targetType" val="SELF" />
		<cond msgId="113" addName="1">
			<using kind="DAGGER,DUALDAGGER" />
		</cond>
		<for>
			<effect name="Buff">
				<mul stat="critDmgPos" val="0.7"> <!-- Decreases frontal critical attack damage by 30% -->
					<player front="true" />
				</mul>
				<mul stat="critDmgPos" val="1.3"> <!-- Increases side critical attack damage by 30% -->
					<and>
						<player front="false" />
						<player behind="false" />
					</and>
				</mul>
				<mul stat="critDmgPos" val="1.6"> <!-- Increases rear critical attack damage by 60% -->
					<player behind="true" />
				</mul>
			</effect>
		</for>
	</skill>
	<skill id="358" levels="1" name="Bluff">
		<!-- Tricks the enemy to show its back. Removes the enemy's desire to attack and cancels one's own target status. Instantly throws the enemy into a state of shock. An equipped dagger weapon is required to use this skill. -->
		<set name="abnormalLevel" val="1" />
		<set name="abnormalTime" val="9" />
		<set name="abnormalType" val="STUN" />
		<set name="abnormalVisualEffect" val="STUN" />
		<set name="activateRate" val="40" />
		<set name="basicProperty" val="MEN" />
		<set name="castRange" val="40" />
		<set name="effectPoint" val="-1" />
		<set name="effectRange" val="400" />
		<set name="hitTime" val="1000" />
		<set name="icon" val="icon.skill0358" />
		<set name="isDebuff" val="true" />
		<set name="lvlBonusRate" val="1" />
		<set name="magicLevel" val="77" />
		<set name="mpConsume" val="35" />
		<set name="operateType" val="A2" />
		<set name="reuseDelay" val="8000" />
		<set name="targetType" val="ONE" />
		<set name="trait" val="DERANGEMENT" />
		<cond msgId="113" addName="1">
			<using kind="DAGGER,DUALDAGGER" />
		</cond>
		<for>
			<effect name="Bluff">
				<param chance="80" />
			</effect>
			<effect name="TargetCancel">
				<param chance="80" />
			</effect>
			<effect name="DeleteHateOfMe">
				<param chance="80" />
			</effect>
			<effect name="Stun" />
		</for>
	</skill>
	<skill id="359" levels="1" name="Eye of Hunter">
		<!-- Temporarily increases P. Atk against insects/plants/animals. -->
		<set name="abnormalLevel" val="2" />
		<set name="abnormalTime" val="600" />
		<set name="abnormalType" val="DETECT_WEAKNESS" />
		<set name="effectPoint" val="666" />
		<set name="hitTime" val="2000" />
		<set name="icon" val="icon.skill0359" />
		<set name="magicLevel" val="77" />
		<set name="mpConsume" val="70" />
		<set name="operateType" val="A2" />
		<set name="reuseDelay" val="3000" />
		<set name="targetType" val="SELF" />
		<for>
			<effect name="AttackTrait">
				<param BUG_WEAKNESS="30" />
				<param PLANT_WEAKNESS="30" />
				<param ANIMAL_WEAKNESS="30" />
			</effect>
		</for>
	</skill>
	<skill id="360" levels="1" name="Eye of Slayer">
		<!-- Temporarily increases P. Atk. against the beasts/magic creatures/giants/dragons. -->
		<set name="abnormalLevel" val="2" />
		<set name="abnormalTime" val="600" />
		<set name="abnormalType" val="DETECT_WEAKNESS" />
		<set name="effectPoint" val="669" />
		<set name="hitTime" val="2000" />
		<set name="icon" val="icon.skill0360" />
		<set name="magicLevel" val="77" />
		<set name="mpConsume" val="71" />
		<set name="operateType" val="A2" />
		<set name="reuseDelay" val="3000" />
		<set name="targetType" val="SELF" />
		<for>
			<effect name="AttackTrait">
				<param BEAST_WEAKNESS="30" />
				<param CONSTRUCT_WEAKNESS="30" />
				<param GIANT_WEAKNESS="30" />
				<param DRAGON_WEAKNESS="30" />
			</effect>
		</for>
	</skill>
	<skill id="361" levels="1" name="Shock Blast">
		<!-- Sacrifices HP to release a shock wave at distant enemies that inflicts damage and cancels their target status. Temporarily throws them into a state of shock which greatly reduces their P. Def. and M. Def.. Critical attack is possible. Shield defense is ignored. Over-hit is possible. Usable when equipped with a spear. Power 2072. -->
		<set name="abnormalLevel" val="2" />
		<set name="abnormalTime" val="9" />
		<set name="abnormalType" val="STUN" />
		<set name="abnormalVisualEffect" val="STUN" />
		<set name="activateRate" val="40" />
		<set name="affectLimit" val="5-12" />
		<set name="affectRange" val="150" />
		<set name="baseCritRate" val="20" />
		<set name="basicProperty" val="CON" />
		<set name="castRange" val="500" />
		<set name="effectPoint" val="-507" />
		<set name="effectRange" val="1000" />
		<set name="hitTime" val="2500" />
		<set name="hpConsume" val="507" />
		<set name="icon" val="icon.skill0361" />
		<set name="ignoreShld" val="true" />
		<set name="isDebuff" val="true" />
		<set name="lvlBonusRate" val="1" />
		<set name="magicLevel" val="77" />
		<set name="mpConsume" val="53" />
		<set name="operateType" val="A2" />
		<set name="overHit" val="true" />
		<set name="power" val="2486" />
		<set name="reuseDelay" val="8000" />
		<set name="targetType" val="AREA" />
		<set name="trait" val="SHOCK" />
		<cond msgId="113" addName="1">
			<using kind="POLE" />
		</cond>
		<for>
			<effect name="TargetCancel">
				<param chance="60" />
			</effect>
			<effect name="PhysicalAttack" />
			<effect name="Stun">
				<mul stat="pDef" val="0.7" />
				<mul stat="mDef" val="0.7" />
			</effect>
		</for>
	</skill>
	<skill id="362" levels="1" name="Armor Crush">
		<!-- Inflicts great damage and temporarily throws the enemy into a state of shock with greatly reduced P. Def. and M. Def. Critical attack is possible. Shield defense is ignored. Over-hit is possible. Usable when equipped with a sword / blunt weapon / two-handed sword / two-handed blunt weapon. Power 2565. -->
		<set name="abnormalLevel" val="2" />
		<set name="abnormalTime" val="9" />
		<set name="abnormalType" val="STUN" />
		<set name="abnormalVisualEffect" val="STUN" />
		<set name="activateRate" val="40" />
		<set name="baseCritRate" val="20" />
		<set name="basicProperty" val="CON" />
		<set name="castRange" val="40" />
		<set name="coolTime" val="100" />
		<set name="effectPoint" val="-507" />
		<set name="effectRange" val="400" />
		<set name="hitTime" val="1900" />
		<set name="hpConsume" val="338" />
		<set name="icon" val="icon.skill0362" />
		<set name="ignoreShld" val="true" />
		<set name="isDebuff" val="true" />
		<set name="lvlBonusRate" val="1" />
		<set name="magicLevel" val="77" />
		<set name="mpConsume" val="35" />
		<set name="nextActionAttack" val="true" />
		<set name="operateType" val="A2" />
		<set name="overHit" val="true" />
		<set name="power" val="3077" />
		<set name="reuseDelay" val="4000" />
		<set name="targetType" val="ONE" />
		<set name="trait" val="SHOCK" />
		<cond msgId="113" addName="1">
			<using kind="BLUNT,SWORD" />
		</cond>
		<for>
			<effect name="PhysicalAttack" />
			<effect name="Stun">
				<mul stat="pDef" val="0.7" />
				<mul stat="mDef" val="0.7" />
			</effect>
		</for>
	</skill>
	<skill id="363" levels="1" name="Song of Meditation">
		<!-- Temporarily increases party members' MP regeneration rate and decreases MP consumption rate when using a magic skill. Continuous singing consumes additional MP. -->
		<set name="abnormalLevel" val="1" />
		<set name="abnormalTime" val="120" />
		<set name="abnormalType" val="SONG_OF_MEDITATION" />
		<set name="affectRange" val="1000" />
		<set name="effectPoint" val="666" />
		<set name="hitTime" val="2500" />
		<set name="icon" val="icon.skill0363" />
		<set name="isMagic" val="1" /> <!-- Dance Skill to Mage skill -->
		<set name="magicLevel" val="77" />
		<set name="mpConsume" val="60" />
		<set name="operateType" val="A2" />
		<set name="reuseDelay" val="3000" />
		<set name="targetType" val="PARTY" />
		<for>
			<effect name="Buff">
				<mul stat="regMp" val="1.2" />
				<mul stat="magicalMpConsumeRate" val="0.9" />
			</effect>
		</for>
	</skill>
	<skill id="364" levels="1" name="Song of Champion">
		<!-- Temporarily decreases party members' MP consumption/re-use time when using physical skills. Continuous singing consumes additional MP. -->
		<set name="abnormalLevel" val="1" />
		<set name="abnormalTime" val="120" />
		<set name="abnormalType" val="SONG_OF_CHAMPION" />
		<set name="affectRange" val="1000" />
		<set name="effectPoint" val="669" />
		<set name="hitTime" val="2500" />
		<set name="icon" val="icon.skill0364" />
		<set name="isMagic" val="1" /> <!-- Dance Skill to Mage skill -->
		<set name="magicLevel" val="78" />
		<set name="mpConsume" val="60" />
		<set name="operateType" val="A2" />
		<set name="reuseDelay" val="3000" />
		<set name="targetType" val="PARTY" />
		<for>
			<effect name="Buff">
				<mul stat="pReuse" val="0.9" />
				<mul stat="physicalMpConsumeRate" val="0.8" />
				<mul stat="dReuse" val="0.9" />
				<mul stat="danceMpConsumeRate" val="0.8" />
			</effect>
		</for>
	</skill>
	<skill id="365" levels="1" name="Siren's Dance">
		<!-- Temporarily increases a party member's success rate of inflicting critical damage through attack magic. Continuous dancing consumes additional MP. Usable when equipped with a two-blade weapon. -->
		<set name="abnormalLevel" val="1" />
		<set name="abnormalTime" val="120" />
		<set name="abnormalType" val="DANCE_OF_SIREN" />
		<set name="affectRange" val="1000" />
		<set name="effectPoint" val="669" />
		<set name="hitTime" val="2500" />
		<set name="icon" val="icon.skill0365" />
		<set name="isMagic" val="1" /> <!-- Dance Skill to Mage skill -->
		<set name="magicLevel" val="78" />
		<set name="mpConsume" val="60" />
		<set name="operateType" val="A2" />
		<set name="reuseDelay" val="3000" />
		<set name="targetType" val="PARTY" />
		<cond msgId="113" addName="1">
			<using kind="DUAL" />
		</cond>
		<for>
			<effect name="Buff">
				<mul stat="mCritRate" val="2" />
			</effect>
		</for>
	</skill>
	<skill id="366" levels="1" name="Dance of Shadows">
		<!-- Temporarily decreases speed and gives party members the ability to be unaffected by a monster's preemptive attack. Continuous dancing consumes additional MP. Usable when equipped with a two-blade weapon. -->
		<set name="abnormalLevel" val="1" />
		<set name="abnormalTime" val="120" />
		<set name="abnormalType" val="DANCE_OF_SHADOW" />
		<set name="abnormalVisualEffect" val="STEALTH" />
		<set name="affectRange" val="1000" />
		<set name="effectPoint" val="666" />
		<set name="hitTime" val="2500" />
		<set name="icon" val="icon.skill0366" />
		<set name="isMagic" val="1" /> <!-- Dance Skill to Mage skill -->
		<set name="magicLevel" val="77" />
		<set name="mpConsume" val="60" />
		<set name="operateType" val="A2" />
		<set name="reuseDelay" val="3000" />
		<set name="targetType" val="PARTY" />
		<cond msgId="113" addName="1">
			<using kind="DUAL" />
		</cond>
		<for>
			<effect name="SilentMove">
				<mul stat="runSpd" val="0.5" />
			</effect>
		</for>
	</skill>
	<skill id="367" levels="1" name="Dance of Medusa">
		<!-- Dances to summon the phantom of Medusa. Paralyzes nearby enemies. Usable when one is equipped with a dual-sword type weapon.. -->
		<set name="abnormalLevel" val="1" />
		<set name="abnormalTime" val="30" /> <!-- Epilogue Modification -->
		<set name="abnormalType" val="TURN_STONE" />
		<set name="abnormalVisualEffect" val="FLESH_STONE" />
		<set name="activateRate" val="40" />
		<set name="affectLimit" val="10-10" />
		<set name="affectRange" val="150" />
		<set name="basicProperty" val="MEN" />
		<set name="effectPoint" val="-666" />
		<set name="element" val="3" /> <!-- Earth -->
		<set name="elementPower" val="20" />
		<set name="hitTime" val="2000" />
		<set name="icon" val="icon.skill0367" />
		<set name="isDebuff" val="true" />
		<set name="lvlBonusRate" val="1" />
		<set name="magicLevel" val="77" />
		<set name="mpConsume" val="53" />
		<set name="operateType" val="A2" />
		<set name="reuseDelay" val="30000" /> <!-- Epilogue Modification -->
		<set name="targetType" val="AURA" />
		<cond msgId="113" addName="1">
			<using kind="DUAL" />
		</cond>
		<for>
			<effect name="Petrification" />
		</for>
	</skill>
	<skill id="368" levels="1" name="Vengeance">
		<!-- Instantly increases resistance to P. Def/M. Def buff-lifting attacks. Provokes nearby enemies to target the caster. The caster is immobile for the skill's duration. Usable when equipped with a shield. Power 3994. Effect 3. -->
		<set name="abnormalLevel" val="3" />
		<set name="abnormalTime" val="30" />
		<set name="abnormalType" val="PD_UP_SPECIAL" />
		<set name="affectLimit" val="10-10" />
		<set name="affectRange" val="200" />
		<set name="effectPoint" val="-7985" />
		<set name="hitTime" val="1000" />
		<set name="icon" val="icon.skill0368" />
		<set name="magicLevel" val="77" />
		<set name="mpConsume" val="35" />
		<set name="operateType" val="A3" />
		<set name="reuseDelay" val="900000" />
		<set name="targetType" val="AURA" />
		<cond msgId="113" addName="1">
			<using kind="SHIELD" />
		</cond>
		<for>
			<effect name="TargetMeProbability">
				<param chance="40" />
			</effect>
		</for>
		<selfEffects>
			<effect name="ImmobileBuff">
				<add stat="pDef" val="5400" />
				<add stat="mDef" val="4050" />
				<sub stat="cancelVuln" val="80" />
			</effect>
		</selfEffects>
	</skill>
	<skill id="369" levels="1" name="Evade Shot">
		<!-- Inflicts damage to the enemy and instantly increases one's evasion significantly. Usable when one is equipped with a bow. Over-hit possible. Power 2020. -->
		<set name="abnormalLevel" val="2" />
		<set name="abnormalTime" val="30" />
		<set name="abnormalType" val="SPEED_UP_SPECIAL" />
		<set name="castRange" val="900" />
		<set name="effectPoint" val="-337" />
		<set name="effectRange" val="1400" />
		<set name="hitTime" val="4000" />
		<set name="icon" val="icon.skill0369" />
		<set name="magicLevel" val="78" />
		<set name="mpConsume" val="114" />
		<set name="operateType" val="A3" />
		<set name="overHit" val="true" />
		<set name="power" val="2020" />
		<set name="reuseDelay" val="75000" />
		<set name="targetType" val="ONE" />
		<cond msgId="113" addName="1">
			<using kind="BOW" />
		</cond>
		<for>
			<effect name="PhysicalAttack" />
		</for>
		<selfEffects>
			<effect name="Buff">
				<add stat="rEvas" val="6" />
			</effect>
		</selfEffects>
	</skill>
	<skill id="370" levels="3" name="Clan Vitality">
		<!-- Increases clan members' Max HP. It only effects those who are of an Heir class or higher. -->
		<table name="#maxHp">1.03 1.05 1.06</table>
		<set name="icon" val="icon.skill0370" />
		<set name="magicLevel" val="1" />
		<set name="operateType" val="P" />
		<set name="targetType" val="SELF" />
		<for>
			<effect name="Buff">
				<mul stat="maxHp" val="#maxHp" />
			</effect>
		</for>
	</skill>
	<skill id="371" levels="3" name="Clan Spirituality">
		<!-- Increases clan members' Max CP. It only effects those who are of a Baron class or higher. -->
		<table name="#maxCp">1.06 1.1 1.12</table>
		<set name="icon" val="icon.skill0371" />
		<set name="magicLevel" val="1" />
		<set name="operateType" val="P" />
		<set name="targetType" val="SELF" />
		<for>
			<effect name="Buff">
				<mul stat="maxCp" val="#maxCp" />
			</effect>
		</for>
	</skill>
	<skill id="372" levels="3" name="Clan Essence">
		<!-- Increases clan members' Max MP. It only effects those who are of a Viscount class or higher. -->
		<table name="#maxMp">1.03 1.05 1.06</table>
		<set name="icon" val="icon.skill0372" />
		<set name="magicLevel" val="1" />
		<set name="operateType" val="P" />
		<set name="targetType" val="SELF" />
		<for>
			<effect name="Buff">
				<mul stat="maxMp" val="#maxMp" />
			</effect>
		</for>
	</skill>
	<skill id="373" levels="3" name="Clan Lifeblood">
		<!-- Increases the clan members' HP regeneration. Only affects Heir class and above. -->
		<table name="#regHp">1.03 1.05 1.06</table>
		<set name="icon" val="icon.skill0373" />
		<set name="magicLevel" val="1" />
		<set name="operateType" val="P" />
		<set name="targetType" val="SELF" />
		<for>
			<effect name="Buff">
				<mul stat="regHp" val="#regHp" />
			</effect>
		</for>
	</skill>
	<skill id="374" levels="3" name="Clan Morale">
		<!-- Increases the clan members' CP regeneration. Only affects Wise Man class and above. -->
		<table name="#regCp">1.06 1.1 1.12</table>
		<set name="icon" val="icon.skill0374" />
		<set name="magicLevel" val="1" />
		<set name="operateType" val="P" />
		<set name="targetType" val="SELF" />
		<for>
			<effect name="Buff">
				<mul stat="regCp" val="#regCp" />
			</effect>
		</for>
	</skill>
	<skill id="375" levels="3" name="Clan Clarity">
		<!-- Increases the clan members' MP regeneration. Only affects Viscount class and above. -->
		<table name="#regMp">1.03 1.05 1.06</table>
		<set name="icon" val="icon.skill0375" />
		<set name="magicLevel" val="1" />
		<set name="operateType" val="P" />
		<set name="targetType" val="SELF" />
		<for>
			<effect name="Buff">
				<mul stat="regMp" val="#regMp" />
			</effect>
		</for>
	</skill>
	<skill id="376" levels="3" name="Clan Might">
		<!-- Increases the clan members' P. Atk. Only affects Knight class and above. -->
		<table name="#pAtk">1.03 1.05 1.06</table>
		<set name="icon" val="icon.skill0376" />
		<set name="magicLevel" val="1" />
		<set name="operateType" val="P" />
		<set name="targetType" val="SELF" />
		<for>
			<effect name="Buff">
				<mul stat="pAtk" val="#pAtk" />
			</effect>
		</for>
	</skill>
	<skill id="377" levels="3" name="Clan Aegis">
		<!-- Increases clan members' P. Def. It only effects those who are of a Knight class or higher. -->
		<table name="#pDef">1.03 1.05 1.06</table>
		<set name="icon" val="icon.skill0377" />
		<set name="magicLevel" val="1" />
		<set name="operateType" val="P" />
		<set name="targetType" val="SELF" />
		<for>
			<effect name="Buff">
				<mul stat="pDef" val="#pDef" />
			</effect>
		</for>
	</skill>
	<skill id="378" levels="3" name="Clan Empowerment">
		<!-- Increases clan members' M. Atk. It only effects those who are of a Viscount class or higher. -->
		<table name="#mAtk">1.06 1.1 1.12</table>
		<set name="icon" val="icon.skill0378" />
		<set name="magicLevel" val="1" />
		<set name="operateType" val="P" />
		<set name="targetType" val="SELF" />
		<for>
			<effect name="Buff">
				<mul stat="mAtk" val="#mAtk" />
			</effect>
		</for>
	</skill>
	<skill id="379" levels="3" name="Clan Magic Protection">
		<!-- Increases clan members' M. Def. It only effects those who are of an Heir class or higher. -->
		<table name="#mDef">1.06 1.1 1.12</table>
		<set name="icon" val="icon.skill0379" />
		<set name="magicLevel" val="1" />
		<set name="operateType" val="P" />
		<set name="targetType" val="SELF" />
		<for>
			<effect name="Buff">
				<mul stat="mDef" val="#mDef" />
			</effect>
		</for>
	</skill>
	<skill id="380" levels="3" name="Clan Guidance">
		<!-- Increases the clan members' Accuracy. Only affects Baron class and above. -->
		<table name="#accCombat">1 2 3</table>
		<set name="icon" val="icon.skill0380" />
		<set name="magicLevel" val="1" />
		<set name="operateType" val="P" />
		<set name="targetType" val="SELF" />
		<for>
			<effect name="Buff">
				<add stat="accCombat" val="#accCombat" />
			</effect>
		</for>
	</skill>
	<skill id="381" levels="3" name="Clan Agility">
		<!-- Increases the clan members' Evasion. Only affects Baron class and above. -->
		<table name="#rEvas">1 2 3</table>
		<set name="icon" val="icon.skill0381" />
		<set name="magicLevel" val="1" />
		<set name="operateType" val="P" />
		<set name="targetType" val="SELF" />
		<for>
			<effect name="Buff">
				<add stat="rEvas" val="#rEvas" />
			</effect>
		</for>
	</skill>
	<skill id="382" levels="3" name="Clan Withstand-Attack">
		<!-- Increases clan members' Shield defense probability. It only effects those who are of a Viscount class or higher. -->
		<table name="#rShld">1.12 1.2 1.24</table>
		<set name="icon" val="icon.skill0382" />
		<set name="magicLevel" val="1" />
		<set name="operateType" val="P" />
		<set name="targetType" val="SELF" />
		<for>
			<effect name="Buff">
				<mul stat="rShld" val="#rShld" />
			</effect>
		</for>
	</skill>
	<skill id="383" levels="3" name="Clan Shield Boost">
		<!-- Increases clan members' Shield P. Def. It only effects those who are of a Baron class or higher. -->
		<table name="#sDef">1.24 1.4 1.48</table>
		<set name="icon" val="icon.skill0383" />
		<set name="magicLevel" val="1" />
		<set name="operateType" val="P" />
		<set name="targetType" val="SELF" />
		<for>
			<effect name="Buff">
				<mul stat="sDef" val="#sDef" />
			</effect>
		</for>
	</skill>
	<skill id="384" levels="3" name="Clan Cyclonic Resistance">
		<!-- Increases clan members' resistance to water/wind attacks. It only effects those who are of a Viscount class or higher. -->
		<table name="#res">3 5 6</table>
		<set name="icon" val="icon.skill0384" />
		<set name="magicLevel" val="1" />
		<set name="operateType" val="P" />
		<set name="targetType" val="SELF" />
		<for>
			<effect name="Buff">
				<add stat="windRes" val="#res" />
				<add stat="waterRes" val="#res" />
			</effect>
		</for>
	</skill>
	<skill id="385" levels="3" name="Clan Magmatic Resistance">
		<!-- Increases clan members' resistance to fire/earth attacks. It only effects those who are of a Viscount class or higher. -->
		<table name="#res">3 5 6</table>
		<set name="icon" val="icon.skill0385" />
		<set name="magicLevel" val="1" />
		<set name="operateType" val="P" />
		<set name="targetType" val="SELF" />
		<for>
			<effect name="Buff">
				<add stat="fireRes" val="#res" />
				<add stat="earthRes" val="#res" />
			</effect>
		</for>
	</skill>
	<skill id="386" levels="3" name="Clan Fortitude">
		<!-- Increases the clan members' resistance to shock attacks. Only affects Viscount class and above. -->
		<table name="#trait_shock">12 20 24</table>
		<set name="icon" val="icon.skill0386" />
		<set name="magicLevel" val="1" />
		<set name="operateType" val="P" />
		<set name="targetType" val="SELF" />
		<for>
			<effect name="DefenceTrait">
				<param SHOCK="#trait_shock" />
			</effect>
		</for>
	</skill>
	<skill id="387" levels="3" name="Clan Freedom">
		<!-- Increases the clan members' resistance to hold attacks. Only affects Viscount class and above. -->
		<table name="#trait_hold">12 20 24</table>
		<set name="icon" val="icon.skill0387" />
		<set name="magicLevel" val="1" />
		<set name="operateType" val="P" />
		<set name="targetType" val="SELF" />
		<for>
			<effect name="DefenceTrait">
				<param HOLD="#trait_hold" />
			</effect>
		</for>
	</skill>
	<skill id="388" levels="3" name="Clan Vigilance">
		<!-- Increases the clan members' resistance to sleep attacks. Only affects Viscount class and above. -->
		<table name="#trait_sleep">12 20 24</table>
		<set name="icon" val="icon.skill0388" />
		<set name="magicLevel" val="1" />
		<set name="operateType" val="P" />
		<set name="targetType" val="SELF" />
		<for>
			<effect name="DefenceTrait">
				<param SLEEP="#trait_sleep" />
			</effect>
		</for>
	</skill>
	<skill id="389" levels="3" name="Clan March">
		<!-- Increases clan members' Speed. It only effects those who are of a Count class or higher. -->
		<table name="#runSpd">3 5 6</table>
		<set name="icon" val="icon.skill0389" />
		<set name="magicLevel" val="1" />
		<set name="operateType" val="P" />
		<set name="targetType" val="SELF" />
		<for>
			<effect name="Buff">
				<add stat="runSpd" val="#runSpd" />
			</effect>
		</for>
	</skill>
	<skill id="390" levels="3" name="Clan Luck">
		<!-- Decreases Exp. loss and the chance of other death penalties when killed by a monster or player. It only effects those who are of an Heir class or higher. -->
		<table name="#byPvp">0.7 0.5 0.4</table>
		<table name="#byMob">0.88 0.8 0.76</table>
		<set name="icon" val="icon.skill0390" />
		<set name="magicLevel" val="1" />
		<set name="operateType" val="P" />
		<set name="targetType" val="SELF" />
		<for>
			<effect name="Buff">
				<mul stat="reduceExpLostByPvp" val="#byPvp" />
				<mul stat="reduceDeathPenaltyByPvp" val="#byPvp" />
				<mul stat="reduceExpLostByMob" val="#byMob" />
				<mul stat="reduceDeathPenaltyByMob" val="#byMob" />
			</effect>
		</for>
	</skill>
	<skill id="391" levels="1" name="Clan Imperium">
		<!-- Grants the privilege of Command Channel formation. It only effects Sage / Elder class and above. -->
		<set name="icon" val="icon.skill0391" />
		<set name="magicLevel" val="1" />
		<set name="operateType" val="P" />
		<set name="targetType" val="SELF" />
	</skill>
	<skill id="392" levels="1" name="">
		<set name="magicLevel" val="1" />
		<set name="operateType" val="P" />
		<set name="targetType" val="NONE" />
	</skill>
	<skill id="393" levels="1" name="">
		<set name="magicLevel" val="1" />
		<set name="operateType" val="P" />
		<set name="targetType" val="NONE" />
	</skill>
	<skill id="394" levels="1" name="">
		<set name="magicLevel" val="1" />
		<set name="operateType" val="P" />
		<set name="targetType" val="NONE" />
	</skill>
	<skill id="395" levels="1" name="Heroic Miracle">
		<!-- Instantly and significantly increases P. Def., M. Def., Speed and resistance to buff canceling attacks. Consumes 40 Soul Ore. Effect 3. -->
		<set name="abnormalLevel" val="3" />
		<set name="abnormalTime" val="30" />
		<set name="abnormalType" val="HERO_BUFF" />
		<set name="blockedInOlympiad" val="true" />
		<set name="effectPoint" val="676" />
		<set name="hitTime" val="1000" />
		<set name="icon" val="icon.skill0395" />
		<set name="itemConsumeCount" val="40" />
		<set name="itemConsumeId" val="1785" /> <!-- Soul Ore -->
		<set name="magicLevel" val="-1" />
		<set name="mpConsume" val="72" />
		<set name="operateType" val="A2" />
		<set name="reuseDelay" val="900000" />
		<set name="staticReuse" val="true" />
		<set name="targetType" val="SELF" />
		<for>
			<effect name="Buff">
				<sub stat="cancelVuln" val="80" />
				<add stat="mDef" val="4050" />
				<add stat="pDef" val="5400" />
				<add stat="runSpd" val="5" />
			</effect>
		</for>
	</skill>
	<skill id="396" levels="1" name="Heroic Berserker">
		<!-- Temporarily yet significantly increases Accuracy, P. Atk., M. Atk., Atk. Spd., Casting Spd., Speed, resistance to buff canceling attacks and debuff attacks, and the effects of HP regeneration magic. Significantly decreases P. Def., M. Def., and Evasion while the effect lasts. Consumes 40 Soul Ore. -->
		<set name="abnormalLevel" val="2" />
		<set name="abnormalTime" val="120" />
		<set name="abnormalType" val="HERO_BUFF" />
		<set name="blockedInOlympiad" val="true" />
		<set name="effectPoint" val="676" />
		<set name="hitTime" val="1000" />
		<set name="icon" val="icon.skill0396" />
		<set name="itemConsumeCount" val="40" />
		<set name="itemConsumeId" val="1785" /> <!-- Soul Ore -->
		<set name="magicLevel" val="-1" />
		<set name="mpConsume" val="72" />
		<set name="operateType" val="A2" />
		<set name="reuseDelay" val="900000" />
		<set name="staticReuse" val="true" />
		<set name="targetType" val="SELF" />
		<for>
			<effect name="Buff">
				<add stat="accCombat" val="8" />
				<sub stat="cancelVuln" val="80" />
				<set stat="debuffImmunity" val="1" />
				<mul stat="healEffect" val="2" />
				<add stat="mAtk" val="500" />
				<add stat="mAtkSpd" val="100" />
				<sub stat="mDef" val="25" />
				<add stat="pAtk" val="500" />
				<add stat="pAtkSpd" val="100" />
				<mul stat="pDef" val="0.75" />
				<sub stat="rEvas" val="8" />
				<add stat="runSpd" val="20" />
			</effect>
		</for>
	</skill>
	<skill id="397" levels="1" name="">
		<set name="magicLevel" val="1" />
		<set name="operateType" val="P" />
		<set name="targetType" val="NONE" />
	</skill>
	<skill id="398" levels="1" name="">
		<set name="magicLevel" val="1" />
		<set name="operateType" val="P" />
		<set name="targetType" val="NONE" />
	</skill>
	<skill id="399" levels="1" name="">
		<set name="magicLevel" val="1" />
		<set name="operateType" val="P" />
		<set name="targetType" val="NONE" />
	</skill>
</list>
