﻿<?xml version="1.0" encoding="UTF-8"?>
<list xmlns:xsi="http://www.w3.org/2001/XMLSchema-instance" xsi:noNamespaceSchemaLocation="../../xsd/skills.xsd">
	<skill id="400" levels="10" name="Tribunal" enchantGroup1="2" enchantGroup2="2">
		<!-- Uses your collected sacred energy to provoke an enemy to attack while temporarily decreasing their critical attack rate. Usable when equipped with a sword/blunt weapon. Over-hit is possible. Power 642. Effect 1. -->
		<table name="#abnormalLevels">1 1 1 1 1 2 2 2 2 3</table>
		<table name="#effectPoints">-1046 -1098 -1132 -1163 -1193 -1221 -1247 -1270 -1291 -1309</table>
		<table name="#magicLevel">55 58 60 62 64 66 68 70 72 74</table>
		<table name="#mpConsume">52 56 58 60 62 64 66 68 70 72</table>
		<table name="#power">770 879 955 1034 1115 1197 1281 1366 1451 1535</table> <!-- Epilogue Modification -->
		<table name="#rCrit">0.7 0.7 0.7 0.7 0.7 0.6 0.6 0.6 0.6 0.5</table>
		<table name="#traits">-12 -12 -12 -12 -12 -16 -16 -16 -16 -20</table>
		<table name="#ench1Power">1548 1562 1576 1590 1604 1617 1631 1645 1659 1673 1686 1700 1714 1728 1742 1755 1769 1783 1797 1811 1824 1838 1852 1866 1880 1893 1907 1921 1935 1949</table> <!-- Epilogue Modification -->
		<table name="#ench2ActivateRates">81 82 82 83 84 84 85 86 86 87 87 88 89 89 90 91 91 92 93 93 94 94 95 96 96 97 98 98 99 100</table>
		<table name="#enchMagicLvl">76 76 76 77 77 77 78 78 78 79 79 79 80 80 80 81 81 81 82 82 82 83 83 83 84 84 84 85 85 85</table>
		<set name="abnormalLevel" val="#abnormalLevels" />
		<set name="abnormalTime" val="30" />
		<set name="abnormalType" val="CRITICAL_PROB_DOWN" />
		<set name="activateRate" val="80" />
		<set name="baseCritRate" val="15" /> <!-- Epilogue Modification -->
		<set name="basicProperty" val="MEN" />
		<set name="castRange" val="40" />
		<set name="coolTime" val="700" />
		<set name="effectPoint" val="#effectPoints" />
		<set name="effectRange" val="400" />
		<set name="element" val="4" /> <!-- Holy -->
		<set name="elementPower" val="20" />
		<set name="hitTime" val="1300" />
		<set name="icon" val="icon.skill0400" />
		<set name="isDebuff" val="true" />
		<set name="lvlBonusRate" val="1" /> <!-- Epilogue Modification -->
		<set name="magicLevel" val="#magicLevel" />
		<set name="mpConsume" val="#mpConsume" />
		<set name="nextActionAttack" val="true" />
		<set name="operateType" val="A2" />
		<set name="overHit" val="true" />
		<set name="power" val="#power" />
		<set name="reuseDelay" val="4000" />
		<set name="targetType" val="ONE" />
		<enchant1 name="magicLevel" val="#enchMagicLvl" />
		<enchant1 name="power" val="#ench1Power" />
		<enchant2 name="activateRate" val="#ench2ActivateRates" />
		<enchant2 name="magicLevel" val="#enchMagicLvl" />
		<cond msgId="113" addName="1">
			<using kind="SWORD,BLUNT" />
		</cond>
		<for>
			<effect name="PhysicalAttack" />
			<effect name="Debuff">
				<mul stat="critRate" val="#rCrit" />
			</effect>
			<effect name="DefenceTrait">
				<param SWORD="#traits" />
				<param BLUNT="#traits" />
				<param DAGGER="#traits" />
				<param DUAL="#traits" />
				<param DUALFIST="#traits" />
				<param POLE="#traits" />
				<param DUALDAGGER="#traits" />
			</effect>
			<!-- <effect name="GetAgro" /> --> <!-- Epilogue Modification -->
		</for>
		<enchant2for>
			<effect name="PhysicalAttack" />
			<effect name="Debuff">
				<mul stat="critRate" val="0.5" />
			</effect>
			<effect name="DefenceTrait">
				<param SWORD="-20" />
				<param BLUNT="-20" />
				<param DAGGER="-20" />
				<param DUAL="-20" />
				<param DUALFIST="-20" />
				<param POLE="-20" />
				<param DUALDAGGER="-20" />
			</effect>
			<!-- <effect name="GetAgro" /> --> <!-- Epilogue Modification -->
		</enchant2for>
	</skill>
	<skill id="401" levels="10" name="Judgment" enchantGroup1="2" enchantGroup2="2">
		<!-- Uses your collected dark energy to provoke an enemy to attack while temporarily decreasing their critical attack power. Usable when equipped with a sword / blunt weapon. Over-hit is possible. Power 733. Effect 1. -->
		<table name="#abnormalLevels">1 1 1 1 2 2 2 2 2 3</table>
		<table name="#cAtk">0.75 0.75 0.75 0.75 0.75 0.7 0.7 0.7 0.7 0.65</table>
		<table name="#effectPoints">-1046 -1098 -1132 -1163 -1193 -1221 -1247 -1270 -1291 -1309</table>
		<table name="#magicLevel">55 58 60 62 64 66 68 70 72 74</table>
		<table name="#mpConsume">52 56 58 60 62 64 66 68 70 72</table>
		<table name="#power">880 1004 1091 1181 1274 1368 1464 1561 1658 1754</table>
		<table name="#traits">-12 -12 -12 -12 -12 -16 -16 -16 -16 -20</table>
		<table name="#ench1Power">1769 1785 1801 1817 1833 1848 1864 1880 1896 1912 1927 1943 1959 1975 1991 2006 2022 2038 2054 2070 2085 2101 2117 2133 2149 2164 2180 2196 2212 2228</table> <!-- Epilogue Modification -->
		<table name="#ench2AbnormalTimes">33 36 39 42 45 48 51 54 57 60 63 66 69 72 75 78 81 84 87 90 93 96 99 102 105 108 111 114 117 120</table>
		<table name="#ench2MpConsume">70 69 68 67 66 64 63 62 61 60 58 57 56 55 54 52 51 50 49 48 46 45 44 43 42 40 39 38 37 36</table>
		<table name="#enchMagicLvl">76 76 76 77 77 77 78 78 78 79 79 79 80 80 80 81 81 81 82 82 82 83 83 83 84 84 84 85 85 85</table>
		<set name="abnormalLevel" val="#abnormalLevels" />
		<set name="abnormalTime" val="30" />
		<set name="abnormalType" val="CRITICAL_DMG_DOWN" />
		<set name="activateRate" val="80" />
		<set name="baseCritRate" val="15" /> <!-- Epilogue Modification -->
		<set name="basicProperty" val="MEN" />
		<set name="castRange" val="40" />
		<set name="coolTime" val="700" />
		<set name="effectPoint" val="#effectPoints" />
		<set name="effectRange" val="400" />
		<set name="element" val="5" /> <!-- Dark -->
		<set name="elementPower" val="20" />
		<set name="hitTime" val="1300" />
		<set name="icon" val="icon.skill0401" />
		<set name="isDebuff" val="true" />
		<set name="lvlBonusRate" val="2" />
		<set name="magicLevel" val="#magicLevel" />
		<set name="mpConsume" val="#mpConsume" />
		<set name="nextActionAttack" val="true" />
		<set name="operateType" val="A2" />
		<set name="overHit" val="true" />
		<set name="power" val="#power" />
		<set name="reuseDelay" val="4000" />
		<set name="targetType" val="ONE" />
		<enchant1 name="magicLevel" val="#enchMagicLvl" />
		<enchant1 name="power" val="#ench1Power" />
		<enchant2 name="abnormalTime" val="#ench2AbnormalTimes" />
		<enchant2 name="magicLevel" val="#enchMagicLvl" />
		<enchant2 name="mpConsume" val="#ench2MpConsume" />
		<cond msgId="113" addName="1">
			<using kind="SWORD,BLUNT,DUAL" />
		</cond>
		<for>
			<effect name="PhysicalAttack" />
			<effect name="Debuff">
				<mul stat="critDmg" val="#cAtk" />
			</effect>
			<effect name="DefenceTrait">
				<param SWORD="#traits" />
				<param BLUNT="#traits" />
				<param DAGGER="#traits" />
				<param DUAL="#traits" />
				<param DUALFIST="#traits" />
				<param POLE="#traits" />
				<param DUALDAGGER="#traits" />
			</effect>
			<!-- <effect name="GetAgro" /> --> <!-- Epilogue Modification -->
		</for>
	</skill>
	<skill id="402" levels="10" name="Arrest" enchantGroup1="1" enchantGroup2="1">
		<!-- Provokes an enemy to attack and then temporarily puts them into a held state. The target cannot be affected by any additional hold attacks while the effect lasts. -->
		<table name="#effectPoints">-1046 -1098 -1132 -1163 -1193 -1221 -1247 -1270 -1291 -1309</table>
		<table name="#magicLevel">55 58 60 62 64 66 68 70 72 74</table>
		<table name="#mpConsume">25 27 28 29 30 31 32 33 34 34</table>
		<table name="#ench1EffectPoints">-1338 -1367 -1396 -1426 -1455 -1484 -1513 -1543 -1572 -1601 -1631 -1660 -1689 -1718 -1748 -1777 -1806 -1836 -1865 -1894 -1923 -1953 -1982 -2011 -2041 -2070 -2099 -2128 -2158 -2187</table>
		<table name="#ench2ActivateRates">80 81 82 82 83 84 84 85 86 86 87 88 88 89 90 90 91 92 92 93 94 94 95 96 96 97 98 98 99 100</table>
		<table name="#enchMagicLvl">76 76 76 77 77 77 78 78 78 79 79 79 80 80 80 81 81 81 82 82 82 83 83 83 84 84 84 85 85 85</table>
		<set name="abnormalLevel" val="1" />
		<set name="abnormalTime" val="10" />
		<set name="abnormalType" val="ROOT_PHYSICALLY" />
		<set name="abnormalVisualEffect" val="ROOT" />
		<set name="activateRate" val="80" />
		<set name="basicProperty" val="MEN" />
		<set name="castRange" val="150" />
		<set name="effectPoint" val="#effectPoints" />
		<set name="effectRange" val="650" />
		<set name="hitTime" val="2000" />
		<set name="icon" val="icon.skill0402" />
		<set name="isDebuff" val="true" />
		<set name="lvlBonusRate" val="2" />
		<set name="magicLevel" val="#magicLevel" />
		<set name="mpConsume" val="#mpConsume" />
		<set name="operateType" val="A2" />
		<set name="reuseDelay" val="4000" />
		<set name="targetType" val="ONE" />
		<set name="trait" val="HOLD" />
		<enchant1 name="effectPoint" val="#ench1EffectPoints" />
		<enchant1 name="magicLevel" val="#enchMagicLvl" />
		<enchant2 name="activateRate" val="#ench2ActivateRates" />
		<enchant2 name="magicLevel" val="#enchMagicLvl" />
		<for>
			<effect name="Root" />
			<effect name="DefenceTrait">
				<param HOLD="100" />
			</effect>
		</for>
	</skill>
	<skill id="403" levels="10" name="Shackle" enchantGroup1="1" enchantGroup2="1">
		<!-- Provokes an enemy to attack and then temporarily puts them into a held state. The target cannot be affected by any additional hold attacks while the effect lasts. -->
		<table name="#effectPoints">-1046 -1098 -1132 -1163 -1193 -1221 -1247 -1270 -1291 -1309</table>
		<table name="#magicLevel">55 58 60 62 64 66 68 70 72 74</table>
		<table name="#mpConsume">25 27 28 29 30 31 32 33 34 34</table>
		<table name="#ench1EffectPoints">-1338 -1367 -1396 -1426 -1455 -1484 -1513 -1543 -1572 -1601 -1631 -1660 -1689 -1718 -1748 -1777 -1806 -1836 -1865 -1894 -1923 -1953 -1982 -2011 -2041 -2070 -2099 -2128 -2158 -2187</table>
		<table name="#ench2ActivateRates">80 81 82 82 83 84 84 85 86 86 87 88 88 89 90 90 91 92 92 93 94 94 95 96 96 97 98 98 99 100</table>
		<table name="#enchMagicLvl">76 76 76 77 77 77 78 78 78 79 79 79 80 80 80 81 81 81 82 82 82 83 83 83 84 84 84 85 85 85</table>
		<set name="abnormalLevel" val="1" />
		<set name="abnormalTime" val="10" />
		<set name="abnormalType" val="ROOT_PHYSICALLY" />
		<set name="abnormalVisualEffect" val="ROOT" />
		<set name="activateRate" val="80" />
		<set name="basicProperty" val="MEN" />
		<set name="castRange" val="600" />
		<set name="effectPoint" val="#effectPoints" />
		<set name="effectRange" val="1100" />
		<set name="hitTime" val="2000" />
		<set name="icon" val="icon.skill0403" />
		<set name="isDebuff" val="true" />
		<set name="lvlBonusRate" val="2" />
		<set name="magicLevel" val="#magicLevel" />
		<set name="mpConsume" val="#mpConsume" />
		<set name="operateType" val="A2" />
		<set name="reuseDelay" val="4000" />
		<set name="targetType" val="ONE" />
		<set name="trait" val="HOLD" />
		<enchant1 name="effectPoint" val="#ench1EffectPoints" />
		<enchant1 name="magicLevel" val="#enchMagicLvl" />
		<enchant2 name="activateRate" val="#ench2ActivateRates" />
		<enchant2 name="magicLevel" val="#enchMagicLvl" />
		<for>
			<effect name="Root" />
			<effect name="DefenceTrait">
				<param HOLD="100" />
			</effect>
		</for>
	</skill>
	<skill id="404" levels="5" name="Mass Shackling" enchantGroup1="1" enchantGroup2="1">
		<!-- Provokes nearby enemies to attack and then temporarily puts them into a held state. Targets cannot be affected by any additional hold attacks while the effect lasts. -->
		<table name="#effectPoints">-1098 -1163 -1221 -1270 -1309</table>
		<table name="#magicLevel">58 62 66 70 74</table>
		<table name="#mpConsume">40 43 46 59 51</table>
		<table name="#ench1EffectPoints">-1396 -1484 -1572 -1660 -1748 -1836 -1923 -2011 -2099 -2187 -2275 -2363 -2450 -2538 -2626 -2714 -2802 -2890 -2977 -3065 -3153 -3241 -3329 -3417 -3505 -3592 -3680 -3768 -3856 -3944</table>
		<table name="#ench2ActivateRates">40 41 42 42 43 44 44 45 46 46 47 48 48 49 50 50 51 52 52 53 54 54 55 56 56 57 58 58 59 60</table>
		<table name="#enchMagicLvl">76 76 76 77 77 77 78 78 78 79 79 79 80 80 80 81 81 81 82 82 82 83 83 83 84 84 84 85 85 85</table>
		<set name="abnormalLevel" val="1" />
		<set name="abnormalTime" val="10" />
		<set name="abnormalType" val="ROOT_PHYSICALLY" />
		<set name="abnormalVisualEffect" val="ROOT" />
		<set name="activateRate" val="40" />
		<set name="affectLimit" val="10-10" />
		<set name="affectRange" val="100" />
		<set name="basicProperty" val="MEN" />
		<set name="effectPoint" val="#effectPoints" />
		<set name="hitTime" val="3000" />
		<set name="icon" val="icon.skill0404" />
		<set name="isDebuff" val="true" />
		<set name="lvlBonusRate" val="1" />
		<set name="magicLevel" val="#magicLevel" />
		<set name="mpConsume" val="#mpConsume" />
		<set name="operateType" val="A2" />
		<set name="reuseDelay" val="8000" />
		<set name="targetType" val="AURA" />
		<set name="trait" val="HOLD" />
		<enchant1 name="effectPoint" val="#ench1EffectPoints" />
		<enchant1 name="magicLevel" val="#enchMagicLvl" />
		<enchant2 name="activateRate" val="#ench2ActivateRates" />
		<enchant2 name="magicLevel" val="#enchMagicLvl" />
		<for>
			<effect name="Root" />
			<effect name="DefenceTrait">
				<param HOLD="100" />
			</effect>
		</for>
	</skill>
	<skill id="405" levels="10" name="Banish Undead" enchantGroup1="1" enchantGroup2="1">
		<!-- The undead cower and flee as you reveal your divine nature. A Lethal Strike is possible. Consumes 5 Soul Ore. -->
		<table name="#effectPoints">-523 -549 -566 -582 -597 -611 -624 -635 -646 -655</table>
		<table name="#itemConsumeCount">6 6 7 7 8 8 9 9 10 10</table> <!-- Epilogue Modification -->
		<table name="#magicLevel">55 58 60 62 64 66 68 70 72 74</table>
		<table name="#mpConsume">50 53 55 58 59 61 63 65 67 68</table>
		<table name="#ench1Cost">66 65 64 63 62 61 60 58 57 56 55 54 53 52 51 49 48 47 46 45 44 43 41 40 39 38 37 36 35 34</table>
		<table name="#ench2Power">30 31 32 32 33 34 34 35 36 36 37 38 38 39 40 40 41 42 42 43 44 44 45 46 46 47 48 48 49 50</table>
		<table name="#ench2LethalStrikeRate">25 25 25 26 26 26 26 27 27 27 27 28 28 28 29 29 29 29 30 30 30 30 31 31 31 31 32 32 32 33</table>
		<table name="#enchMagicLvl">76 76 76 77 77 77 78 78 78 79 79 79 80 80 80 81 81 81 82 82 82 83 83 83 84 84 84 85 85 85</table>
		<set name="castRange" val="150" />
		<set name="effectPoint" val="#effectPoints" />
		<set name="effectRange" val="650" />
		<set name="element" val="4" /> <!-- Holy -->
		<set name="elementPower" val="20" />
		<set name="hitTime" val="2000" />
		<set name="icon" val="icon.skill0405" />
		<set name="itemConsumeCount" val="#itemConsumeCount" />
		<set name="itemConsumeId" val="1785" /> <!-- Soul Ore -->
		<set name="magicLevel" val="#magicLevel" />
		<set name="mpConsume" val="#mpConsume" />
		<set name="operateType" val="A1" />
		<set name="reuseDelay" val="4000" />
		<set name="targetType" val="ONE" />
		<enchant1 name="magicLevel" val="#enchMagicLvl" />
		<enchant1 name="mpConsume" val="#ench1Cost" />
		<enchant2 name="magicLevel" val="#enchMagicLvl" />
		<cond msgId="113" addName="1">
			<target race="UNDEAD" />
		</cond>
		<for>
			<effect name="RunAway">
				<param power="30" />
				<param time="20" />
			</effect>
			<effect name="Lethal">
				<param fullLethal="25" />
			</effect>
		</for>
		<enchant2for>
			<effect name="RunAway">
				<param power="#ench2Power" />
				<param time="20" />
			</effect>
			<effect name="Lethal">
				<param fullLethal="#ench2LethalStrikeRate" />
			</effect>
		</enchant2for>
	</skill>
	<skill id="406" levels="3" name="Angelic Icon">
		<!-- By the will of your God, your fighting ability with one-handed swords significantly increases. While in use, the effects of HP regeneration magic significantly decreases. This skill is only available when your HP is at 30% or lower. Effect 1. -->
		<table name="#abnormalLevels">1 2 3</table>
		<table name="#cAtk">1.33 1.66 2</table>
		<table name="#effectPoints">549 611 655</table>
		<table name="#magicLevel">58 66 74</table>
		<table name="#mpConsume">133 153 170</table>
		<table name="#pAtkSpd">1.1 1.2 1.3</table>
		<table name="#rCrit">33 66 100</table>
		<table name="#runSpd">10 20 30</table>
		<set name="abnormalLevel" val="#abnormalLevels" />
		<set name="abnormalTime" val="60" />
		<set name="abnormalType" val="POSSESSION" />
		<set name="effectPoint" val="#effectPoints" />
		<set name="hitTime" val="2000" />
		<set name="icon" val="icon.skill0406" />
		<set name="magicLevel" val="#magicLevel" />
		<set name="mpConsume" val="#mpConsume" />
		<set name="operateType" val="A2" />
		<set name="reuseDelay" val="300000" />
		<set name="targetType" val="SELF" />
		<cond msgId="113" addName="1">
			<player hp="30" />
		</cond>
		<for>
			<effect name="Buff">
				<sub stat="debuffVuln" val="40" />
				<mul stat="pDef" val="1.5" />
				<mul stat="mDef" val="1.5" />
				<add stat="accCombat" val="6">
					<using kind="SWORD,BLUNT" />
				</add>
				<add stat="runSpd" val="#runSpd" />
				<mul stat="pAtkSpd" val="#pAtkSpd">
					<using kind="SWORD,BLUNT" />
				</mul>
				<add stat="critRate" val="#rCrit">
					<using kind="SWORD" />
				</add>
				<mul stat="critDmg" val="#cAtk">
					<using kind="BLUNT" />
				</mul>
				<sub stat="cancelVuln" val="40" />
				<mul stat="healEffect" val="0.2" />
			</effect>
		</for>
	</skill>
	<skill id="407" levels="10" name="Psycho Symphony">
		<!-- Instantly reduces the Speed, Atk. Spd., and Casting Spd. of all nearby enemies. Power 229. Effect 1. -->
		<table name="#abnormalLevels">1 1 1 2 2 3 3 4 4 5</table>
		<table name="#debuff">0.9 0.9 0.9 0.85 0.85 0.8 0.8 0.75 0.75 0.7</table>
		<table name="#effectPoints">-523 -549 -566 -582 -597 -611 -624 -635 -646 -655</table>
		<table name="#magicLevel">55 58 60 62 64 66 68 70 72 74</table>
		<table name="#mpConsume">78 84 87 90 93 96 99 102 105 107</table>
		<table name="#power">229 262 284 308 332 357 382 407 432 457</table>
		<set name="abnormalLevel" val="#abnormalLevels" />
		<set name="abnormalTime" val="10" />
		<set name="abnormalType" val="ALL_SPEED_DOWN" />
		<set name="activateRate" val="50" />
		<set name="affectLimit" val="6-12" />
		<set name="affectRange" val="150" />
		<set name="baseCritRate" val="10" />
		<set name="basicProperty" val="MEN" />
		<set name="effectPoint" val="#effectPoints" />
		<set name="hitTime" val="3000" />
		<set name="icon" val="icon.skill0407" />
		<set name="isDebuff" val="true" />
		<set name="lvlBonusRate" val="1" />
		<set name="magicLevel" val="#magicLevel" />
		<set name="mpConsume" val="#mpConsume" />
		<set name="operateType" val="A2" />
		<set name="overHit" val="true" />
		<set name="power" val="#power" />
		<set name="reuseDelay" val="15000" />
		<set name="targetType" val="AURA" />
		<for>
			<effect name="PhysicalAttack" />
			<effect name="Debuff">
				<mul stat="runSpd" val="#debuff" />
				<mul stat="pAtkSpd" val="#debuff" />
				<mul stat="mAtkSpd" val="#debuff" />
			</effect>
		</for>
	</skill>
	<skill id="408" levels="10" name="Demonic Blade Dance">
		<!-- Instantly reduces the P. Atk. and M. Atk. of all nearby enemies. You must be wielding dual swords in order to use this skill. Power 229. Effect 1. -->
		<table name="#abnormalLevels">1 1 1 2 2 3 3 4 4 5</table>
		<table name="#debuff">0.9 0.9 0.9 0.85 0.85 0.8 0.8 0.75 0.75 0.7</table>
		<table name="#effectPoints">-523 -549 -566 -582 -597 -611 -624 -635 -646 -655</table>
		<table name="#magicLevel">55 58 60 62 64 66 68 70 72 74</table>
		<table name="#mpConsume">78 84 87 90 93 96 99 102 105 107</table> <!-- Epilogue Modification -->
		<table name="#power">275 314 341 369 398 428 458 488 518 548</table> <!-- Epilogue Modification -->
		<set name="abnormalLevel" val="#abnormalLevels" />
		<set name="abnormalTime" val="10" />
		<set name="abnormalType" val="ALL_ATTACK_DOWN" />
		<set name="activateRate" val="40" />
		<set name="affectLimit" val="6-12" />
		<set name="affectRange" val="150" />
		<set name="baseCritRate" val="15" /> <!-- Epilogue Modification -->
		<set name="basicProperty" val="MEN" />
		<set name="effectPoint" val="#effectPoints" />
		<set name="hitTime" val="3000" /> <!-- Epilogue Modification -->
		<set name="icon" val="icon.skill0408" />
		<set name="isDebuff" val="true" />
		<set name="lvlBonusRate" val="1" />
		<set name="magicLevel" val="#magicLevel" />
		<set name="mpConsume" val="#mpConsume" />
		<set name="operateType" val="A2" />
		<set name="overHit" val="true" />
		<set name="power" val="#power" />
		<set name="reuseDelay" val="15000" />
		<set name="targetType" val="AURA" />
		<cond msgId="113" addName="1">
			<using kind="DUAL" />
		</cond>
		<for>
			<effect name="PhysicalAttack" />
			<effect name="Debuff">
				<mul stat="mAtk" val="#debuff" />
				<mul stat="pAtk" val="#debuff" />
			</effect>
		</for>
	</skill>
	<skill id="409" levels="10" name="Critical Blow" enchantGroup1="2" enchantGroup2="2">
		<!-- With an increased chance of success, you attempt an extremely deadly attack on your foes. A Lethal Strike is possible. An equipped dagger weapon is required to use this skill. Power 1832. Effect 1. -->
		<table name="#abnormalLevels">1 1 1 2 2 3 3 4 4 5</table>
		<table name="#blowRate">1.1 1.1 1.1 1.15 1.15 1.2 1.2 1.25 1.25 1.3</table>
		<table name="#effectPoints">-266 -279 -288 -296 -304 -311 -317 -323 -328 -333</table>
		<table name="#magicLevel">55 58 60 62 64 66 68 70 72 74</table>
		<table name="#mpConsume">52 56 58 60 62 64 66 68 70 72</table>
		<table name="#power">1832 2091 2272 2460 2653 2850 3050 3252 3453 3653</table>
		<table name="#ench1Power">3685 3718 3751 3784 3817 3850 3883 3916 3949 3982 4014 4047 4080 4113 4146 4179 4212 4245 4278 4311 4343 4376 4409 4442 4475 4508 4541 4574 4607 4640</table>
		<table name="#ench2MpConsume">70 69 68 67 66 64 63 62 61 60 58 57 56 55 54 52 51 50 49 48 46 45 44 43 42 40 39 38 37 36</table>
		<table name="#enchMagicLvl">76 76 76 77 77 77 78 78 78 79 79 79 80 80 80 81 81 81 82 82 82 83 83 83 84 84 84 85 85 85</table>
		<set name="abnormalLevel" val="#abnormalLevels" />
		<set name="abnormalTime" val="15" />
		<set name="abnormalType" val="MIGHT_MORTAL" />
		<set name="blowChance" val="25" />
		<set name="castRange" val="40" />
		<set name="coolTime" val="700" />
		<set name="effectPoint" val="#effectPoints" />
		<set name="effectRange" val="400" />
		<set name="hitTime" val="1300" />
		<set name="icon" val="icon.skill0409" />
		<set name="magicLevel" val="#magicLevel" />
		<set name="mpConsume" val="#mpConsume" />
		<set name="nextActionAttack" val="true" />
		<set name="operateType" val="A3" />
		<set name="overHit" val="true" />
		<set name="power" val="#power" />
		<set name="reuseDelay" val="30000" />
		<set name="targetType" val="ONE" />
		<enchant1 name="magicLevel" val="#enchMagicLvl" />
		<enchant1 name="power" val="#ench1Power" />
		<enchant2 name="magicLevel" val="#enchMagicLvl" />
		<enchant2 name="mpConsume" val="#ench2MpConsume" />
		<cond msgId="113" addName="1">
			<using kind="DAGGER,DUALDAGGER" />
		</cond>
		<for>
			<effect name="FatalBlow" />
			<effect name="Lethal">
				<param halfLethal="5" />
			</effect>
		</for>
		<selfEffects>
			<effect name="Buff">
				<mul stat="blowRate" val="#blowRate" />
			</effect>
		</selfEffects>
	</skill>
	<skill id="410" levels="3" name="Mortal Strike" enchantGroup1="2" enchantGroup2="2">
		<!-- Temporarily increases your chances of making a critical strike. An equipped dagger weapon is required to use this skill. Effect 1. -->
		<table name="#abnormalLevels">1 2 3</table>
		<table name="#blowRate">1.1 1.15 1.2</table>
		<table name="#effectPoints">549 611 655</table>
		<table name="#magicLevel">58 66 74</table>
		<table name="#mpConsume">27 31 34</table>
		<table name="#ench1Chance">1.2 1.2 1.21 1.21 1.21 1.22 1.22 1.22 1.23 1.23 1.23 1.24 1.24 1.24 1.25 1.25 1.25 1.26 1.26 1.26 1.27 1.27 1.27 1.28 1.28 1.28 1.29 1.29 1.29 1.3</table>
		<table name="#ench2AbnormalTimes">124 128 132 136 140 144 148 152 156 160 164 168 172 176 180 184 188 192 196 200 204 208 212 216 220 224 228 232 236 240</table>
		<table name="#ench2Chance">1.21 1.21 1.21 1.21 1.21 1.21 1.22 1.22 1.22 1.22 1.22 1.22 1.23 1.23 1.23 1.23 1.23 1.23 1.24 1.24 1.24 1.24 1.24 1.24 1.25 1.25 1.25 1.25 1.25 1.25</table>
		<table name="#enchMagicLvl">76 76 76 77 77 77 78 78 78 79 79 79 80 80 80 81 81 81 82 82 82 83 83 83 84 84 84 85 85 85</table>
		<set name="abnormalLevel" val="#abnormalLevels" />
		<set name="abnormalTime" val="120" />
		<set name="abnormalType" val="MIGHT_MORTAL" />
		<set name="effectPoint" val="#effectPoints" />
		<set name="hitTime" val="2000" />
		<set name="icon" val="icon.skill0410" />
		<set name="magicLevel" val="#magicLevel" />
		<set name="mpConsume" val="#mpConsume" />
		<set name="operateType" val="A2" />
		<set name="reuseDelay" val="150000" />
		<set name="targetType" val="SELF" />
		<enchant1 name="magicLevel" val="#enchMagicLvl" />
		<enchant2 name="abnormalTime" val="#ench2AbnormalTimes" />
		<enchant2 name="magicLevel" val="#enchMagicLvl" />
		<cond msgId="113" addName="1">
			<using kind="DAGGER,DUALDAGGER" />
		</cond>
		<for>
			<effect name="Buff">
				<mul stat="blowRate" val="#blowRate" />
			</effect>
		</for>
		<enchant1for>
			<effect name="Buff">
				<mul stat="blowRate" val="#ench1Chance" />
			</effect>
		</enchant1for>
		<enchant2for>
			<effect name="Buff">
				<mul stat="blowRate" val="#ench2Chance" />
			</effect>
		</enchant2for>
	</skill>
	<skill id="411" levels="3" name="Stealth" enchantGroup1="1" enchantGroup2="1">
		<!-- You use the shadows, coverings and or your keen senses to temporarily avoid monsters' initial strikes. While in effect, your fighting ability significantly decreases. -->
		<table name="#abnormalLevels">1 2 3</table>
		<table name="#amount">0.55 0.7 0.85</table>
		<table name="#effectPoints">549 611 655</table>
		<table name="#magicLevel">58 66 74</table>
		<table name="#mpConsume">27 31 34</table>
		<table name="#rEvas">12 8 4</table>
		<table name="#ench1MpConsume">33 32 32 31 31 30 30 29 28 28 27 27 26 26 25 24 24 23 23 22 22 21 20 20 19 19 18 18 17 17</table>
		<table name="#ench2AbnormalTimes">124 128 132 136 140 144 148 152 156 160 164 168 172 176 180 184 188 192 196 200 204 208 212 216 220 224 228 232 236 240</table>
		<set name="abnormalLevel" val="#abnormalLevels" />
		<set name="abnormalTime" val="120" />
		<set name="abnormalType" val="STEALTH" />
		<set name="abnormalVisualEffect" val="STEALTH" />
		<set name="effectPoint" val="#effectPoints" />
		<set name="hitTime" val="2000" />
		<set name="icon" val="icon.skill0411" />
		<set name="magicLevel" val="#magicLevel" />
		<set name="mpConsume" val="#mpConsume" />
		<set name="operateType" val="A2" />
		<set name="reuseDelay" val="4000" />
		<set name="targetType" val="SELF" />
		<enchant1 name="mpConsume" val="#ench1MpConsume" />
		<enchant2 name="abnormalTime" val="#ench2AbnormalTimes" />
		<for>
			<effect name="SilentMove">
				<sub stat="rEvas" val="#rEvas" />
				<mul stat="pDef" val="#amount" />
				<mul stat="mDef" val="#amount" />
				<sub stat="accCombat" val="12" />
				<mul stat="pAtk" val="0.55" />
			</effect>
		</for>
	</skill>
	<skill id="412" levels="10" name="Sand Bomb" enchantGroup1="1" enchantGroup2="1">
		<!-- Explodes a cloud of sand onto your enemies and instantly reduces their line of sight (Accuracy) making them look like utter buffoons. Effect 1. -->
		<table name="#abnormalLevels">1 1 1 1 1 2 2 2 2 3</table>
		<table name="#accCombat">6 6 6 6 6 9 9 9 9 12</table>
		<table name="#effectPoints">-523 -549 -566 -582 -597 -611 -624 -635 -646 -655</table>
		<table name="#magicLevel">55 58 60 62 64 66 68 70 72 74</table>
		<table name="#mpConsume">25 27 28 29 30 31 32 33 34 34</table>
		<table name="#ench1AbnormalTimes">31 32 33 34 35 36 37 38 39 40 41 42 43 44 45 46 47 48 49 50 51 52 53 54 55 56 57 58 59 60</table>
		<table name="#ench1mpConsume">33 32 32 31 31 30 30 29 28 28 27 27 26 26 25 24 24 23 23 22 22 21 20 20 19 19 18 18 17 17</table>
		<table name="#ench2ActivateRates">80 81 82 82 83 84 84 85 86 86 87 88 88 89 90 90 91 92 92 93 94 94 95 96 96 97 98 98 99 100</table>
		<table name="#enchMagicLvl">76 76 76 77 77 77 78 78 78 79 79 79 80 80 80 81 81 81 82 82 82 83 83 83 84 84 84 85 85 85</table>
		<set name="abnormalLevel" val="#abnormalLevels" />
		<set name="abnormalTime" val="30" />
		<set name="abnormalType" val="HIT_DOWN" />
		<set name="activateRate" val="80" />
		<set name="basicProperty" val="MEN" />
		<set name="castRange" val="150" />
		<set name="effectPoint" val="#effectPoints" />
		<set name="effectRange" val="650" />
		<set name="hitTime" val="2000" />
		<set name="icon" val="icon.skill0412" />
		<set name="isDebuff" val="true" />
		<set name="lvlBonusRate" val="2" />
		<set name="magicLevel" val="#magicLevel" />
		<set name="mpConsume" val="#mpConsume" />
		<set name="operateType" val="A2" />
		<set name="reuseDelay" val="4000" />
		<set name="targetType" val="ONE" />
		<enchant1 name="abnormalTime" val="#ench1AbnormalTimes" />
		<enchant1 name="magicLevel" val="#enchMagicLvl" />
		<enchant1 name="mpConsume" val="#ench1mpConsume" />
		<enchant2 name="activateRate" val="#ench2ActivateRates" />
		<enchant2 name="magicLevel" val="#enchMagicLvl" />
		<for>
			<effect name="Debuff">
				<sub stat="accCombat" val="#accCombat" />
			</effect>
		</for>
	</skill>
	<skill id="413" levels="8" name="Rapid Fire">
		<!-- Temporarily increases your P. Atk. and Atk. Spd. when using a bow. While in effect, your firing range decreases. Obviously, an equipped bow is required to use this skill. Effect 1. -->
		<table name="#abnormalLevels">1 2 3 4 5 6 7 8</table>
		<table name="#effectPoints">566 582 597 611 624 635 646 655</table>
		<table name="#magicLevel">60 62 64 66 68 70 72 74</table>
		<table name="#mpConsume">28 29 30 31 32 33 34 34</table>
		<table name="#pAtk">62 67 73 78 83 89 94 100</table>
		<set name="abnormalLevel" val="#abnormalLevels" />
		<set name="abnormalTime" val="120" />
		<set name="abnormalType" val="SNIPE" />
		<set name="effectPoint" val="#effectPoints" />
		<set name="hitTime" val="2000" />
		<set name="icon" val="icon.skill0413" />
		<set name="magicLevel" val="#magicLevel" />
		<set name="mpConsume" val="#mpConsume" />
		<set name="operateType" val="A2" />
		<set name="reuseDelay" val="75000" />
		<set name="targetType" val="SELF" />
		<cond msgId="113" addName="1">
			<using kind="BOW" />
		</cond>
		<for>
			<effect name="Buff">
				<add stat="pAtk" val="#pAtk">
					<using kind="BOW" />
				</add>
				<mul stat="pAtkSpd" val="1.2">
					<using kind="BOW" />
				</mul>
				<mul stat="pAtkRange" val="0.5">
					<using kind="BOW" />
				</mul>
			</effect>
		</for>
	</skill>
	<skill id="414" levels="8" name="Dead Eye">
		<!-- Temporarily increases your Accuracy, P. Atk., and Critical Attack Power when using a bow. While in effect, your Atk. Spd. decreases. Obviously, an equipped bow is required to use this skill. Effect 1. -->
		<table name="#abnormalLevels">1 2 3 4 5 6 7 8</table>
		<table name="#accCombat">1 1 2 2 2 3 3 3</table>
		<table name="#effectPoints">566 582 597 611 624 635 646 655</table>
		<table name="#magicLevel">60 62 64 66 68 70 72 74</table>
		<table name="#mpConsume">28 29 30 31 32 33 34 35</table>
		<table name="#pAtk">124 134 155 155 166 177 188 199</table>
		<set name="abnormalLevel" val="#abnormalLevels" />
		<set name="abnormalTime" val="120" />
		<set name="abnormalType" val="SNIPE" />
		<set name="effectPoint" val="#effectPoints" />
		<set name="hitTime" val="2000" />
		<set name="icon" val="icon.skill0414" />
		<set name="magicLevel" val="#magicLevel" />
		<set name="mpConsume" val="#mpConsume" />
		<set name="operateType" val="A2" />
		<set name="reuseDelay" val="75000" />
		<set name="targetType" val="SELF" />
		<cond msgId="113" addName="1">
			<using kind="BOW" />
		</cond>
		<for>
			<effect name="Buff">
				<mul stat="pAtkSpd" val="0.8"> <!-- Epilogue Modification -->
					<using kind="BOW" />
				</mul>
				<add stat="pAtk" val="#pAtk">
					<using kind="BOW" />
				</add>
				<add stat="accCombat" val="#accCombat">
					<using kind="BOW" />
				</add>
				<mul stat="critDmg" val="1.2">
					<using kind="BOW" />
				</mul>
			</effect>
		</for>
	</skill>
	<skill id="415" levels="3" name="Spirit of Sagittarius">
		<!-- Temporarily decreases the MP consumption of a physical skill. Effect 2. -->
		<table name="#abnormalLevels">2 4 6</table>
		<table name="#effectPoints">549 611 655</table>
		<table name="#magicLevel">58 66 74</table>
		<table name="#mpConsume">27 31 34</table>
		<table name="#PhysicalMpConsumeRate">0.9 0.8 0.7</table>
		<set name="abnormalLevel" val="#abnormalLevels" />
		<set name="abnormalTime" val="1200" />
		<set name="abnormalType" val="MP_COST_DOWN" />
		<set name="effectPoint" val="#effectPoints" />
		<set name="hitTime" val="2000" />
		<set name="icon" val="icon.skill0415" />
		<set name="magicLevel" val="#magicLevel" />
		<set name="mpConsume" val="#mpConsume" />
		<set name="operateType" val="A2" />
		<set name="reuseDelay" val="4000" />
		<set name="targetType" val="SELF" />
		<for>
			<effect name="Buff">
				<mul stat="physicalMpConsumeRate" val="#PhysicalMpConsumeRate" />
			</effect>
		</for>
	</skill>
	<skill id="416" levels="3" name="Blessing of Sagittarius">
		<!-- Temporarily decreases a physical skill's recovery time. Effect 2. -->
		<table name="#abnormalLevels">2 4 6</table>
		<table name="#effectPoints">549 611 655</table>
		<table name="#magicLevel">58 66 74</table>
		<table name="#mpConsume">27 31 34</table>
		<table name="#pReuse">0.9 0.85 0.8</table>
		<set name="abnormalLevel" val="#abnormalLevels" />
		<set name="abnormalTime" val="1200" />
		<set name="abnormalType" val="REUSE_DELAY_DOWN" />
		<set name="effectPoint" val="#effectPoints" />
		<set name="hitTime" val="2000" />
		<set name="icon" val="icon.skill0416" />
		<set name="magicLevel" val="#magicLevel" />
		<set name="mpConsume" val="#mpConsume" />
		<set name="operateType" val="A2" />
		<set name="reuseDelay" val="4000" />
		<set name="targetType" val="SELF" />
		<for>
			<effect name="Buff">
				<mul stat="pReuse" val="#pReuse" />
			</effect>
		</for>
	</skill>
	<skill id="417" levels="5" name="Pain of Sagittarius">
		<!-- Regenerates your MP by sacrificing your HP. -->
		<table name="#amount">36 39 41 43 46</table>
		<table name="#effectPoints">549 582 611 635 655</table>
		<table name="#hpConsume">318 343 366 387 407</table>
		<table name="#magicLevel">58 62 66 70 74</table>
		<set name="effectPoint" val="#effectPoints" />
		<set name="hitTime" val="2000" />
		<set name="hpConsume" val="#hpConsume" />
		<set name="icon" val="icon.skill0417" />
		<set name="magicLevel" val="#magicLevel" />
		<set name="operateType" val="A1" />
		<set name="reuseDelay" val="8000" />
		<set name="targetType" val="SELF" />
		<for>
			<effect name="ManaHeal">
				<param power="#amount" />
			</effect>
		</for>
	</skill>
	<skill id="418" levels="3" name="Quiver of Holding">
		<!-- Increases your weight capacity. -->
		<table name="#magicLevel">58 66 74</table>
		<table name="#weightLimit">1.3 1.4 1.5</table>
		<set name="icon" val="icon.skill0418" />
		<set name="magicLevel" val="#magicLevel" />
		<set name="operateType" val="P" />
		<set name="targetType" val="SELF" />
		<for>
			<effect name="Buff">
				<mul stat="weightLimit" val="#weightLimit" />
			</effect>
		</for>
	</skill>
	<skill id="419" levels="4" name="Summon Treasure Key">
		<!-- Summons Treasure Chest Keys. Summons 2-3 keys between grades 3 and 5. Consumes 2 Thief Keys. -->
		<table name="#extractableItems">
			6669,1,100			<!-- Epilogue Modification -->
			6669,1,50;6670,2,50			<!-- Epilogue Modification -->
			6669,1,34;6670,2,33;6671,3,33			<!-- Epilogue Modification -->
			6669,1,25;6670,2,25;6671,3,25;6672,4,25			<!-- Epilogue Modification -->
		</table>
		<table name="#magicLevel">46 58 66 74</table>
		<table name="#mpConsume">122 159 183 204</table>
		<set name="capsuled_items_skill" val="#extractableItems" />
		<set name="hitTime" val="3000" />
		<set name="icon" val="icon.skill0419" />
		<set name="itemConsumeCount" val="2" />
		<set name="itemConsumeId" val="1661" /> <!-- Thief Key -->
		<set name="magicLevel" val="#magicLevel" />
		<set name="mpConsume" val="#mpConsume" />
		<set name="operateType" val="A1" />
		<set name="reuseDelay" val="600000" />
		<set name="targetType" val="SELF" />
		<cond msgId="129">
			<and>
				<player invSize="10" />
				<player weight="80" />
			</and>
		</cond>
		<for>
			<effect name="RestorationRandom" />
		</for>
	</skill>
	<skill id="420" levels="3" name="Zealot">
		<!-- By the will of a Guardian God, you instantly and significantly increase your fighting ability. While in use, the effects of HP regeneration magic significantly decreases. This skill is only available when your HP is at 30% or lower. Effect 1. -->
		<table name="#abnormalLevels">1 2 3</table>
		<table name="#cAtk">1.33 1.66 2</table>
		<table name="#effectPoints">549 611 655</table>
		<table name="#hpConsume">159 183 204</table>
		<table name="#magicLevel">58 66 74</table>
		<table name="#mpConsume">106 122 136</table>
		<table name="#pAtkSpd">1.1 1.2 1.3</table>
		<table name="#rCrit">33 66 100</table>
		<table name="#runSpd">10 20 30</table>
		<set name="abnormalLevel" val="#abnormalLevels" />
		<set name="abnormalTime" val="60" />
		<set name="abnormalType" val="PD_UP_SPECIAL" />
		<set name="effectPoint" val="#effectPoints" />
		<set name="hitTime" val="2000" />
		<set name="hpConsume" val="#hpConsume" />
		<set name="icon" val="icon.skill0420" />
		<set name="magicLevel" val="#magicLevel" />
		<set name="mpConsume" val="#mpConsume" />
		<set name="operateType" val="A2" />
		<set name="reuseDelay" val="300000" />
		<set name="targetType" val="SELF" />
		<cond msgId="113" addName="1">
			<player hp="30" />
		</cond>
		<for>
			<effect name="Buff">
				<sub stat="debuffVuln" val="80" />
				<sub stat="cancelVuln" val="40" />
				<add stat="runSpd" val="#runSpd" />
				<add stat="accCombat" val="6">
					<using kind="SWORD,BLUNT,POLE,DUALFIST" />
				</add>
				<mul stat="pAtkSpd" val="#pAtkSpd">
					<using kind="SWORD,BLUNT,POLE,DUALFIST" />
				</mul>
				<add stat="critRate" val="#rCrit">
					<using kind="SWORD,POLE" />
				</add>
				<mul stat="critDmg" val="#cAtk">
					<using kind="BLUNT,DUALFIST" />
				</mul>
				<mul stat="physicalMpConsumeRate" val="0.5" />
				<mul stat="healEffect" val="0.5" />
			</effect>
		</for>
	</skill>
	<skill id="421" levels="5" name="Fell Swoop">
		<!-- Temporarily increases the number of enemies affected by your spear attack. An equipped spear is required to use this skill. Effect 1. -->
		<table name="#abnormalLevels">1 2 3 4 5</table>
		<table name="#atkCountMax">1 2 3 4 5</table>
		<table name="#effectPoints">549 582 611 635 655</table>
		<table name="#magicLevel">58 62 66 70 74</table>
		<table name="#mpConsume">27 29 31 33 34</table>
		<set name="abnormalLevel" val="#abnormalLevels" />
		<set name="abnormalTime" val="120" />
		<set name="abnormalType" val="POLEARM_ATTACK" />
		<set name="effectPoint" val="#effectPoints" />
		<set name="hitTime" val="2000" />
		<set name="icon" val="icon.skill0421" />
		<set name="magicLevel" val="#magicLevel" />
		<set name="mpConsume" val="#mpConsume" />
		<set name="operateType" val="A2" />
		<set name="reuseDelay" val="75000" />
		<set name="targetType" val="SELF" />
		<cond msgId="113" addName="1">
			<using kind="POLE" />
		</cond>
		<for>
			<effect name="Buff">
				<add stat="atkCountMax" val="#atkCountMax" />
			</effect>
		</for>
	</skill>
	<skill id="422" levels="3" name="Polearm Accuracy">
		<!-- Increases your Accuracy when using a spear. While in use, MP is continuously consumed. -->
		<table name="#accCombat">2 3 4</table>
		<table name="#magicLevel">58 66 74</table>
		<table name="#mpConsume">11 13 14</table>
		<set name="abnormalVisualEffect" val="NONE" />
		<set name="icon" val="icon.skill0422" />
		<set name="magicLevel" val="#magicLevel" />
		<set name="mpConsume" val="#mpConsume" />
		<set name="operateType" val="T" />
		<set name="targetType" val="SELF" />
		<for>
			<effect name="MpConsumePerLevel" ticks="5">
				<param power="0.5" />
				<add stat="accCombat" val="#accCombat">
					<using kind="POLE" />
				</add>
			</effect>
		</for>
	</skill>
	<skill id="423" levels="3" name="Infernal Form">
		<!-- Temporarily bestows a fire enchantment for all physical attacks and increases your resistance to fire. Effect 1. -->
		<table name="#effectPoints">549 611 655</table>
		<table name="#firePower">10 15 20</table>
		<table name="#magicLevel">58 66 74</table>
		<table name="#mpConsume">27 31 34</table>
		<table name="#vuln">3 5 10</table>
		<set name="abnormalLevel" val="1" />
		<set name="abnormalTime" val="300" />
		<set name="abnormalType" val="HOLY_ATTACK" />
		<set name="effectPoint" val="#effectPoints" />
		<set name="element" val="0" /> <!-- Fire -->
		<set name="hitTime" val="2000" />
		<set name="icon" val="icon.skill0423" />
		<set name="magicLevel" val="#magicLevel" />
		<set name="mpConsume" val="#mpConsume" />
		<set name="operateType" val="A2" />
		<set name="reuseDelay" val="4000" />
		<set name="targetType" val="SELF" />
		<for>
			<effect name="Buff">
				<add stat="firePower" val="#firePower" />
				<add stat="fireRes" val="#vuln" />
			</effect>
		</for>
	</skill>
	<skill id="424" levels="3" name="War Frenzy">
		<!-- Increases your resistance to stun and sleep. MP is continuously consumed while the effect lasts. -->
		<table name="#magicLevel">58 66 74</table>
		<table name="#mpConsume">13 14 15</table>
		<table name="#trait_shock">5 10 15</table>
		<table name="#trait_sleep">10 20 30</table>
		<set name="abnormalVisualEffect" val="NONE" />
		<set name="icon" val="icon.skill0424" />
		<set name="magicLevel" val="#magicLevel" />
		<set name="mpConsume" val="#mpConsume" />
		<set name="operateType" val="T" />
		<set name="targetType" val="SELF" />
		<for>
			<effect name="MpConsumePerLevel" ticks="5">
				<param power="1" />
			</effect>
			<effect name="DefenceTrait">
				<param SHOCK="#trait_shock" />
				<param SLEEP="#trait_sleep" />
			</effect>
		</for>
	</skill>
	<skill id="425" levels="1" name="Hawk Spirit Totem">
		<!-- The spirit of the great hawk possesses you, temporarily increasing Accuracy, critical attack rate and critical attack power when using hand-to-hand combat weapons. An equipped hand-to-hand combat weapon is required to use this skill. -->
		<set name="abnormalLevel" val="1" />
		<set name="abnormalTime" val="120" /> <!-- Epilogue Modification -->
		<set name="abnormalType" val="POSSESSION" />
		<set name="effectPoint" val="655" />
		<set name="hitTime" val="2000" />
		<set name="icon" val="icon.skill0425" />
		<set name="magicLevel" val="74" />
		<set name="mpConsume" val="34" /> <!-- Epilogue Modification -->
		<set name="operateType" val="A2" />
		<set name="reuseDelay" val="30000" />
		<set name="targetType" val="SELF" />
		<cond msgId="113" addName="1">
			<using kind="DUALFIST" />
		</cond>
		<for>
			<effect name="Buff">
				<add stat="accCombat" val="6">
					<using kind="DUALFIST" />
				</add>
				<add stat="critRate" val="100">
					<using kind="DUALFIST" />
				</add>
				<mul stat="critDmg" val="1.3">
					<using kind="DUALFIST" />
				</mul>
			</effect>
		</for>
	</skill>
	<skill id="426" levels="1" name="Battle Force">
		<!-- Transfers your strength to a party member. The effect can be cancelled if you incur damage. -->
		<set name="abnormalVisualEffect" val="NONE" />
		<set name="castRange" val="400" />
		<set name="channelingSkillId" val="5104" />
		<set name="effectPoint" val="1" />
		<set name="effectRange" val="600" />
		<set name="hitTime" val="15000" />
		<set name="icon" val="icon.skill0426" />
		<set name="isMagic" val="2" /> <!-- Static Skill -->
		<set name="magicLevel" val="77" />
		<set name="mpPerChanneling" val="15" />
		<set name="operateType" val="CA5" />
		<set name="reuseDelay" val="30000" />
		<set name="targetType" val="PARTY_NOTME" />
	</skill>
	<skill id="427" levels="1" name="Spell Force">
		<!-- Transfers your magical powers to a party member. The effect can be cancelled if you incur damage. -->
		<set name="abnormalVisualEffect" val="NONE" />
		<set name="castRange" val="400" />
		<set name="channelingSkillId" val="5105" />
		<set name="effectPoint" val="1" />
		<set name="effectPoint" val="1" />
		<set name="effectRange" val="600" />
		<set name="hitTime" val="15000" />
		<set name="icon" val="icon.skill0427" />
		<set name="isMagic" val="2" /> <!-- Static Skill -->
		<set name="magicLevel" val="77" />
		<set name="mpPerChanneling" val="15" />
		<set name="operateType" val="CA5" />
		<set name="reuseDelay" val="30000" />
		<set name="targetType" val="PARTY_NOTME" />
	</skill>
	<skill id="428" levels="1" name="Inner Rhythm">
		<!-- MP consumption for singing and dancing is decreased. -->
		<set name="icon" val="icon.skill0428" />
		<set name="magicLevel" val="78" />
		<set name="operateType" val="P" />
		<set name="targetType" val="SELF" />
		<for>
			<effect name="Buff">
				<mul stat="danceMpConsumeRate" val="0.9" />
			</effect>
		</for>
	</skill>
	<skill id="429" levels="1" name="Knighthood">
		<!-- Increases P. Def. when wearing heavy armor. Shield defense is increased. -->
		<set name="icon" val="icon.skill0429" />
		<set name="magicLevel" val="78" />
		<set name="operateType" val="P" />
		<set name="targetType" val="SELF" />
		<for>
			<effect name="Buff">
				<add stat="pDef" val="87.1">
					<using kind="HEAVY" />
				</add>
				<mul stat="sDef" val="1.1" />
			</effect>
		</for>
	</skill>
	<skill id="430" levels="1" name="Master of Combat">
		<!-- Increases the attack strength of a sword, blunt weapon, spear, dual-bladed or hand-to-hand combat weapon. Also increases maximum CP. -->
		<set name="icon" val="icon.skill0430" />
		<set name="magicLevel" val="78" />
		<set name="operateType" val="P" />
		<set name="targetType" val="SELF" />
		<for>
			<effect name="Buff">
				<add stat="pAtk" val="80">
					<using kind="SWORD,BLUNT,POLE,DUAL,DUALFIST" />
				</add>
				<mul stat="maxCp" val="1.05" />
			</effect>
		</for>
	</skill>
	<skill id="431" levels="1" name="Archery">
		<!-- Increases attack strength and maximum attack range while using a bow. -->
		<set name="icon" val="icon.skill0431" />
		<set name="magicLevel" val="78" />
		<set name="operateType" val="P" />
		<set name="targetType" val="SELF" />
		<for>
			<effect name="Buff">
				<add stat="pAtk" val="200">
					<using kind="BOW" />
				</add>
				<add stat="pAtkRange" val="50">
					<using kind="BOW" />
				</add>
			</effect>
		</for>
	</skill>
	<skill id="432" levels="1" name="Assassination">
		<!-- Increases attack strength and the rate of deadly attack while using a dagger. -->
		<set name="icon" val="icon.skill0432" />
		<set name="magicLevel" val="78" />
		<set name="operateType" val="P" />
		<set name="targetType" val="SELF" />
		<for>
			<effect name="Buff">
				<add stat="pAtk" val="70">
					<using kind="DAGGER,DUALDAGGER" />
				</add>
				<mul stat="blowRate" val="1.03" />
			</effect>
		</for>
	</skill>
	<skill id="433" levels="1" name="Arcane Roar">
		<!-- Increases resistance to elemental attacks and increases magic power. -->
		<set name="icon" val="icon.skill0433" />
		<set name="magicLevel" val="78" />
		<set name="operateType" val="P" />
		<set name="targetType" val="SELF" />
		<for>
			<effect name="Buff">
				<add stat="fireRes" val="5" />
				<add stat="windRes" val="5" />
				<add stat="waterRes" val="5" />
				<add stat="earthRes" val="5" />
				<mul stat="mAtk" val="1.03" />
			</effect>
		</for>
	</skill>
	<skill id="434" levels="1" name="Necromancy">
		<!-- Increases resistance to dark attacks and increases magic power. -->
		<set name="icon" val="icon.skill0434" />
		<set name="magicLevel" val="78" />
		<set name="operateType" val="P" />
		<set name="targetType" val="SELF" />
		<for>
			<effect name="Buff">
				<add stat="darkRes" val="10" />
				<mul stat="mAtk" val="1.03" />
			</effect>
		</for>
	</skill>
	<skill id="435" levels="1" name="Summon Lore">
		<!-- Increases P. Def. when equipped with Robe/Light Armor and increases Casting Speed. Decreases MP consumption for magic skills. -->
		<set name="icon" val="icon.skill0435" />
		<set name="magicLevel" val="78" />
		<set name="operateType" val="P" />
		<set name="targetType" val="SELF" />
		<for>
			<effect name="Buff">
				<add stat="pDef" val="80">
					<using kind="LIGHT" />
				</add>
				<mul stat="mAtkSpd" val="1.05">
					<using kind="LIGHT" />
				</mul>
				<add stat="pDef" val="60">
					<using kind="MAGIC" />
				</add>
				<mul stat="mAtkSpd" val="1.07">
					<using kind="MAGIC" />
				</mul>
				<mul stat="magicalMpConsumeRate" val="0.97">
					<using kind="MAGIC" />
				</mul>
			</effect>
		</for>
	</skill>
	<skill id="436" levels="1" name="Divine Lore">
		<!-- MP consumption for magical skills is decreased. -->
		<set name="icon" val="icon.skill0436" />
		<set name="magicLevel" val="78" />
		<set name="operateType" val="P" />
		<set name="targetType" val="SELF" />
		<for>
			<effect name="Buff">
				<mul stat="magicalMpConsumeRate" val="0.95" />
			</effect>
		</for>
	</skill>
	<skill id="437" levels="1" name="Song of Silence">
		<!-- Sing the Song of Silence to temporarily disable all enemy physical and magical skills. -->
		<set name="abnormalLevel" val="1" />
		<set name="abnormalTime" val="120" />
		<set name="abnormalType" val="SILENCE_ALL" />
		<set name="abnormalVisualEffect" val="SILENCE" />
		<set name="activateRate" val="60" />
		<set name="affectLimit" val="10-10" />
		<set name="affectRange" val="150" />
		<set name="basicProperty" val="MEN" />
		<set name="effectPoint" val="-507" />
		<set name="hitTime" val="2500" />
		<set name="icon" val="icon.skill0437" />
		<set name="isDebuff" val="true" />
		<set name="lvlBonusRate" val="1" />
		<set name="magicLevel" val="79" />
		<set name="mpConsume" val="54" />
		<set name="operateType" val="A2" />
		<set name="reuseDelay" val="150000" />
		<set name="targetType" val="AURA" />
		<set name="trait" val="DERANGEMENT" />
		<for>
			<effect name="Mute" />
			<effect name="PhysicalMute" />
		</for>
	</skill>
	<skill id="438" levels="1" name="Soul of the Phoenix">
		<!-- Grants you the ability to revive yourself from death with full health, retaining all buffs/debuffs except for Noblesse Blessing and Lucky Charm. Consumes 1 Blood of the Phoenix. -->
		<set name="abnormalLevel" val="1" />
		<set name="abnormalTime" val="1800" />
		<set name="abnormalType" val="RESURRECTION_SPECIAL" />
		<set name="effectPoint" val="673" />
		<set name="hitTime" val="4000" />
		<set name="icon" val="icon.skill0438" />
		<set name="isMagic" val="1" /> <!-- Magic Skill -->
		<set name="itemConsumeCount" val="1" />
		<set name="itemConsumeId" val="8873" /> <!-- Phoenix Blood -->
		<set name="magicLevel" val="79" />
		<set name="mpConsume" val="200" />
		<set name="mpInitialConsume" val="50" />
		<set name="operateType" val="A2" />
		<set name="reuseDelay" val="3600000" />
		<set name="staticReuse" val="true" />
		<set name="targetType" val="SELF" />
		<for>
			<effect name="ResurrectionSpecial">
				<param power="100" />
			</effect>
		</for>
	</skill>
	<skill id="439" levels="1" name="Shield of Revenge">
		<!-- Temporarily reflects damage from melee attack skills back to the enemy. -->
		<set name="abnormalLevel" val="1" />
		<set name="abnormalTime" val="300" />
		<set name="abnormalType" val="COUNTER_SKILL" />
		<set name="effectPoint" val="669" />
		<set name="hitTime" val="4000" />
		<set name="icon" val="icon.skill0439" />
		<set name="magicLevel" val="79" />
		<set name="mpConsume" val="78" />
		<set name="operateType" val="A2" />
		<set name="reuseDelay" val="150000" />
		<set name="targetType" val="SELF" />
		<for>
			<effect name="Buff">
				<add stat="vengeancePdam" val="20" />
			</effect>
		</for>
	</skill>
	<skill id="440" levels="1" name="Braveheart">
		<!-- Recovers 1000 CP by increasing your will to fight. Power 1000. -->
		<set name="effectPoint" val="669" />
		<set name="hitTime" val="1500" />
		<set name="icon" val="icon.skill0440" />
		<set name="magicLevel" val="78" />
		<set name="mpConsume" val="57" />
		<set name="operateType" val="A1" />
		<set name="reuseDelay" val="150000" />
		<set name="targetType" val="SELF" />
		<for>
			<effect name="CpHeal">
				<param power="1000" />
			</effect>
		</for>
	</skill>
	<skill id="441" levels="1" name="Force Meditation">
		<!-- Meditate to increase HP/MP regeneration. Your body is immobilized and your P. Def. decreased while meditating. The effect is cancelled if you are attacked. Level 3 Focused Force charge required. -->
		<set name="abnormalLevel" val="1" />
		<set name="abnormalTime" val="60" />
		<set name="abnormalType" val="FORCE_MEDITATION" />
		<set name="chargeConsume" val="3" />
		<set name="effectPoint" val="673" />
		<set name="hitTime" val="2000" />
		<set name="icon" val="icon.skill0441" />
		<set name="magicLevel" val="78" />
		<set name="operateType" val="A2" />
		<set name="removedOnDamage" val="true" />
		<set name="reuseDelay" val="900000" />
		<set name="targetType" val="SELF" />
		<cond msgId="113" addName="1">
			<player Charges="3" /> <!-- Must recharge 3rd energy stage. -->
		</cond>
		<for>
			<effect name="Paralyze">
				<mul stat="pDef" val="0.2" />
			</effect>
			<effect name="HealOverTime" ticks="5">
				<param power="60" />
			</effect>
			<effect name="ManaHealOverTime" ticks="5">
				<param power="10" />
			</effect>
		</for>
	</skill>
	<skill id="442" levels="1" name="Sonic Barrier">
		<!-- Uses sonic force to create a temporary protective barrier that is impervious to normal strikes, skills, buffs/debuffs. An equipped Dual-Sword Weapon is required to use this skill. Level 5 Sonic Focus charge required. -->
		<set name="abnormalLevel" val="1" />
		<set name="abnormalTime" val="10" />
		<set name="abnormalType" val="INVINCIBILITY" />
		<set name="abnormalVisualEffect" val="INVINCIBILITY" />
		<set name="chargeConsume" val="5" />
		<set name="effectPoint" val="673" />
		<set name="hitTime" val="2000" />
		<set name="icon" val="icon.skill0442" />
		<set name="magicLevel" val="79" />
		<set name="mpConsume" val="65" />
		<set name="operateType" val="A2" />
		<set name="removedOnAnyActionExceptMove" val="true" />
		<set name="reuseDelay" val="900000" />
		<set name="targetType" val="SELF" />
		<cond msgId="113" addName="1">
			<and>
				<using kind="DUAL" /> <!-- Requires a dualsword weapon -->
				<player Charges="5" /> <!-- Requires 5th stage Sword Energy -->
			</and>
		</cond>
		<for>
			<effect name="Invincible" />
			<effect name="Buff">
				<set stat="debuffImmunity" val="1" />
				<sub stat="cancelVuln" val="100" />
			</effect>
		</for>
	</skill>
	<skill id="443" levels="1" name="Force Barrier">
		<!-- Uses spiritual forces to create a temporary protective barrier that is impervious to normal strikes, skills, buffs/debuffs. An equipped hand-to-hand combat weapon is required to use this skill. Level 4 Focused Force charge required. -->
		<set name="abnormalLevel" val="1" />
		<set name="abnormalTime" val="10" />
		<set name="abnormalType" val="INVINCIBILITY" />
		<set name="abnormalVisualEffect" val="INVINCIBILITY" />
		<set name="chargeConsume" val="4" />
		<set name="effectPoint" val="676" />
		<set name="hitTime" val="2000" />
		<set name="icon" val="icon.skill0443" />
		<set name="magicLevel" val="79" />
		<set name="mpConsume" val="72" />
		<set name="operateType" val="A2" />
		<set name="removedOnAnyActionExceptMove" val="true" />
		<set name="reuseDelay" val="900000" />
		<set name="targetType" val="SELF" />
		<cond msgId="113" addName="1">
			<and>
				<using kind="DUALFIST" /> <!-- Requires a hand-to-hand weapon -->
				<player Charges="4" /> <!-- Requires 4th stage Energy -->
			</and>
		</cond>
		<for>
			<effect name="Invincible" />
			<effect name="Buff">
				<set stat="debuffImmunity" val="1" />
				<sub stat="cancelVuln" val="100" />
			</effect>
		</for>
	</skill>
	<skill id="444" levels="1" name="Festive Sweeper">
		<!-- When used on nearby corpses that are in a Spoil state, extra items may be obtained. -->
		<set name="affectLimit" val="9-10" />
		<set name="affectRange" val="200" />
		<set name="hitTime" val="500" />
		<set name="icon" val="BranchSys2.icon.br_skill0444_a" />
		<set name="magicLevel" val="78" />
		<set name="mpConsume" val="12" />
		<set name="operateType" val="A1" />
		<set name="reuseDelay" val="3000" />
		<set name="targetType" val="AURA_CORPSE_MOB" />
		<for>
			<effect name="Sweeper" />
			<effect name="ConsumeBody" />
		</for>
	</skill>
	<skill id="445" levels="1" name="Mirage">
		<!-- Has a chance to cancel the target of an enemy who attacks you. -->
		<set name="abnormalLevel" val="1" />
		<set name="abnormalTime" val="60" />
		<set name="abnormalType" val="MIRAGE" />
		<set name="effectPoint" val="673" />
		<set name="hitTime" val="2000" />
		<set name="icon" val="icon.skill0445" />
		<set name="magicLevel" val="79" />
		<set name="mpConsume" val="43" />
		<set name="operateType" val="A2" />
		<set name="reuseDelay" val="150000" />
		<set name="targetType" val="SELF" />
		<for>
			<effect name="TriggerSkillByDamage">
				<param attackerType="Playable" minAttackerLevel="1" maxAttackerLevel="100" />
				<param minDamage="1" />
				<param chance="80" />
				<param skillId="5144" skillLevel="1" /> <!-- Mirage -->
				<param targetType="ONE" />
			</effect>
		</for>
	</skill>
	<skill id="446" levels="1" name="Dodge">
		<!-- Allows you to temporarily evade a melee attack skill. -->
		<set name="abnormalLevel" val="1" />
		<set name="abnormalTime" val="10" />
		<set name="abnormalType" val="AVOID_SKILL" />
		<set name="effectPoint" val="337" />
		<set name="hitTime" val="500" />
		<set name="icon" val="icon.skill0446" />
		<set name="magicLevel" val="79" />
		<set name="mpConsume" val="29" />
		<set name="operateType" val="A2" />
		<set name="reuseDelay" val="75000" />
		<set name="targetType" val="SELF" />
		<for>
			<effect name="Buff">
				<add stat="pSkillEvas" val="90" />
			</effect>
		</for>
	</skill>
	<skill id="447" levels="1" name="Counterattack">
		<!-- Temporarily allows you to reflect damage caused by a melee attack skill back to the enemy. -->
		<set name="abnormalLevel" val="1" />
		<set name="abnormalTime" val="10" />
		<set name="abnormalType" val="COUNTER_SKILL" />
		<set name="effectPoint" val="337" />
		<set name="hitTime" val="500" />
		<set name="icon" val="icon.skill0447" />
		<set name="magicLevel" val="79" />
		<set name="mpConsume" val="29" />
		<set name="operateType" val="A2" />
		<set name="reuseDelay" val="75000" />
		<set name="targetType" val="SELF" />
		<for>
			<effect name="Buff">
				<add stat="vengeancePdam" val="90" />
			</effect>
		</for>
	</skill>
	<skill id="448" levels="1" name="Summon Swoop Cannon" enchantGroup1="1">
		<!-- Summons a Swoop Cannon. Requires 46 Crystals: A-Grade. Consumes 21 Gemstones: B-Grade per minute. -->
		<table name="#ench1npcId">14840 14841 14842 14843 14844 14845 14846 14847 14848 14849 14850 14851 14852 14853 14854 14855 14856 14857 14858 14859 14860 14861 14862 14863 14864 14865 14866 14867 14868 14869</table>
		<set name="hitTime" val="10000" />
		<set name="icon" val="icon.skill0448" />
		<set name="isMagic" val="2" /> <!-- Static Skill -->
		<set name="itemConsumeCount" val="46" /> <!-- Epilogue Modification -->
		<set name="itemConsumeId" val="1461" /> <!-- Crystal: A-Grade -->
		<set name="itemConsumeSteps" val="60" />
		<set name="magicLevel" val="68" />
		<set name="mpInitialConsume" val="530" />
		<set name="operateType" val="A1" />
		<set name="reuseDelay" val="5000" />
		<set name="targetType" val="SELF" />
		<cond>
			<and>
				<player canSummon="true" />
				<player canSummonSiegeGolem="true" />
			</and>
		</cond>
		<for>
			<effect name="Summon">
				<param npcId="14839" />
				<param consumeItemId="2132" consumeItemCount="21" /> <!-- Epilogue Modification -->
				<param lifeTime="1200" />
			</effect>
		</for>
		<enchant1for>
			<effect name="Summon">
				<param npcId="#ench1npcId" />
				<param consumeItemId="2132" consumeItemCount="21" /> <!-- Epilogue Modification -->
				<param lifeTime="1200" />
			</effect>
		</enchant1for>
	</skill>
	<skill id="449" levels="4" name="Summon Attractive Cubic">
		<!-- Summons Attractive Cubic. Attractive Cubic can continuously use hate and hold magic on an enemy. Requires 10 D-Grade Crystals. -->
		<table name="#cubicPower">1026 1264 1530 1822</table>
		<table name="#itemConsumeCount">10 11 12 13</table> <!-- Epilogue Modification -->
		<table name="#magicLevel">62 66 70 74</table>
		<table name="#mpConsume">58 62 65 69</table>
		<set name="hitTime" val="6000" />
		<set name="icon" val="icon.skill0449" />
		<set name="isMagic" val="1" /> <!-- Magic Skill -->
		<set name="itemConsumeCount" val="#itemConsumeCount" />
		<set name="itemConsumeId" val="1458" /> <!-- Epilogue Modification -->
		<set name="magicLevel" val="#magicLevel" />
		<set name="mpConsume" val="#mpConsume" />
		<set name="operateType" val="A1" />
		<set name="reuseDelay" val="5000" />
		<set name="targetType" val="SELF" />
		<for>
			<effect name="SummonCubic">
				<param cubicId="9" cubicDelay="8" cubicDuration="900" cubicMaxCount="300" cubicSkillChance="50" cubicPower="#cubicPower" />
				<param cubicSkill1Chance="33" cubicSkill2Chance="33" cubicSkill3Chance="33" />
			</effect>
		</for>
	</skill>
	<skill id="450" levels="10" name="Banish Seraph">
		<!-- Strikes fear into an angel, causing it to flee. Lethal Strike is possible. Consumes 5 Soul Ore. -->
		<table name="#effectPoints">-523 -549 -566 -582 -597 -611 -624 -635 -646 -655</table>
		<table name="#itemConsumeCount">5 6 7 7 8 8 9 9 10 10</table>
		<table name="#magicLevel">55 58 60 62 64 66 68 70 72 74</table>
		<table name="#mpConsume">50 53 55 58 59 61 63 65 67 68</table>
		<set name="castRange" val="150" />
		<set name="effectPoint" val="#effectPoints" />
		<set name="effectRange" val="650" />
		<set name="element" val="5" /> <!-- Dark -->
		<set name="elementPower" val="20" />
		<set name="hitTime" val="2000" />
		<set name="icon" val="icon.skill0450" />
		<set name="itemConsumeCount" val="#itemConsumeCount" />
		<set name="itemConsumeId" val="1785" /> <!-- Soul Ore -->
		<set name="magicLevel" val="#magicLevel" />
		<set name="mpConsume" val="#mpConsume" />
		<set name="operateType" val="A1" />
		<set name="reuseDelay" val="4000" />
		<set name="targetType" val="ONE" />
		<cond msgId="113" addName="1">
			<target race="DIVINE" />
		</cond>
		<for>
			<effect name="RunAway">
				<param power="30" />
				<param time="20" />
			</effect>
			<effect name="Lethal">
				<param fullLethal="25" />
			</effect>
		</for>
	</skill>
	<skill id="451" levels="2" name="Sonic Move">
		<!-- A Sonic Force detonation significantly increases your speed. Level 2 Sonic Force charge required. An equipped Dual-Sword Weapon is required to use this skill. Effect 1. -->
		<table name="#chargeConsume">2 3</table>
		<table name="#effectPoints">582 624</table>
		<table name="#magicLevel">62 68</table>
		<table name="#mpConsume">29 32</table>
		<table name="#runSpd">40 66</table>
		<set name="abnormalLevel" val="1" />
		<set name="abnormalTime" val="15" />
		<set name="abnormalType" val="SPEED_UP_SPECIAL" />
		<set name="chargeConsume" val="#chargeConsume" />
		<set name="effectPoint" val="#effectPoints" />
		<set name="hitTime" val="1000" />
		<set name="icon" val="icon.skill0451" />
		<set name="magicLevel" val="#magicLevel" />
		<set name="mpConsume" val="#mpConsume" />
		<set name="operateType" val="A2" />
		<set name="reuseDelay" val="30000" />
		<set name="targetType" val="SELF" />
		<cond msgId="113" addName="1">
			<and>
				<using kind="DUAL" />
				<player Charges="#chargeConsume" />
			</and>
		</cond>
		<for>
			<effect name="Buff">
				<add stat="runSpd" val="#runSpd" />
			</effect>
		</for>
	</skill>
	<skill id="452" levels="5" name="Shock Stomp" enchantGroup1="2">
		<!-- Temporarily shocks nearby enemies, canceling their targets. Usable when equipped with a spear. -->
		<table name="#chance">40 50 60 70 80</table>
		<table name="#magicLevel">55 60 64 68 72</table>
		<table name="#ench1Chance">80 81 82 82 83 84 84 85 86 86 87 88 88 89 90 90 91 92 92 93 94 94 95 96 96 97 98 98 99 100</table>
		<table name="#enchMagicLvl">76 76 76 77 77 77 78 78 78 79 79 79 80 80 80 81 81 81 82 82 82 83 83 83 84 84 84 85 85 85</table>
		<set name="abnormalLevel" val="1" />
		<set name="abnormalTime" val="9" />
		<set name="abnormalType" val="STUN" />
		<set name="abnormalVisualEffect" val="STUN" />
		<set name="activateRate" val="50" />
		<set name="affectLimit" val="6-12" />
		<set name="affectRange" val="150" />
		<set name="basicProperty" val="CON" />
		<set name="coolTime" val="500" />
		<set name="effectPoint" val="-1" />
		<set name="hitTime" val="500" />
		<set name="icon" val="icon.skill0452" />
		<set name="isDebuff" val="true" />
		<set name="lvlBonusRate" val="1" />
		<set name="magicLevel" val="#magicLevel" />
		<set name="mpConsume" val="52" />
		<set name="operateType" val="A2" />
		<set name="reuseDelay" val="5000" />
		<set name="targetType" val="AURA" />
		<set name="trait" val="SHOCK" />
		<enchant1 name="magicLevel" val="#enchMagicLvl" />
		<cond msgId="113" addName="1">
			<using kind="POLE" />
		</cond>
		<for>
			<effect name="Stun" />
			<effect name="TargetCancel">
				<param chance="#chance" />
			</effect>
		</for>
		<enchant1for>
			<effect name="Stun" />
			<effect name="TargetCancel">
				<param chance="#ench1Chance" />
			</effect>
		</enchant1for>
	</skill>
	<skill id="453" levels="1" name="Escape Shackle">
		<!-- Allows you to escape from a captured state. -->
		<set name="effectPoint" val="597" />
		<set name="hitTime" val="1000" />
		<set name="icon" val="icon.skill0453" />
		<set name="magicLevel" val="60" />
		<set name="mpConsume" val="60" />
		<set name="operateType" val="A1" />
		<set name="reuseDelay" val="15000" />
		<set name="targetType" val="SELF" />
		<for>
			<effect name="DispelBySlot">
				<param dispel="ROOT_PHYSICALLY,3" />
			</effect>
		</for>
	</skill>
	<skill id="454" levels="1" name="Symbol of Defense">
		<!-- Generates a symbol that maximizes the defense abilities of those nearby. Applies to all targets within the affected area. The effect disappears if you leave the area. Level 2 or higher Battle Force required. Consumes 1 Battle Symbol. -->
		<set name="blockedInOlympiad" val="true" />
		<set name="hitTime" val="5000" />
		<set name="icon" val="icon.skill0454" />
		<set name="isMagic" val="2" /> <!-- Static Skill -->
		<set name="itemConsumeCount" val="1" />
		<set name="itemConsumeId" val="8875" /> <!-- Battle Symbol -->
		<set name="magicLevel" val="80" />
		<set name="mpConsume" val="44" />
		<set name="mpInitialConsume" val="36" />
		<set name="operateType" val="A1" />
		<set name="power" val="200" />
		<set name="reuseDelay" val="1800000" />
		<set name="targetType" val="SELF" />
		<for>
			<effect name="SummonNpc">
				<param npcId="13018" npcCount="1" />
			</effect>
		</for>
	</skill>
	<skill id="455" levels="1" name="Symbol of Noise">
		<!-- Generates a symbol that cancels the singing or dancing abilities of those nearby. Applies to all targets within the affected area. The effect disappears if you leave the area. Level 2 or higher Battle Force required. Consumes 1 Battle Symbol. -->
		<set name="blockedInOlympiad" val="true" />
		<set name="castRange" val="900" />
		<set name="hitTime" val="5000" />
		<set name="icon" val="icon.skill0455" />
		<set name="isMagic" val="2" /> <!-- Static Skill -->
		<set name="itemConsumeCount" val="1" />
		<set name="itemConsumeId" val="8875" /> <!-- Battle Symbol -->
		<set name="magicLevel" val="80" />
		<set name="mpConsume" val="44" />
		<set name="mpInitialConsume" val="36" />
		<set name="operateType" val="A1" />
		<set name="power" val="200" />
		<set name="reuseDelay" val="1800000" />
		<set name="targetType" val="GROUND" />
		<for>
			<effect name="SummonNpc">
				<param npcId="13019" npcCount="1" />
			</effect>
		</for>
	</skill>
	<skill id="456" levels="1" name="Symbol of Resistance">
		<!-- Generates a symbol that maximizes resistance to abnormal states of those nearby. Applies to all targets within the affected area. The effect disappears if you leave the area. Level 2 or higher Battle Force required. Consumes 1 Battle Symbol. -->
		<set name="blockedInOlympiad" val="true" />
		<set name="hitTime" val="5000" />
		<set name="icon" val="icon.skill0456" />
		<set name="isMagic" val="2" /> <!-- Static Skill -->
		<set name="itemConsumeCount" val="1" />
		<set name="itemConsumeId" val="8875" /> <!-- Battle Symbol -->
		<set name="magicLevel" val="80" />
		<set name="mpConsume" val="44" />
		<set name="mpInitialConsume" val="36" />
		<set name="operateType" val="A1" />
		<set name="power" val="200" />
		<set name="reuseDelay" val="1800000" />
		<set name="targetType" val="SELF" />
		<for>
			<effect name="SummonNpc">
				<param npcId="13020" npcCount="1" />
			</effect>
		</for>
	</skill>
	<skill id="457" levels="1" name="Symbol of Honor">
		<!-- Generates a symbol that maximizes the HP/CP recovery rate of those nearby. Applies to all targets within the affected area. The effect disappears if you leave the area. Level 2 or higher Battle Force required. Consumes 1 Battle Symbol. -->
		<set name="blockedInOlympiad" val="true" />
		<set name="hitTime" val="5000" />
		<set name="icon" val="icon.skill0457" />
		<set name="isMagic" val="2" /> <!-- Static Skill -->
		<set name="itemConsumeCount" val="1" />
		<set name="itemConsumeId" val="8875" /> <!-- Battle Symbol -->
		<set name="magicLevel" val="80" />
		<set name="mpConsume" val="44" />
		<set name="mpInitialConsume" val="36" />
		<set name="operateType" val="A1" />
		<set name="power" val="200" />
		<set name="reuseDelay" val="1800000" />
		<set name="targetType" val="SELF" />
		<for>
			<effect name="SummonNpc">
				<param npcId="13021" npcCount="1" />
			</effect>
		</for>
	</skill>
	<skill id="458" levels="1" name="Symbol of Energy">
		<!-- Generates a symbol that increases P. Atk. and force for those nearby. Applies to all targets within the affected area. The effect disappears if you leave the area. Level 2 or higher Battle Force required. Consumes 1 Battle Symbol. -->
		<set name="blockedInOlympiad" val="true" />
		<set name="hitTime" val="5000" />
		<set name="icon" val="icon.skill0458" />
		<set name="isMagic" val="2" /> <!-- Static Skill -->
		<set name="itemConsumeCount" val="1" />
		<set name="itemConsumeId" val="8875" /> <!-- Battle Symbol -->
		<set name="magicLevel" val="80" />
		<set name="mpConsume" val="44" />
		<set name="mpInitialConsume" val="36" />
		<set name="operateType" val="A1" />
		<set name="power" val="200" />
		<set name="reuseDelay" val="1800000" />
		<set name="targetType" val="SELF" />
		<for>
			<effect name="SummonNpc">
				<param npcId="13022" npcCount="1" />
			</effect>
		</for>
	</skill>
	<skill id="459" levels="1" name="Symbol of the Sniper">
		<!-- Generates a symbol that maximizes the archery skill of those nearby. Applies to all targets within the affected area. The effect disappears if you leave the area. Level 2 or higher Battle Force required. Consumes 1 Battle Symbol. -->
		<set name="blockedInOlympiad" val="true" />
		<set name="hitTime" val="5000" />
		<set name="icon" val="icon.skill0459" />
		<set name="isMagic" val="2" /> <!-- Static Skill -->
		<set name="itemConsumeCount" val="1" />
		<set name="itemConsumeId" val="8875" /> <!-- Battle Symbol -->
		<set name="magicLevel" val="80" />
		<set name="mpConsume" val="44" />
		<set name="mpInitialConsume" val="36" />
		<set name="operateType" val="A1" />
		<set name="power" val="200" />
		<set name="reuseDelay" val="1800000" />
		<set name="targetType" val="SELF" />
		<for>
			<effect name="SummonNpc">
				<param npcId="13023" npcCount="1" />
			</effect>
		</for>
	</skill>
	<skill id="460" levels="1" name="Symbol of the Assassin">
		<!-- Generates a symbol that maximizes your dodging ability and increases the chance of inflicting a deadly attack for those near to you. Applies to all targets within the affected area. The effect disappears if you leave the area. Level 2 or higher Battle Force required. Consumes 1 Battle Symbol. -->
		<set name="blockedInOlympiad" val="true" />
		<set name="hitTime" val="5000" />
		<set name="icon" val="icon.skill0460" />
		<set name="isMagic" val="2" /> <!-- Static Skill -->
		<set name="itemConsumeCount" val="1" />
		<set name="itemConsumeId" val="8875" /> <!-- Battle Symbol -->
		<set name="magicLevel" val="80" />
		<set name="mpConsume" val="44" />
		<set name="mpInitialConsume" val="36" />
		<set name="operateType" val="A1" />
		<set name="power" val="200" />
		<set name="reuseDelay" val="1800000" />
		<set name="targetType" val="SELF" />
		<for>
			<effect name="SummonNpc">
				<param npcId="13024" npcCount="1" />
			</effect>
		</for>
	</skill>
	<skill id="461" levels="2" name="Break Duress">
		<!-- Use your spirit to escape from an immobile state. Level 2 Focused Force charge required. -->
		<table name="#chargeConsume">2 3</table>
		<table name="#dispelAbnormals">ROOT_PHYSICALLY,3;ROOT_MAGICALLY,3 SPEED_DOWN,3;ROOT_PHYSICALLY,3;ROOT_MAGICALLY,3</table>
		<table name="#magicLevel">60 66</table>
		<table name="#mpConsume">33 37</table>
		<set name="chargeConsume" val="#chargeConsume" />
		<set name="effectPoint" val="1" />
		<set name="hitTime" val="3000" />
		<set name="icon" val="icon.skill0461" />
		<set name="magicLevel" val="#magicLevel" />
		<set name="mpConsume" val="#mpConsume" />
		<set name="operateType" val="A1" />
		<set name="reuseDelay" val="4000" />
		<set name="targetType" val="SELF" />
		<cond msgId="113" addName="1">
			<player Charges="#chargeConsume" /> <!-- Level 2 3 Focused Force charge required. -->
		</cond>
		<for>
			<effect name="DispelBySlot">
				<param dispel="#dispelAbnormals" />
			</effect>
		</for>
	</skill>
</list>
