﻿<?xml version="1.0" encoding="UTF-8"?>
<list xmlns:xsi="http://www.w3.org/2001/XMLSchema-instance" xsi:noNamespaceSchemaLocation="../../xsd/skills.xsd">
	<skill id="3500" levels="1" name="Wooden Set">
		<!-- Increases P. Def. and Max HP. -->
		<set name="icon" val="icon.armor_t06_u_i00" />
		<set name="magicLevel" val="1" />
		<set name="operateType" val="P" />
		<set name="targetType" val="SELF" />
		<for>
			<effect name="Buff">
				<mul stat="pDef" val="1.022" /> <!-- P. Def. +2.2% -->
				<add stat="maxHp" val="41" /> <!-- HP +41 -->
			</effect>
		</for>
	</skill>
	<skill id="3501" levels="1" name="Devotion Set">
		<!-- Increases Casting Spd. -->
		<set name="icon" val="icon.armor_t55_u_i00" />
		<set name="magicLevel" val="1" />
		<set name="operateType" val="P" />
		<set name="targetType" val="SELF" />
		<for>
			<effect name="Buff">
				<mul stat="mAtkSpd" val="1.15" /> <!-- Casting Spd. +15% -->
			</effect>
		</for>
	</skill>
	<skill id="3502" levels="1" name="Mithril Heavy Armor Set">
		<!-- Increases resistance to poison attack. -->
		<set name="icon" val="icon.armor_t19_u_i00" />
		<set name="magicLevel" val="1" />
		<set name="operateType" val="P" />
		<set name="targetType" val="SELF" />
		<for>
			<effect name="DefenceTrait">
				<param POISON="20" />
			</effect>
		</for>
	</skill>
	<skill id="3503" levels="1" name="Reinforced Leather Set">
		<!-- Increases Maximum MP. -->
		<set name="icon" val="icon.armor_t13_u_i00" />
		<set name="magicLevel" val="1" />
		<set name="operateType" val="P" />
		<set name="targetType" val="SELF" />
		<for>
			<effect name="Buff">
				<add stat="maxMp" val="80" /> <!-- MP +80 -->
			</effect>
		</for>
	</skill>
	<skill id="3504" levels="1" name="Knowledge Set">
		<!-- Decreases MP regeneration and increases M. Atk. -->
		<set name="icon" val="icon.armor_t41_u_i00" />
		<set name="magicLevel" val="1" />
		<set name="operateType" val="P" />
		<set name="targetType" val="SELF" />
		<for>
			<effect name="Buff">
				<mul stat="mAtk" val="1.1025" /> <!-- M. Atk. +10.25% -->
				<mul stat="regMp" val="0.95" /> <!-- MP Regeneration -5% -->
			</effect>
		</for>
	</skill>
	<skill id="3505" levels="1" name="Manticore Set">
		<!-- Increases Maximum MP. -->
		<set name="icon" val="icon.armor_t42_u_i00" />
		<set name="magicLevel" val="1" />
		<set name="operateType" val="P" />
		<set name="targetType" val="SELF" />
		<for>
			<effect name="Buff">
				<add stat="maxMp" val="91.81" /> <!-- MP +91.81 -->
			</effect>
		</for>
	</skill>
	<skill id="3506" levels="1" name="Brigandine Set">
		<!-- Increases P. Def. and Max HP. -->
		<set name="icon" val="icon.armor_t43_u_i00" />
		<set name="magicLevel" val="1" />
		<set name="operateType" val="P" />
		<set name="targetType" val="SELF" />
		<for>
			<effect name="Buff">
				<mul stat="pDef" val="1.05" /> <!-- P. Def. +5% -->
				<add stat="maxHp" val="153" /> <!-- HP +153 -->
			</effect>
		</for>
	</skill>
	<skill id="3507" levels="1" name="Elven Mithril Set">
		<!-- Increases Speed. INT-1, WIT+1 -->
		<set name="icon" val="icon.armor_t51_u_i00" />
		<set name="magicLevel" val="1" />
		<set name="operateType" val="P" />
		<set name="targetType" val="SELF" />
		<for>
			<effect name="Buff">
				<add stat="runSpd" val="7" /> <!-- Speed +7 -->
			</effect>
		</for>
	</skill>
	<skill id="3508" levels="1" name="Mithril Light Armor Set">
		<!-- Increases Evasion. -->
		<set name="icon" val="icon.armor_t47_u_i00" />
		<set name="magicLevel" val="1" />
		<set name="operateType" val="P" />
		<set name="targetType" val="SELF" />
		<for>
			<effect name="Buff">
				<add stat="rEvas" val="4" /> <!-- Evasion +4 -->
			</effect>
		</for>
	</skill>
	<skill id="3509" levels="1" name="Chain Mail Set">
		<!-- Increases resistance to Dagger attacks. -->
		<set name="icon" val="icon.armor_t48_u_i00" />
		<set name="magicLevel" val="1" />
		<set name="operateType" val="P" />
		<set name="targetType" val="SELF" />
		<for>
			<effect name="DefenceTrait">
				<param DAGGER="6" />
				<param DUALDAGGER="6" />
			</effect>
		</for>
	</skill>
	<skill id="3510" levels="1" name="Karmian Set">
		<!-- Increases P. Def. and Casting Spd. -->
		<set name="icon" val="icon.armor_t53_u_i00" />
		<set name="magicLevel" val="1" />
		<set name="operateType" val="P" />
		<set name="targetType" val="SELF" />
		<for>
			<effect name="Buff">
				<mul stat="pDef" val="1.0526" /> <!-- P. Def. +5.26% -->
				<mul stat="mAtkSpd" val="1.15" /> <!-- Casting Spd. +15% -->
			</effect>
		</for>
	</skill>
	<skill id="3511" levels="1" name="Plated Leather Set">
		<!-- STR+4, CON-1 -->
		<set name="icon" val="icon.armor_t47_u_i00" />
		<set name="magicLevel" val="1" />
		<set name="operateType" val="P" />
		<set name="targetType" val="SELF" />
	</skill>
	<skill id="3512" levels="1" name="Composite Heavy Armor Set">
		<!-- Increases your weight capacity. -->
		<set name="icon" val="icon.armor_t61_ul_i00" />
		<set name="magicLevel" val="1" />
		<set name="operateType" val="P" />
		<set name="targetType" val="SELF" />
		<for>
			<effect name="Buff">
				<add stat="weightPenalty" val="5795" /> <!-- Point at which a weight penalty is applied +5795 -->
			</effect>
		</for>
	</skill>
	<skill id="3513" levels="1" name="Demon's Set">
		<!-- Reduces maximum HP. INT+4, WIT-1 -->
		<set name="icon" val="icon.armor_t54_u_i00" />
		<set name="magicLevel" val="1" />
		<set name="operateType" val="P" />
		<set name="targetType" val="SELF" />
		<for>
			<effect name="Buff">
				<sub stat="maxHp" val="269.65" /> <!-- HP -269.65 -->
			</effect>
		</for>
	</skill>
	<skill id="3514" levels="1" name="Theca Leather Light Armor Set">
		<!-- Increases P. Def. -->
		<set name="icon" val="icon.armor_t63_u_i00" />
		<set name="magicLevel" val="1" />
		<set name="operateType" val="P" />
		<set name="targetType" val="SELF" />
		<for>
			<effect name="Buff">
				<mul stat="pDef" val="1.0526" /> <!-- P. Def. +5.26% -->
			</effect>
		</for>
	</skill>
	<skill id="3515" levels="1" name="Drake Leather Set">
		<!-- Increases M. Def. -->
		<set name="icon" val="icon.armor_t21_ul_i00" />
		<set name="magicLevel" val="1" />
		<set name="operateType" val="P" />
		<set name="targetType" val="SELF" />
		<for>
			<effect name="Buff">
				<mul stat="mDef" val="1.0526" /> <!-- M. Def. +5.26% -->
			</effect>
		</for>
	</skill>
	<skill id="3516" levels="1" name="Full Plate Set">
		<!-- Increases maximum HP. -->
		<set name="icon" val="icon.armor_t62_ul_i00" />
		<set name="magicLevel" val="1" />
		<set name="operateType" val="P" />
		<set name="targetType" val="SELF" />
		<for>
			<effect name="Buff">
				<add stat="maxHp" val="269.65" /> <!-- HP +269.65 -->
			</effect>
		</for>
	</skill>
	<skill id="3517" levels="1" name="Divine Set">
		<!-- Increases P. Def. and Max MP. INT-1, WIT+1 -->
		<set name="icon" val="icon.armor_t57_u_i00" />
		<set name="magicLevel" val="1" />
		<set name="operateType" val="P" />
		<set name="targetType" val="SELF" />
		<for>
			<effect name="Buff">
				<mul stat="pDef" val="1.0526" /> <!-- P. Def. +5.26% -->
				<add stat="maxMp" val="170.62" /> <!-- MP +170.62 -->
			</effect>
		</for>
	</skill>
	<skill id="3518" levels="1" name="Zubei's Heavy Armor Set">
		<!-- Increases P. Def. and Max HP. -->
		<set name="icon" val="icon.armor_t64_u_i00" />
		<set name="magicLevel" val="1" />
		<set name="operateType" val="P" />
		<set name="targetType" val="SELF" />
		<for>
			<effect name="Buff">
				<mul stat="pDef" val="1.0526" /> <!-- P. Def. +5.246 -->
				<add stat="maxHp" val="294.49" /> <!-- HP +294.49 -->
			</effect>
		</for>
	</skill>
	<skill id="3519" levels="1" name="Avadon Breastplate Heavy Armor Set">
		<!-- Increases maximum HP. -->
		<set name="icon" val="icon.armor_t66_u_i00" />
		<set name="magicLevel" val="1" />
		<set name="operateType" val="P" />
		<set name="targetType" val="SELF" />
		<for>
			<effect name="Buff">
				<add stat="maxHp" val="294.49" /> <!-- HP +294.49 -->
			</effect>
		</for>
	</skill>
	<skill id="3520" levels="1" name="Zubei's Leather Shirt Light Armor Set">
		<!-- Increases Evasion. -->
		<set name="icon" val="icon.armor_t65_u_i00" />
		<set name="magicLevel" val="1" />
		<set name="operateType" val="P" />
		<set name="targetType" val="SELF" />
		<for>
			<effect name="Buff">
				<add stat="rEvas" val="4" /> <!-- Evasion +4 -->
			</effect>
		</for>
	</skill>
	<skill id="3521" levels="1" name="Avadon Light Armor Set">
		<!-- Increases M. Def. and maximum weight limit. -->
		<set name="icon" val="icon.armor_t67_ul_i00" />
		<set name="magicLevel" val="1" />
		<set name="operateType" val="P" />
		<set name="targetType" val="SELF" />
		<for>
			<effect name="Buff">
				<mul stat="mDef" val="1.0525" /> <!-- M. Def. +5.25% -->
				<add stat="weightPenalty" val="5795" /> <!-- Point at which a weight penalty is applied +5795 -->
			</effect>
		</for>
	</skill>
	<skill id="3522" levels="1" name="Tunic of Zubei Robe Set">
		<!-- Decreases MP regeneration and increases M. Atk. -->
		<set name="icon" val="icon.armor_t56_u_i00" />
		<set name="magicLevel" val="1" />
		<set name="operateType" val="P" />
		<set name="targetType" val="SELF" />
		<for>
			<effect name="Buff">
				<mul stat="mAtk" val="1.1025" /> <!-- M. Atk. +10.25% -->
				<mul stat="regMp" val="0.95" /> <!-- MP Regeneration -5% -->
			</effect>
		</for>
	</skill>
	<skill id="3523" levels="1" name="Avadon Robe Set">
		<!-- Increases P. Def. and Casting Spd. -->
		<set name="icon" val="icon.armor_t59_ul_i00" />
		<set name="magicLevel" val="1" />
		<set name="operateType" val="P" />
		<set name="targetType" val="SELF" />
		<for>
			<effect name="Buff">
				<mul stat="pDef" val="1.0526" /> <!-- P. Def. +5.26% -->
				<mul stat="mAtkSpd" val="1.15" /> <!-- Casting Spd. +15% -->
			</effect>
		</for>
	</skill>
	<skill id="3524" levels="1" name="Blue Wolf Heavy Armor Set">
		<!-- Increases Speed and HP recovery rate. STR+3, CON-1, DEX-2 -->
		<set name="icon" val="icon.armor_t68_u_i00" />
		<set name="magicLevel" val="1" />
		<set name="operateType" val="P" />
		<set name="targetType" val="SELF" />
		<for>
			<effect name="Buff">
				<add stat="runSpd" val="7" /> <!-- Speed +7 -->
				<mul stat="regHp" val="1.0526" /> <!-- HP Regeneration +5.26% -->
			</effect>
		</for>
	</skill>
	<skill id="3525" levels="1" name="Doom Heavy Armor Set">
		<!-- Increases Max HP and lung capacity. STR-3, CON+3 -->
		<set name="icon" val="icon.armor_t71_ul_i00" />
		<set name="magicLevel" val="1" />
		<set name="operateType" val="P" />
		<set name="targetType" val="SELF" />
		<for>
			<effect name="Buff">
				<add stat="maxHp" val="320" /> <!-- HP +320 -->
				<add stat="breath" val="200" /> <!-- Breath Gauge increased +200 -->
			</effect>
		</for>
	</skill>
	<skill id="3526" levels="1" name="Blue Wolf Light Armor Set">
		<!-- Increases P. Def. and Casting Spd. INT-2, MEN+3, WIT-1 -->
		<set name="icon" val="icon.armor_t69_ul_i00" />
		<set name="magicLevel" val="1" />
		<set name="operateType" val="P" />
		<set name="targetType" val="SELF" />
		<for>
			<effect name="Buff">
				<mul stat="pDef" val="1.0526" /> <!-- P. Def. +5.26% -->
				<mul stat="mAtkSpd" val="1.15" /> <!-- Casting Spd. +15% -->
			</effect>
		</for>
	</skill>
	<skill id="3527" levels="1" name="Doom Light Armor Set">
		<!-- Increases lung capacity, P. Atk., MP recovery rate and resistance to poison attacks. STR-1, CON-2, DEX+3 -->
		<set name="icon" val="icon.armor_t72_ul_i00" />
		<set name="magicLevel" val="1" />
		<set name="operateType" val="P" />
		<set name="targetType" val="SELF" />
		<for>
			<effect name="Buff">
				<add stat="breath" val="200" /> <!-- Breath Gauge increased +200 -->
				<mul stat="pAtk" val="1.027" /> <!-- P. Atk. +2.7% -->
				<mul stat="regMp" val="1.025" /> <!-- MP Regeneration +2.5% -->
			</effect>
			<effect name="DefenceTrait">
				<param POISON="20" />
			</effect>
		</for>
	</skill>
	<skill id="3528" levels="1" name="Blue Wolf Robe Set">
		<!-- Increases Max MP and MP recovery rate. INT-2, MEN-1, WIT+3 -->
		<set name="icon" val="icon.armor_t70_u_i00" />
		<set name="magicLevel" val="1" />
		<set name="operateType" val="P" />
		<set name="targetType" val="SELF" />
		<for>
			<effect name="Buff">
				<add stat="maxMp" val="206" /> <!-- MP +206 -->
				<mul stat="regMp" val="1.0524" /> <!-- MP Regeneration +5.24% -->
			</effect>
		</for>
	</skill>
	<skill id="3529" levels="1" name="Doom Robe Set">
		<!-- Increases Speed, lung capacity and MP recovery rate. INT+2, MEN+1, WIT-3 -->
		<set name="icon" val="icon.armor_t73_u_i00" />
		<set name="magicLevel" val="1" />
		<set name="operateType" val="P" />
		<set name="targetType" val="SELF" />
		<for>
			<effect name="Buff">
				<add stat="runSpd" val="7" /> <!-- Speed + 7 -->
				<add stat="breath" val="200" /> <!-- Breath Gauge increased +200 -->
				<mul stat="regMp" val="1.0526" /> <!-- MP Regeneration +5.26% -->
			</effect>
		</for>
	</skill>
	<skill id="3530" levels="1" name="Dark Crystal Breastplate Heavy Armor Set">
		<!-- Increases resistance to paralysis attacks and improves effectiveness of HP recovery magic. STR-2, CON+2 -->
		<set name="icon" val="icon.armor_t74_u_i00" />
		<set name="magicLevel" val="1" />
		<set name="operateType" val="P" />
		<set name="targetType" val="SELF" />
		<for>
			<effect name="Buff">
				<mul stat="healEffect" val="1.04" /> <!-- Heal +4% -->
			</effect>
			<effect name="DefenceTrait">
				<param PARALYZE="50" />
			</effect>
		</for>
	</skill>
	<skill id="3531" levels="1" name="Tallum Heavy Armor Set">
		<!-- Increases resistance to poison/bleeding attacks. Atk. Spd. and maximum weight limit are also increased. STR+2, CON-2 -->
		<set name="icon" val="icon.armor_t77_ul_i00" />
		<set name="magicLevel" val="1" />
		<set name="operateType" val="P" />
		<set name="targetType" val="SELF" />
		<for>
			<effect name="Buff">
				<mul stat="pAtkSpd" val="1.08" /> <!-- Atk. Spd. +8% -->
				<add stat="weightPenalty" val="5759" /> <!-- Point at which a weight penalty is applied +5759 -->
			</effect>
			<effect name="DefenceTrait">
				<param POISON="80" />
				<param BLEED="80" />
			</effect>
		</for>
	</skill>
	<skill id="3532" levels="1" name="Dark Crystal Light Armor Set">
		<!-- Increases resistance to paralysis attacks. Atk. Spd. and P. Atk. are also increased. STR+1, CON-1 -->
		<set name="icon" val="icon.armor_t75_u_i00" />
		<set name="magicLevel" val="1" />
		<set name="operateType" val="P" />
		<set name="targetType" val="SELF" />
		<for>
			<effect name="Buff">
				<mul stat="pAtkSpd" val="1.04" /> <!-- Atk. Spd. +4% -->
				<mul stat="pAtk" val="1.04" /> <!-- P. Atk. +4% -->
			</effect>
			<effect name="DefenceTrait">
				<param PARALYZE="50" />
			</effect>
		</for>
	</skill>
	<skill id="3533" levels="1" name="Tallum Light Armor Set">
		<!-- Increases resistance to poison/bleeding attacks. MP recovery rate and Max MP are also increased. MEN+2, WIT-2 -->
		<set name="icon" val="icon.armor_t78_ul_i00" />
		<set name="magicLevel" val="1" />
		<set name="operateType" val="P" />
		<set name="targetType" val="SELF" />
		<for>
			<effect name="Buff">
				<mul stat="regMp" val="1.08" /> <!-- MP Regeneration +8% -->
				<add stat="maxMp" val="222" /> <!-- MP +222 -->
			</effect>
			<effect name="DefenceTrait">
				<param POISON="80" />
				<param BLEED="80" />
			</effect>
		</for>
	</skill>
	<skill id="3534" levels="1" name="Tallum Robe Set">
		<!-- Increases resistance to poison/bleeding attacks. Casting Spd. and M. Def. are also increased. INT-2, WIT+2 -->
		<set name="icon" val="icon.armor_t79_u_i00" />
		<set name="magicLevel" val="1" />
		<set name="operateType" val="P" />
		<set name="targetType" val="SELF" />
		<for>
			<effect name="Buff">
				<mul stat="mAtkSpd" val="1.15" /> <!-- Casting Spd. +15% -->
				<mul stat="mDef" val="1.08" /> <!-- M. Def. +8% -->
			</effect>
			<effect name="DefenceTrait">
				<param POISON="80" />
				<param BLEED="80" />
			</effect>
		</for>
	</skill>
	<skill id="3535" levels="1" name="Dark Crystal Robe Set">
		<!-- Decreases magic cancel rate and increases resistance to paralysis attacks. P. Def., Casting Spd. and Speed are also increased. WIT+2, MEN-2 -->
		<set name="icon" val="icon.armor_t76_ul_i00" />
		<set name="magicLevel" val="1" />
		<set name="operateType" val="P" />
		<set name="targetType" val="SELF" />
		<for>
			<effect name="Buff">
				<mul stat="pDef" val="1.08" /> <!-- P. Def. +8% -->
				<mul stat="mAtkSpd" val="1.15" /> <!-- Casting Spd. +15% -->
				<add stat="runSpd" val="7" /> <!-- Speed +7 -->
				<sub stat="cancel" val="50" /> <!-- Small decrease in chance of spell interruption -->
			</effect>
			<effect name="DefenceTrait">
				<param PARALYZE="50" />
			</effect>
		</for>
	</skill>
	<skill id="3536" levels="1" name="Nightmare Heavy Armor Set">
		<!-- Increases P. Atk. and resistance to Sleep/Hold attack.. CON+2, DEX-2 -->
		<set name="icon" val="icon.armor_t80_ul_i00" />
		<set name="magicLevel" val="1" />
		<set name="operateType" val="P" />
		<set name="targetType" val="SELF" />
		<for>
			<effect name="Buff">
				<mul stat="pAtk" val="1.04" /> <!-- P. Atk. +4% -->
			</effect>
			<effect name="DefenceTrait">
				<param SLEEP="70" />
				<param HOLD="70" />
			</effect>
		</for>
	</skill>
	<skill id="3537" levels="1" name="Majestic Heavy Armor Set">
		<!-- Increases resistance to shock attacks. P. Atk. and Accuracy are also increased. STR+2. CON-2 -->
		<set name="icon" val="icon.armor_t83_ul_i00" />
		<set name="magicLevel" val="1" />
		<set name="operateType" val="P" />
		<set name="targetType" val="SELF" />
		<for>
			<effect name="Buff">
				<mul stat="pAtk" val="1.04" /> <!-- P. Atk. +4% -->
				<add stat="accCombat" val="3.1" /> <!-- Accuracy +3.1 -->
			</effect>
			<effect name="DefenceTrait">
				<param SHOCK="50" />
			</effect>
		</for>
	</skill>
	<skill id="3538" levels="1" name="Nightmarish Leather Light Armor Set">
		<!-- Increases resistance to Sleep/Hold attack and M. Def. Restores HP by using part of the damage inflicted upon the enemy, excluding damage caused by skill or remote attack. DEX+1, CON-1 -->
		<set name="icon" val="icon.armor_t81_ul_i00" />
		<set name="magicLevel" val="1" />
		<set name="operateType" val="P" />
		<set name="targetType" val="SELF" />
		<for>
			<effect name="Buff">
				<mul stat="mDef" val="1.04" /> <!-- M. Def. +4% -->
				<add stat="absorbDam" val="3" /> <!-- Restores 3% of melee damage inflicted on the enemy to oneself -->
			</effect>
			<effect name="DefenceTrait">
				<param SLEEP="70" />
				<param HOLD="70" />
			</effect>
		</for>
	</skill>
	<skill id="3539" levels="1" name="Majestic Light Armor Set">
		<!-- Increases resistance to shock attacks. P. Atk., Max MP and maximum weight limit are also increased. DEX+1, CON-1 -->
		<set name="icon" val="icon.armor_t84_ul_i00" />
		<set name="magicLevel" val="1" />
		<set name="operateType" val="P" />
		<set name="targetType" val="SELF" />
		<for>
			<effect name="Buff">
				<mul stat="pAtk" val="1.08"> <!-- Archery P. Atk. +8% -->
					<using kind="BOW" />
				</mul>
				<add stat="maxMp" val="240" /> <!-- MP +240 -->
				<add stat="weightPenalty" val="5759" /> <!-- Point at which a weight penalty is applied +5759 -->
			</effect>
			<effect name="DefenceTrait">
				<param SHOCK="50" />
			</effect>
		</for>
	</skill>
	<skill id="3540" levels="1" name="Nightmare Robe Set">
		<!-- Increases MP regeneration, M. Atk. and resistance to sleep/hold attacks. INT+2, WIT-2 -->
		<set name="icon" val="icon.armor_t82_ul_i00" />
		<set name="magicLevel" val="1" />
		<set name="operateType" val="P" />
		<set name="targetType" val="SELF" />
		<for>
			<effect name="Buff">
				<mul stat="regMp" val="1.04" /> <!-- MP Regeneration +4% -->
				<mul stat="mAtk" val="1.08" /> <!-- M. Atk. +8% -->
			</effect>
			<effect name="DefenceTrait">
				<param SLEEP="70" />
				<param HOLD="70" />
			</effect>
		</for>
	</skill>
	<skill id="3541" levels="1" name="Majestic Robe Set">
		<!-- Increases resistance to shock attacks. Max MP, Casting Spd. and MP recovery rate are also increased. MEN+1, INT-1 -->
		<set name="icon" val="icon.armor_t85_ul_i00" />
		<set name="magicLevel" val="1" />
		<set name="operateType" val="P" />
		<set name="targetType" val="SELF" />
		<for>
			<effect name="Buff">
				<add stat="maxMp" val="240" /> <!-- MP +240 -->
				<mul stat="mAtkSpd" val="1.15" /> <!-- Casting Spd. +15% -->
				<mul stat="regMp" val="1.08" /> <!-- MP Regeneration +8% -->
			</effect>
			<effect name="DefenceTrait">
				<param SHOCK="50" />
			</effect>
		</for>
	</skill>
	<skill id="3542" levels="6" name="Special Ability: Critical Damage">
		<!-- Inflicts additional damage during critical attacks. -->
		<table name="#cAtkAdd">203.97 226.51 248.71 269.91 289.4 306.42</table>
		<table name="#magicLevel">46 49 52 55 58 61</table>
		<set name="icon" val="icon.skill0193" />
		<set name="magicLevel" val="#magicLevel" />
		<set name="operateType" val="P" />
		<set name="targetType" val="SELF" />
		<for>
			<effect name="Buff">
				<add stat="critDmgAdd" val="#cAtkAdd" />
			</effect>
		</for>
	</skill>
	<skill id="3543" levels="1" name="Equipped with Shield">
		<!-- Increases maximum HP. -->
		<set name="icon" val="icon.skill0091" />
		<set name="magicLevel" val="1" />
		<set name="operateType" val="P" />
		<set name="targetType" val="SELF" />
		<for>
			<effect name="Buff">
				<add stat="maxHp" val="126.13" />
			</effect>
		</for>
	</skill>
	<skill id="3544" levels="1" name="Equipped with Shield">
		<!-- Increases maximum HP. -->
		<set name="icon" val="icon.skill0091" />
		<set name="magicLevel" val="1" />
		<set name="operateType" val="P" />
		<set name="targetType" val="SELF" />
		<for>
			<effect name="Buff">
				<add stat="maxHp" val="20" />
			</effect>
		</for>
	</skill>
	<skill id="3545" levels="1" name="Equipped with Shield">
		<!-- Increases maximum HP. -->
		<set name="icon" val="icon.skill0091" />
		<set name="magicLevel" val="1" />
		<set name="operateType" val="P" />
		<set name="targetType" val="SELF" />
		<for>
			<effect name="Buff">
				<add stat="maxHp" val="198.21" />
			</effect>
		</for>
	</skill>
	<skill id="3546" levels="1" name="Equipped with Shield">
		<!-- Increases M. Def. -->
		<set name="icon" val="icon.skill0091" />
		<set name="magicLevel" val="1" />
		<set name="operateType" val="P" />
		<set name="targetType" val="SELF" />
		<for>
			<effect name="Buff">
				<mul stat="mDef" val="1.0526" />
			</effect>
		</for>
	</skill>
	<skill id="3547" levels="1" name="Equipped with Shield">
		<!-- Increases shield defense rate. -->
		<set name="icon" val="icon.skill0091" />
		<set name="magicLevel" val="1" />
		<set name="operateType" val="P" />
		<set name="targetType" val="SELF" />
		<for>
			<effect name="Buff">
				<mul stat="rShld" val="1.0526" />
			</effect>
		</for>
	</skill>
	<skill id="3548" levels="1" name="Equipped with Shield">
		<!-- Increases shield defense rate. -->
		<set name="icon" val="icon.skill0091" />
		<set name="magicLevel" val="1" />
		<set name="operateType" val="P" />
		<set name="targetType" val="SELF" />
		<for>
			<effect name="Buff">
				<mul stat="rShld" val="1.24" />
			</effect>
		</for>
	</skill>
	<skill id="3549" levels="1" name="Equipped with Shield">
		<!-- Increases shield defense rate. -->
		<set name="icon" val="icon.skill0091" />
		<set name="magicLevel" val="1" />
		<set name="operateType" val="P" />
		<set name="targetType" val="SELF" />
		<for>
			<effect name="Buff">
				<mul stat="rShld" val="1.24" />
			</effect>
		</for>
	</skill>
	<skill id="3550" levels="1" name="Equipped with Shield">
		<!-- Increases shield defense rate. -->
		<set name="icon" val="icon.skill0091" />
		<set name="magicLevel" val="1" />
		<set name="operateType" val="P" />
		<set name="targetType" val="SELF" />
		<for>
			<effect name="Buff">
				<mul stat="rShld" val="1.18" />
			</effect>
		</for>
	</skill>
	<skill id="3551" levels="1" name="Equipped with Shield">
		<!-- Returns damage inflicted by enemy back upon him. Not applied to damage inflicted by a skill or remote attack. -->
		<set name="icon" val="icon.skill0091" />
		<set name="magicLevel" val="1" />
		<set name="operateType" val="P" />
		<set name="targetType" val="SELF" />
		<for>
			<effect name="Buff">
				<add stat="reflectDam" val="5" />
			</effect>
		</for>
	</skill>
	<skill id="3552" levels="4" name="Special Ability: PvP Damage">
		<!-- Increases damage inflicted during PvP. -->
		<table name="#atkCountMax">0 4 0 4</table>
		<table name="#bonus">1.05 1.05 1.1 1.1</table>
		<table name="#magicLevel">64 64 72 72</table>
		<set name="icon" val="icon.skill0297" />
		<set name="magicLevel" val="#magicLevel" />
		<set name="operateType" val="P" />
		<set name="targetType" val="SELF" />
		<for>
			<effect name="Buff">
				<add stat="atkCountMax" val="#atkCountMax" />
				<mul stat="pvpPhysDmg" val="#bonus" />
				<mul stat="pvpPhysSkillsDmg" val="#bonus" />
				<mul stat="pvpMagicalDmg" val="#bonus" />
			</effect>
		</for>
	</skill>
	<skill id="3553" levels="1" name="Imperial Crusader Heavy Armor Set">
		<!-- Increases Max HP, P. Def and resistance to sleep/hold attacks. STR+2, DEX-2 -->
		<set name="icon" val="icon.armor_t88_u_i00" />
		<set name="magicLevel" val="75" />
		<set name="operateType" val="P" />
		<set name="targetType" val="SELF" />
		<for>
			<effect name="Buff">
				<mul stat="pDef" val="1.08" /> <!-- P Def. +8% -->
				<add stat="maxHp" val="445" /> <!-- Maximum HP +445 -->
			</effect>
			<effect name="DefenceTrait">
				<param SLEEP="70" />
				<param HOLD="70" />
			</effect>
		</for>
	</skill>
	<skill id="3554" levels="1" name="Equipped with Shield">
		<!-- Additional resistance to Poison/Bleed. -->
		<set name="icon" val="icon.skill0091" />
		<set name="magicLevel" val="75" />
		<set name="operateType" val="P" />
		<set name="targetType" val="SELF" />
		<for>
			<effect name="DefenceTrait">
				<param POISON="80" />
				<param BLEED="80" />
			</effect>
		</for>
	</skill>
	<skill id="3555" levels="1" name="Draconic Light Armor Set">
		<!-- Increases Max MP, Atk. Spd, P. Atk, and maximum weight limit. DEX+1, STR+1, CON-2 -->
		<set name="icon" val="icon.armor_t89_ul_i00" />
		<set name="magicLevel" val="75" />
		<set name="operateType" val="P" />
		<set name="targetType" val="SELF" />
		<for>
			<effect name="Buff">
				<mul stat="pAtkSpd" val="1.04" /> <!-- Attack Speed +4% -->
				<mul stat="pAtk" val="1.04" /> <!-- P. Atk +4% -->
				<add stat="maxMp" val="289" /> <!-- Maximum MP +289 -->
				<add stat="weightPenalty" val="5759" /> <!-- Point at which a weight penalty is applied +5759 -->
			</effect>
		</for>
	</skill>
	<skill id="3556" levels="1" name="Major Arcana Robe Set">
		<!-- Decreases chance of magic casting being canceled. Increases resistance to shock attacks, M. Atk., Speed and maximum weight limit. WIT+1, INT+1, MEN-2 -->
		<set name="icon" val="icon.armor_t90_ul_i00" />
		<set name="magicLevel" val="75" />
		<set name="operateType" val="P" />
		<set name="targetType" val="SELF" />
		<for>
			<effect name="Buff">
				<mul stat="mAtk" val="1.17" /> <!-- M. Atk +17% -->
				<add stat="runSpd" val="7" /> <!-- Movement Speed +7 -->
				<sub stat="cancel" val="50" /> <!-- Casting Cancel Probability -50% -->
				<add stat="weightPenalty" val="5759" /> <!-- Point at which a weight penalty is applied +5759 -->
			</effect>
			<effect name="DefenceTrait">
				<param SHOCK="50" />
			</effect>
		</for>
	</skill>
	<skill id="3557" levels="1" name="Necklace of Valakas">
		<!-- Increases resistance to fire/water attacks, Max HP, P. Atk., M. Atk. and damage magic critical attack rate. Decreases skill re-use time. Reflects some of the physical damage received back upon the enemy (does not include damage from skill or range attacks). -->
		<set name="icon" val="icon.accessory_necklace_of_valakas_i00" />
		<set name="magicLevel" val="75" />
		<set name="operateType" val="P" />
		<set name="targetType" val="SELF" />
		<for>
			<effect name="Buff">
				<add stat="fireRes" val="15" />
				<add stat="maxHp" val="445" />
				<mul stat="pAtk" val="1.04" />
				<mul stat="mAtk" val="1.08" />
				<add stat="mCritRate" val="2" />
				<mul stat="pReuse" val="0.9" />
				<mul stat="mReuse" val="0.9" />
				<add stat="reflectDam" val="5" />
			</effect>
			<effect name="AttackTrait">
				<param SLEEP="40" />
			</effect>
			<effect name="DefenceTrait">
				<param SLEEP="40" />
			</effect>
		</for>
	</skill>
	<skill id="3558" levels="1" name="Earring of Antharas">
		<!-- Increases resistance to earth attacks and bleed/shock/mental attacks, and improves the effectiveness of HP recovery magic. Decreases skill MP consumption and restores HP by using some of the damage inflicted upon the enemy (does not include damage from skill or range attacks). -->
		<set name="icon" val="icon.accessory_earring_of_antaras_i00" />
		<set name="magicLevel" val="75" />
		<set name="operateType" val="P" />
		<set name="targetType" val="SELF" />
		<for>
			<effect name="Buff">
				<add stat="earthRes" val="15" />
				<mul stat="healEffect" val="1.1" />
				<mul stat="magicalMpConsumeRate" val="0.95" />
				<mul stat="physicalMpConsumeRate" val="0.95" />
				<add stat="absorbDam" val="4" /> <!-- absorb 4% HP from damage inflicted on enemies -->
			</effect>
			<effect name="AttackTrait">
				<param BLEED="40" />
				<param SHOCK="30" />
				<param DERANGEMENT="30" />
			</effect>
			<effect name="DefenceTrait">
				<param BLEED="40" />
				<param SHOCK="30" />
				<param DERANGEMENT="30" />
			</effect>
		</for>
	</skill>
	<skill id="3559" levels="2" name="Earring of Zaken">
		<!-- Increases resistance to bleed/shock/mental attacks, improves the effect of HP regeneration magic and restores HP by using some of the damage inflicted upon the enemy (does not include damage from skill or range attacks). -->
		<table name="#darkRes">0 15</table>
		<table name="#healEffect">1.1 1.15</table>
		<table name="#magicLevel">75 80</table>
		<table name="#traits">20 30</table>
		<set name="icon" val="icon.accessory_earring_of_zaken_i00" />
		<set name="magicLevel" val="#magicLevel" />
		<set name="operateType" val="P" />
		<set name="targetType" val="SELF" />
		<for>
			<effect name="Buff">
				<mul stat="healEffect" val="#healEffect" />
				<add stat="absorbDam" val="4" />
				<add stat="darkRes" val="#darkRes" />
			</effect>
			<effect name="AttackTrait">
				<param BLEED="30" />
				<param SHOCK="#traits" />
				<param DERANGEMENT="#traits" />
			</effect>
			<effect name="DefenceTrait">
				<param BLEED="30" />
				<param SHOCK="#traits" />
				<param DERANGEMENT="#traits" />
			</effect>
		</for>
	</skill>
	<skill id="3560" levels="1" name="Earring of Orfen">
		<!-- Increases healing from heal spells and resistance to Bleed attack. -->
		<set name="icon" val="icon.accessory_earring_of_orfen_i00" />
		<set name="magicLevel" val="75" />
		<set name="operateType" val="P" />
		<set name="targetType" val="SELF" />
		<for>
			<effect name="Buff">
				<mul stat="healEffect" val="1.06" />
			</effect>
			<effect name="AttackTrait">
				<param BLEED="20" />
			</effect>
			<effect name="DefenceTrait">
				<param BLEED="20" />
			</effect>
		</for>
	</skill>
	<skill id="3561" levels="1" name="Ring of Baium">
		<!-- Increases resistance to poison/hold attacks and critical attack damage. Also increases Accuracy, Atk. Spd. and Casting Spd. -->
		<set name="icon" val="icon.accessory_ring_of_baium_i00" />
		<set name="magicLevel" val="75" />
		<set name="operateType" val="P" />
		<set name="targetType" val="SELF" />
		<for>
			<effect name="Buff">
				<add stat="accCombat" val="2" />
				<mul stat="critDmg" val="1.15" />
				<mul stat="pAtkSpd" val="1.04" />
				<mul stat="mAtkSpd" val="1.04" />
			</effect>
			<effect name="AttackTrait">
				<param POISON="40" />
				<param HOLD="30" />
			</effect>
			<effect name="DefenceTrait">
				<param POISON="40" />
				<param HOLD="30" />
			</effect>
		</for>
	</skill>
	<skill id="3562" levels="1" name="Ring of Ant Queen">
		<!-- Increases resistance to poison/hold attacks and critical attack damage. Also increases Accuracy. -->
		<set name="icon" val="icon.accessory_ring_of_queen_ant_i00" />
		<set name="magicLevel" val="75" />
		<set name="operateType" val="P" />
		<set name="targetType" val="SELF" />
		<for>
			<effect name="Buff">
				<add stat="accCombat" val="2" />
				<mul stat="critDmg" val="1.15" />
			</effect>
			<effect name="AttackTrait">
				<param POISON="30" />
				<param HOLD="20" />
			</effect>
			<effect name="DefenceTrait">
				<param POISON="30" />
				<param HOLD="20" />
			</effect>
		</for>
	</skill>
	<skill id="3563" levels="1" name="Ring of Core">
		<!-- Increases Accuracy, and resistance to Poison attack. -->
		<set name="icon" val="icon.accessory_ring_of_core_i00" />
		<set name="magicLevel" val="75" />
		<set name="operateType" val="P" />
		<set name="targetType" val="SELF" />
		<for>
			<effect name="Buff">
				<add stat="accCombat" val="1" />
			</effect>
			<effect name="AttackTrait">
				<param POISON="20" />
			</effect>
			<effect name="DefenceTrait">
				<param POISON="20" />
			</effect>
		</for>
	</skill>
	<skill id="3564" levels="3" name="Special Ability: Haste">
		<!-- Increases Atk.Speed and enhances damage to target during PvP. -->
		<table name="#magicLevel">75 80 84</table>
		<table name="#pAtkSpd">1.07 1.1 1.11</table>
		<set name="icon" val="icon.skill1086" />
		<set name="magicLevel" val="#magicLevel" />
		<set name="operateType" val="P" />
		<set name="targetType" val="SELF" />
		<for>
			<effect name="Buff">
				<mul stat="pAtkSpd" val="#pAtkSpd" />
				<mul stat="pvpPhysDmg" val="1.05" />
				<mul stat="pvpPhysSkillsDmg" val="1.05" />
				<mul stat="pvpMagicalDmg" val="1.05" />
			</effect>
		</for>
	</skill>
	<skill id="3565" levels="3" name="Special Ability: Focus">
		<!-- Increases critical attack success rate and damage inflicted during PvP. -->
		<table name="#magicLevel">75 80 84</table>
		<table name="#rCrit">80.6 107 96</table>
		<set name="icon" val="icon.skill1077" />
		<set name="magicLevel" val="#magicLevel" />
		<set name="operateType" val="P" />
		<set name="targetType" val="SELF" />
		<for>
			<effect name="Buff">
				<add stat="critRate" val="#rCrit" />
				<mul stat="pvpPhysDmg" val="1.05" />
				<mul stat="pvpPhysSkillsDmg" val="1.05" />
				<mul stat="pvpMagicalDmg" val="1.05" />
			</effect>
		</for>
	</skill>
	<skill id="3566" levels="3" name="Special Ability: Focus">
		<!-- Increases critical attack success rate and damage inflicted during PvP. -->
		<table name="#magicLevel">75 80 84</table>
		<table name="#rCrit">84.3 111.5 100.1</table>
		<set name="icon" val="icon.skill1077" />
		<set name="magicLevel" val="#magicLevel" />
		<set name="operateType" val="P" />
		<set name="targetType" val="SELF" />
		<for>
			<effect name="Buff">
				<add stat="critRate" val="#rCrit" />
				<mul stat="pvpPhysDmg" val="1.05" />
				<mul stat="pvpPhysSkillsDmg" val="1.05" />
				<mul stat="pvpMagicalDmg" val="1.05" />
			</effect>
		</for>
	</skill>
	<skill id="3567" levels="3" name="Special Ability: Focus">
		<!-- Increases critical attack success rate and damage inflicted during PvP. -->
		<table name="#magicLevel">75 80 84</table>
		<table name="#rCrit">88.1 116 104.1</table>
		<set name="icon" val="icon.skill1077" />
		<set name="magicLevel" val="#magicLevel" />
		<set name="operateType" val="P" />
		<set name="targetType" val="SELF" />
		<for>
			<effect name="Buff">
				<add stat="critRate" val="#rCrit" />
				<mul stat="pvpPhysDmg" val="1.05" />
				<mul stat="pvpPhysSkillsDmg" val="1.05" />
				<mul stat="pvpMagicalDmg" val="1.05" />
			</effect>
		</for>
	</skill>
	<skill id="3568" levels="2" name="Special Ability: HP Drain">
		<!-- Partially restores HP using damage inflicted upon the enemy. Excludes damage from skill or range attack. Enhances damage to target during PvP. -->
		<table name="#absorbDam">3 4</table>
		<table name="#magicLevel">75 84</table>
		<set name="icon" val="icon.skill1268" />
		<set name="magicLevel" val="#magicLevel" />
		<set name="operateType" val="P" />
		<set name="targetType" val="SELF" />
		<for>
			<effect name="Buff">
				<add stat="absorbDam" val="#absorbDam" />
				<mul stat="pvpPhysDmg" val="1.05" />
				<mul stat="pvpPhysSkillsDmg" val="1.05" />
				<mul stat="pvpMagicalDmg" val="1.05" />
			</effect>
		</for>
	</skill>
	<skill id="3569" levels="4" name="Special Ability: HP Regeneration">
		<!-- Increases HP regeneration rate and enhances damage to target during PvP. -->
		<table name="#magicLevel">75 84 84 84</table>
		<table name="#regHp">2.04 4.92 5.15 5.18</table>
		<set name="icon" val="icon.skill1044" />
		<set name="magicLevel" val="#magicLevel" />
		<set name="operateType" val="P" />
		<set name="targetType" val="SELF" />
		<for>
			<effect name="Buff">
				<add stat="regHp" val="#regHp" />
				<mul stat="pvpPhysDmg" val="1.05" />
				<mul stat="pvpPhysSkillsDmg" val="1.05" />
				<mul stat="pvpMagicalDmg" val="1.05" />
			</effect>
		</for>
	</skill>
	<skill id="3570" levels="1" name="Special Ability: Robust Health">
		<!-- Increases Max HP, Max MP, Max CP and enhances damage to target during PvP. -->
		<set name="icon" val="icon.skill1311" />
		<set name="magicLevel" val="75" />
		<set name="operateType" val="P" />
		<set name="targetType" val="SELF" />
		<for>
			<effect name="Buff">
				<mul stat="maxHp" val="1.15" />
				<mul stat="maxMp" val="1.2" />
				<mul stat="maxCp" val="1.3" />
				<mul stat="pvpPhysDmg" val="1.05" />
				<mul stat="pvpPhysSkillsDmg" val="1.05" />
				<mul stat="pvpMagicalDmg" val="1.05" />
			</effect>
		</for>
	</skill>
	<skill id="3571" levels="2" name="Special Ability: Crt. Stun">
		<!-- Temporarily stuns and paralyzes target. -->
		<table name="#activateRates">27 43</table>
		<table name="#magicLevel">75 84</table>
		<set name="abnormalLevel" val="1" />
		<set name="abnormalTime" val="9" />
		<set name="abnormalType" val="STUN" />
		<set name="abnormalVisualEffect" val="STUN" />
		<set name="activateRate" val="#activateRates" />
		<set name="basicProperty" val="CON" />
		<set name="effectPoint" val="-100" />
		<set name="icon" val="icon.skill0100" />
		<set name="isDebuff" val="true" />
		<set name="lvlBonusRate" val="1" />
		<set name="magicLevel" val="#magicLevel" />
		<set name="operateType" val="A2" />
		<set name="targetType" val="ONE" />
		<set name="trait" val="SHOCK" />
		<for>
			<effect name="Stun" />
		</for>
	</skill>
	<skill id="3572" levels="4" name="Special Ability: Crt. Damage">
		<!-- Increases critical attack success rate and damage inflicted during PvP. -->
		<table name="#cAtkAdd">265 906 999 1059</table>
		<table name="#magicLevel">75 84 85 86</table>
		<set name="icon" val="icon.skill0193" />
		<set name="magicLevel" val="#magicLevel" />
		<set name="operateType" val="P" />
		<set name="targetType" val="SELF" />
		<for>
			<effect name="Buff">
				<add stat="critDmgAdd" val="#cAtkAdd" />
				<mul stat="pvpPhysDmg" val="1.05" />
				<mul stat="pvpPhysSkillsDmg" val="1.05" />
				<mul stat="pvpMagicalDmg" val="1.05" />
			</effect>
		</for>
	</skill>
	<skill id="3573" levels="3" name="Special Ability: Guidance">
		<!-- Increases Accuracy and enhances damage to target during PvP. -->
		<table name="#accCombat">5.27 5.32 7.5</table>
		<table name="#magicLevel">75 80 84</table>
		<set name="icon" val="icon.skill1240" />
		<set name="magicLevel" val="#magicLevel" />
		<set name="operateType" val="P" />
		<set name="targetType" val="SELF" />
		<for>
			<effect name="Buff">
				<add stat="accCombat" val="#accCombat" />
				<mul stat="pvpPhysDmg" val="1.05" />
				<mul stat="pvpPhysSkillsDmg" val="1.05" />
				<mul stat="pvpMagicalDmg" val="1.05" />
			</effect>
		</for>
	</skill>
	<skill id="3574" levels="3" name="Special Ability: Crt. Slow">
		<!-- Temporarily decreases Speed. Effect 3. -->
		<table name="#activateRates">16 24 33</table>
		<table name="#magicLevel">75 84 84</table>
		<set name="abnormalLevel" val="3" />
		<set name="abnormalTime" val="120" />
		<set name="abnormalType" val="SPEED_DOWN" />
		<set name="activateRate" val="#activateRates" />
		<set name="basicProperty" val="MEN" />
		<set name="castRange" val="1000" />
		<set name="effectPoint" val="-100" />
		<set name="effectRange" val="1500" />
		<set name="icon" val="icon.skill1160" />
		<set name="isDebuff" val="true" />
		<set name="lvlBonusRate" val="1" />
		<set name="magicLevel" val="#magicLevel" />
		<set name="operateType" val="A2" />
		<set name="targetType" val="ONE" />
		<for>
			<effect name="Debuff">
				<mul stat="runSpd" val="0.7" />
			</effect>
		</for>
	</skill>
	<skill id="3575" levels="4" name="Special Ability: Empower Option">
		<!-- Increases M. Atk. Enhances damage to target during PvP. -->
		<table name="#magicLevel">75 84 85 86</table>
		<table name="#mAtk">60.09 151.09 166.54 176.53</table>
		<set name="icon" val="icon.skill1059" />
		<set name="magicLevel" val="#magicLevel" />
		<set name="operateType" val="P" />
		<set name="targetType" val="SELF" />
		<for>
			<effect name="Buff">
				<add stat="mAtk" val="#mAtk" />
				<mul stat="pvpPhysDmg" val="1.05" />
				<mul stat="pvpPhysSkillsDmg" val="1.05" />
				<mul stat="pvpMagicalDmg" val="1.05" />
			</effect>
		</for>
	</skill>
	<skill id="3576" levels="4" name="Special Ability: MP Regeneration">
		<!-- Increases MP regeneration rate and enhances damage to target during PvP. -->
		<table name="#magicLevel">75 84 85 86</table>
		<table name="#regMp">0.54 1.95 2.04 2.05</table>
		<set name="icon" val="icon.skill1047" />
		<set name="magicLevel" val="#magicLevel" />
		<set name="operateType" val="P" />
		<set name="targetType" val="SELF" />
		<for>
			<effect name="Buff">
				<add stat="regMp" val="#regMp" />
				<mul stat="pvpPhysDmg" val="1.05" />
				<mul stat="pvpPhysSkillsDmg" val="1.05" />
				<mul stat="pvpMagicalDmg" val="1.05" />
			</effect>
		</for>
	</skill>
	<skill id="3577" levels="2" name="Special Ability: Magic Hold">
		<!-- Magically immobilizes target. -->
		<set name="abnormalLevel" val="1" />
		<set name="abnormalTime" val="30" />
		<set name="abnormalType" val="ROOT_MAGICALLY" />
		<set name="abnormalVisualEffect" val="ROOT" />
		<set name="activateRate" val="80" />
		<set name="basicProperty" val="MEN" />
		<set name="castRange" val="1000" />
		<set name="effectPoint" val="-100" />
		<set name="effectRange" val="1500" />
		<set name="icon" val="icon.skill1201" />
		<set name="isDebuff" val="true" />
		<set name="isMagic" val="1" /> <!-- Magic Skill -->
		<set name="lvlBonusRate" val="2" />
		<set name="magicLevel" val="84" />
		<set name="operateType" val="A2" />
		<set name="targetType" val="ONE" />
		<set name="trait" val="HOLD" />
		<for>
			<effect name="Root" />
		</for>
	</skill>
	<skill id="3578" levels="1" name="Special Ability: Infinity Blade">
		<!-- Decreases enemy's P. Def. during critical attacks. Also increases Max HP, Max MP, Max CP, shield defense capability and damage inflicted during PvP. Reflects some of the damage received back to the enemy (does not include damage from skill or range attacks). -->
		<set name="icon" val="icon.weapon_the_sword_of_hero_i00" />
		<set name="magicLevel" val="80" />
		<set name="operateType" val="P" />
		<set name="targetType" val="SELF" />
		<for>
			<effect name="Buff">
				<mul stat="maxHp" val="1.25" />
				<mul stat="maxMp" val="1.3" />
				<mul stat="maxCp" val="1.5" />
				<mul stat="sDef" val="1.33" />
				<mul stat="pvpPhysDmg" val="1.05" />
				<mul stat="pvpMagicalDmg" val="1.05" />
				<mul stat="pvpPhysSkillsDmg" val="1.05" />
				<add stat="reflectDam" val="9" />
			</effect>
		</for>
	</skill>
	<skill id="3579" levels="1" name="Decrease P. Def.">
		<!-- Temporarily decreases P. Def. Effect 3 -->
		<set name="abnormalLevel" val="3" />
		<set name="abnormalTime" val="120" />
		<set name="abnormalType" val="PD_DOWN" />
		<set name="activateRate" val="4" />
		<set name="basicProperty" val="MEN" />
		<set name="icon" val="icon.skill0122" />
		<set name="isDebuff" val="true" />
		<set name="lvlBonusRate" val="1" />
		<set name="magicLevel" val="80" />
		<set name="operateType" val="A2" />
		<set name="targetType" val="ONE" />
		<for>
			<effect name="Debuff">
				<mul stat="pDef" val="0.77" />
			</effect>
		</for>
	</skill>
	<skill id="3580" levels="1" name="Special Ability: Infinity Axe">
		<!-- Dazzles the enemy to distraction during a critical attack. Also increases Max HP, Max MP, Max CP, shield defense capability and damage inflicted during PvP. Reflects some of the damage received back to the enemy (does not include damage from skill or range attacks). -->
		<set name="icon" val="icon.weapon_the_axe_of_hero_i00" />
		<set name="magicLevel" val="80" />
		<set name="operateType" val="P" />
		<set name="targetType" val="SELF" />
		<for>
			<effect name="Buff">
				<mul stat="maxHp" val="1.25" />
				<mul stat="maxMp" val="1.3" />
				<mul stat="maxCp" val="1.5" />
				<mul stat="rShld" val="1.39" />
				<mul stat="pvpPhysDmg" val="1.05" />
				<mul stat="pvpMagicalDmg" val="1.05" />
				<mul stat="pvpPhysSkillsDmg" val="1.05" />
				<add stat="reflectDam" val="9" />
			</effect>
		</for>
	</skill>
	<skill id="3581" levels="1" name="Discord">
		<set name="magicLevel" val="80" />
		<set name="operateType" val="A1" />
		<set name="targetType" val="ONE" />
		<for>
			<!-- FIXME: this should be "Distrust" effect -->
			<effect name="Confuse" abnormalTime="20">
				<param chance="20" />
			</effect>
		</for>
	</skill>
	<skill id="3582" levels="1" name="Special Ability: Infinity Cleaver">
		<!-- Increases critical attack success rate/power, Max HP, Max CP and damage inflicted during PvP. Inflicts extra damage on critical attack. Reflects debuff attack back on enemy. -->
		<set name="icon" val="icon.weapon_the_two_handed_sword_of_hero_i00" />
		<set name="magicLevel" val="80" />
		<set name="operateType" val="P" />
		<set name="targetType" val="SELF" />
		<for>
			<effect name="Buff">
				<add stat="critDmgAdd" val="504" />
				<mul stat="maxHp" val="1.25" />
				<mul stat="maxCp" val="1.5" />
				<add stat="critRate" val="78.7" />
				<mul stat="pvpPhysDmg" val="1.05" />
				<mul stat="pvpMagicalDmg" val="1.05" />
				<mul stat="pvpPhysSkillsDmg" val="1.05" />
				<add stat="reflectSkillPhysic" val="10" />
				<add stat="reflectSkillMagic" val="10" />
			</effect>
		</for>
	</skill>
	<skill id="3583" levels="1" name="Special Ability: Infinity Crusher">
		<!-- Throws enemy into a state of shock during a critical attack. Increases Max HP, Max CP, Atk. Spd. and damage inflicted during PvP. Reflects debuff attack back on enemy. -->
		<set name="icon" val="icon.weapon_the_hammer_of_hero_i00" />
		<set name="magicLevel" val="80" />
		<set name="operateType" val="P" />
		<set name="targetType" val="SELF" />
		<for>
			<effect name="Buff">
				<mul stat="maxHp" val="1.25" />
				<mul stat="maxCp" val="1.5" />
				<mul stat="pAtkSpd" val="1.07" />
				<mul stat="pvpPhysDmg" val="1.05" />
				<mul stat="pvpMagicalDmg" val="1.05" />
				<mul stat="pvpPhysSkillsDmg" val="1.05" />
				<add stat="reflectSkillPhysic" val="10" />
				<add stat="reflectSkillMagic" val="10" />
			</effect>
		</for>
	</skill>
	<skill id="3584" levels="1" name="Shock">
		<!-- Instantly throws enemy into a state of shock, immobilizing them. -->
		<set name="abnormalLevel" val="1" />
		<set name="abnormalTime" val="9" />
		<set name="abnormalType" val="STUN" />
		<set name="abnormalVisualEffect" val="STUN" />
		<set name="activateRate" val="25" />
		<set name="basicProperty" val="CON" />
		<set name="effectPoint" val="-100" />
		<set name="icon" val="icon.skill0100" />
		<set name="isDebuff" val="true" />
		<set name="lvlBonusRate" val="1" />
		<set name="magicLevel" val="80" />
		<set name="operateType" val="A2" />
		<set name="targetType" val="ONE" />
		<set name="trait" val="SHOCK" />
		<for>
			<effect name="Stun" />
		</for>
	</skill>
	<skill id="3585" levels="1" name="Infinity Wing">
		<!-- Blocks enemy's ability to use physical skills during a critical attack. Increases Max HP, Max MP, Max CP, critical attack rate and damage inflicted during PvP. Reflects debuff attack back on enemy. -->
		<set name="icon" val="icon.weapon_the_dualsword_of_hero_i00" />
		<set name="magicLevel" val="80" />
		<set name="operateType" val="P" />
		<set name="targetType" val="SELF" />
		<for>
			<effect name="Buff">
				<mul stat="maxHp" val="1.25" />
				<mul stat="maxMp" val="1.3" />
				<mul stat="maxCp" val="1.5" />
				<add stat="critRate" val="78.7" />
				<mul stat="pvpPhysDmg" val="1.05" />
				<mul stat="pvpMagicalDmg" val="1.05" />
				<mul stat="pvpPhysSkillsDmg" val="1.05" />
				<add stat="reflectSkillPhysic" val="10" />
				<add stat="reflectSkillMagic" val="10" />
			</effect>
		</for>
	</skill>
	<skill id="3586" levels="1" name="Physical Skill Restraint">
		<!-- Temporarily blocks opponent's ability to use physical skills. -->
		<set name="abnormalLevel" val="1" />
		<set name="abnormalTime" val="60" />
		<set name="abnormalType" val="SILENCE_PHYSICAL" />
		<set name="abnormalVisualEffect" val="SILENCE" />
		<set name="activateRate" val="10" />
		<set name="basicProperty" val="MEN" />
		<set name="effectPoint" val="-100" />
		<set name="icon" val="icon.skill1064" />
		<set name="isDebuff" val="true" />
		<set name="lvlBonusRate" val="2" />
		<set name="magicLevel" val="80" />
		<set name="operateType" val="A2" />
		<set name="targetType" val="ONE" />
		<set name="trait" val="DERANGEMENT" />
		<for>
			<effect name="PhysicalMute" />
		</for>
	</skill>
	<skill id="3587" levels="1" name="Special Ability: Infinity Fang">
		<!-- Throws the enemy into a state of shock during a critical attack. Increases Max HP, Max MP, Max CP, Evasion and damage inflicted during PvP. Reflects debuff attack back on enemy. -->
		<set name="icon" val="icon.weapon_the_fist_of_hero_i00" />
		<set name="magicLevel" val="80" />
		<set name="operateType" val="P" />
		<set name="targetType" val="SELF" />
		<for>
			<effect name="Buff">
				<mul stat="maxHp" val="1.25" />
				<mul stat="maxMp" val="1.3" />
				<mul stat="maxCp" val="1.5" />
				<add stat="rEvas" val="3.15" />
				<mul stat="pvpPhysDmg" val="1.05" />
				<mul stat="pvpMagicalDmg" val="1.05" />
				<mul stat="pvpPhysSkillsDmg" val="1.05" />
				<add stat="reflectSkillPhysic" val="10" />
				<add stat="reflectSkillMagic" val="10" />
			</effect>
		</for>
	</skill>
	<skill id="3588" levels="1" name="Shock">
		<!-- Instantly throws enemy into a state of shock, immobilizing them. -->
		<set name="abnormalLevel" val="1" />
		<set name="abnormalTime" val="9" />
		<set name="abnormalType" val="STUN" />
		<set name="abnormalVisualEffect" val="STUN" />
		<set name="activateRate" val="25" />
		<set name="basicProperty" val="CON" />
		<set name="effectPoint" val="-100" />
		<set name="icon" val="icon.skill0100" />
		<set name="isDebuff" val="true" />
		<set name="lvlBonusRate" val="1" />
		<set name="magicLevel" val="80" />
		<set name="operateType" val="A2" />
		<set name="targetType" val="ONE" />
		<set name="trait" val="SHOCK" />
		<for>
			<effect name="Stun" />
		</for>
	</skill>
	<skill id="3589" levels="1" name="Special Ability: Infinity Stinger">
		<!-- Blocks enemy's ability to use magic skills during a critical attack. Increases Max MP, Max CP, Atk. Spd., MP regeneration rate, critical attack rate when attacking the enemy from behind, and damage inflicted during PvP. Restores HP by using some of the damage inflicted upon the enemy (does not include damage from skill or range attacks). -->
		<set name="icon" val="icon.weapon_the_dagger_of_hero_i00" />
		<set name="magicLevel" val="80" />
		<set name="operateType" val="P" />
		<set name="targetType" val="SELF" />
		<for>
			<effect name="Buff">
				<mul stat="maxMp" val="1.3" />
				<mul stat="maxCp" val="1.5" />
				<mul stat="pAtkSpd" val="1.03" />
				<add stat="regMp" val="0.51" />
				<mul stat="critRatePos" val="1.22">
					<player behind="true" />
				</mul>
				<mul stat="pvpPhysDmg" val="1.05" />
				<mul stat="pvpMagicalDmg" val="1.05" />
				<mul stat="pvpPhysSkillsDmg" val="1.05" />
				<add stat="absorbDam" val="2" />
			</effect>
		</for>
	</skill>
	<skill id="3590" levels="1" name="Silence">
		<!-- Temporarily blocks the use of magic skills. -->
		<set name="abnormalLevel" val="1" />
		<set name="abnormalTime" val="120" />
		<set name="abnormalType" val="SILENCE" />
		<set name="abnormalVisualEffect" val="SILENCE" />
		<set name="activateRate" val="5" />
		<set name="basicProperty" val="MEN" />
		<set name="effectPoint" val="-100" />
		<set name="icon" val="icon.skill1064" />
		<set name="isDebuff" val="true" />
		<set name="lvlBonusRate" val="1" />
		<set name="magicLevel" val="80" />
		<set name="operateType" val="A2" />
		<set name="targetType" val="ONE" />
		<set name="trait" val="DERANGEMENT" />
		<for>
			<effect name="Mute" />
		</for>
	</skill>
	<skill id="3591" levels="1" name="Special Ability: Infinity Spear">
		<!-- During a critical attack, this ability removes one or more of the enemy's buffs. It increases the character's Maximum HP, Maximum CP, Atk. Spd., and Accuracy, and gives a bonus to damage inflicted on an enemy during PvP. It reflects debuffs targeted upon the character back upon the enemy. It enables the character to attack multiple enemies. -->
		<set name="icon" val="icon.weapon_the_pole_of_hero_i00" />
		<set name="magicLevel" val="80" />
		<set name="operateType" val="P" />
		<set name="targetType" val="SELF" />
		<for>
			<effect name="Buff">
				<mul stat="maxHp" val="1.25" />
				<mul stat="maxCp" val="1.5" />
				<mul stat="pAtkSpd" val="1.07" />
				<add stat="accCombat" val="4.89" />
				<mul stat="pvpPhysDmg" val="1.05" />
				<mul stat="pvpMagicalDmg" val="1.05" />
				<mul stat="pvpPhysSkillsDmg" val="1.05" />
				<add stat="reflectSkillPhysic" val="10" />
				<add stat="reflectSkillMagic" val="10" />
				<add stat="atkCountMax" val="4" />
			</effect>
		</for>
	</skill>
	<skill id="3592" levels="1" name="Dispell">
		<set name="magicLevel" val="80" />
		<set name="operateType" val="A1" />
		<set name="targetType" val="ONE" />
		<for>
			<effect name="DispelByCategory">
				<param slot="buff" rate="10" max="5" />
			</effect>
		</for>
	</skill>
	<skill id="3593" levels="1" name="Special Ability: Infinity Bow">
		<!-- Decreases enemy's Speed during a critical attack. Increases Max MP, Max CP and damage inflicted during PvP. The skill re-use time is shortened, and MP consumption is reduced. -->
		<set name="icon" val="icon.weapon_the_bow_of_hero_i00" />
		<set name="magicLevel" val="80" />
		<set name="operateType" val="P" />
		<set name="targetType" val="SELF" />
		<for>
			<effect name="Buff">
				<mul stat="maxMp" val="1.3" />
				<mul stat="maxCp" val="1.5" />
				<mul stat="pvpPhysDmg" val="1.07" />
				<mul stat="pvpMagicalDmg" val="1.07" />
				<mul stat="pvpPhysSkillsDmg" val="1.07" />
			</effect>
		</for>
	</skill>
	<skill id="3594" levels="1" name="Slow">
		<!-- Temporarily reduces target's Speed. Effect 3. -->
		<set name="abnormalLevel" val="3" />
		<set name="abnormalTime" val="120" />
		<set name="abnormalType" val="SPEED_DOWN" />
		<set name="activateRate" val="7" />
		<set name="basicProperty" val="MEN" />
		<set name="effectPoint" val="-100" />
		<set name="icon" val="icon.skill1160" />
		<set name="isDebuff" val="true" />
		<set name="lvlBonusRate" val="1" />
		<set name="magicLevel" val="80" />
		<set name="operateType" val="A2" />
		<set name="targetType" val="ONE" />
		<for>
			<effect name="Debuff">
				<mul stat="runSpd" val="0.7" />
			</effect>
		</for>
	</skill>
	<skill id="3595" levels="1" name="Special Ability: Infinity Scepter">
		<!-- When using good magic, regenerates HP by 100%. Also increases Max HP, Max CP, M. Atk., damage magic critical attack rate and damage inflicted during PvP. When casting magic, reduces MP consumption and cancel rate. -->
		<set name="icon" val="icon.weapon_the_staff_of_hero_i00" />
		<set name="magicLevel" val="80" />
		<set name="operateType" val="P" />
		<set name="targetType" val="SELF" />
		<for>
			<effect name="Buff">
				<mul stat="maxMp" val="1.3" />
				<mul stat="maxCp" val="1.5" />
				<add stat="mAtk" val="29.67" />
				<add stat="mCritRate" val="1" />
				<mul stat="pvpPhysDmg" val="1.05" />
				<mul stat="pvpMagicalDmg" val="1.05" />
				<mul stat="pvpPhysSkillsDmg" val="1.05" />
				<mul stat="magicalMpConsumeRate" val="0.96" />
				<sub stat="cancel" val="106" />
			</effect>
		</for>
	</skill>
	<skill id="3596" levels="1" name="Full Recover">
		<set name="effectPoint" val="100" />
		<set name="magicLevel" val="80" />
		<set name="operateType" val="A1" />
		<set name="targetType" val="ONE" />
		<!-- TODO: Remove this condition when proper target type is done -->
		<cond msgId="113" addName="1">
			<not>
				<target npcType="Attackable" />
			</not>
		</cond>
		<for>
			<effect name="HealPercent">
				<param power="100" />
			</effect>
		</for>
	</skill>
	<skill id="3597" levels="1" name="Special Ability: Infinity Rod">
		<!-- When using good magic, regenerates HP by 100%. Also increases Max HP, Max CP, Casting Spd., MP regeneration rate and damage inflicted during PvP. -->
		<set name="icon" val="icon.weapon_the_mace_of_hero_i00" />
		<set name="magicLevel" val="80" />
		<set name="operateType" val="P" />
		<set name="targetType" val="SELF" />
		<for>
			<effect name="Buff">
				<mul stat="maxMp" val="1.3" />
				<mul stat="maxCp" val="1.5" />
				<mul stat="mAtkSpd" val="1.15" />
				<add stat="regMp" val="0.51" />
				<mul stat="pvpPhysDmg" val="1.05" />
				<mul stat="pvpMagicalDmg" val="1.05" />
				<mul stat="pvpPhysSkillsDmg" val="1.05" />
			</effect>
		</for>
	</skill>
	<skill id="3598" levels="1" name="Full Recover">
		<set name="effectPoint" val="100" />
		<set name="magicLevel" val="80" />
		<set name="operateType" val="A1" />
		<set name="targetType" val="ONE" />
		<!-- TODO: Remove this condition when proper target type is done -->
		<cond>
			<not>
				<target npcType="Attackable" />
			</not>
		</cond>
		<for>
			<effect name="HealPercent">
				<param power="100" />
			</effect>
		</for>
	</skill>
	<skill id="3599" levels="1" name="Polearm Multi-attack">
		<!-- Enables the character to attack multiple opponents. -->
		<set name="icon" val="icon.skill0216" />
		<set name="magicLevel" val="1" />
		<set name="operateType" val="P" />
		<set name="targetType" val="SELF" />
		<for>
			<effect name="Buff">
				<add stat="atkCountMax" val="4" />
			</effect>
		</for>
	</skill>
</list>
